symbol,date,OPEN,CLOSE,MID,B_ALL_RAW,JF_RAW,B_SETUP,B_ENTRY_SIGNAL,B_SETUP_EXPIRED,B_SIGNAL,ICON_JUEFAN,S_SIGNAL,raw_b_count20,raw_b_suppressed,no_raw_buy,pending_setup_date,resolved_setup_date,resolved_setup_status,pending_setup_age,pending_B_BASE_BULL,pending_B_STAGE_COMPONENT,pending_B_BEAR_RECOVER,pending_B_CRASH_RECOVER,resolved_B_BASE_BULL,resolved_B_STAGE_COMPONENT,resolved_B_BEAR_RECOVER,resolved_B_CRASH_RECOVER,raw_B_BASE_BULL,raw_B_STAGE_COMPONENT,raw_B_BEAR_RECOVER,raw_B_CRASH_RECOVER,position,flat_origin,flat_since,flat_bar,held_trade_id,entry_today,exit_today,terminal_today,pending_buy,source_trusted,event_type,raw_b_state,reference_open_date,outcome_date,actual_entry_date,actual_entry_kind,reference_open,ret20_pct,mfe20_pct,mae20_pct,outcome_complete,win,interference,next_entry_observed,drives_entry,B_BASE_BULL,B_STAGE_COMPONENT,B_BEAR_RECOVER,B_CRASH_RECOVER
TQQQ,2022-01-24,25.65776622595976,27.392108917236328,35.4656177520752,False,True,False,False,False,False,True,False,0,False,False,,,,,False,False,False,False,False,False,False,False,False,False,False,False,flat,initial,2021-08-27,103,,False,False,False,True,True,raw_jf,,2022-01-25,2022-02-22,2022-01-25,JF,25.80071632125625,-9.732234632439473,20.72020291059342,-12.816263763550573,True,False,True,True,False,False,False,False,False
TQQQ,2022-01-24,25.65776622595976,27.392108917236328,35.4656177520752,False,True,False,False,False,False,True,False,0,False,False,,,,,False,False,False,False,False,False,False,False,False,False,False,False,flat,initial,2021-08-27,103,,False,False,False,True,True,tradable_jf,,2022-01-25,2022-02-22,2022-01-25,JF,25.80071632125625,-9.732234632439473,20.72020291059342,-12.816263763550573,True,False,True,True,True,False,False,False,False
TQQQ,2022-01-31,27.182468138548913,29.459983825683594,31.90033092498779,True,False,True,False,False,False,False,False,1,False,False,2022-01-31,,,0,False,False,False,True,False,False,False,False,False,False,False,True,held,,,,TQQQ:2022-01-25,False,False,False,False,True,raw_b,accepted,2022-02-01,2022-03-01,,,29.741100895224044,-19.833384737711302,4.726039581166974,-34.940723469542746,True,False,True,False,False,False,False,False,True
TQQQ,2022-02-01,29.741100895224044,30.022216796875,31.362994575500487,True,False,False,False,False,False,False,False,2,True,False,2022-01-31,,,1,False,False,False,True,False,False,False,False,False,False,False,True,held,,,,TQQQ:2022-01-25,False,False,False,False,True,raw_b,suppressed,2022-02-02,2022-03-02,,,31.07520625413334,-19.610554765784805,0.2299931356506857,-37.733816096385745,True,False,True,False,False,False,False,False,True
TQQQ,2022-02-02,31.07520625413334,30.732149124145508,30.940367794036867,True,False,False,False,False,False,False,False,3,True,False,2022-01-31,,,2,False,False,False,True,False,False,False,False,False,False,False,True,held,,,,TQQQ:2022-01-25,False,False,False,False,True,raw_b,suppressed,2022-02-03,2022-03-03,,,28.26405237397792,-15.306818886390117,6.338497412348687,-31.54079670316272,True,False,True,False,False,False,False,False,True
TQQQ,2022-02-09,29.33133783650971,30.0174503326416,29.18148832321167,True,False,False,False,False,False,False,False,4,True,False,,,,,False,False,False,False,False,False,False,False,False,False,False,True,held,,,,TQQQ:2022-01-25,False,False,False,False,True,raw_b,suppressed,2022-02-10,2022-03-10,,,28.259281973336833,-23.891400157505128,6.069800018150517,-31.52924022315011,True,False,True,False,False,False,False,False,True
TQQQ,2022-02-24,19.420814107633653,23.61372947692871,26.652398586273193,False,True,False,False,False,False,True,False,4,False,False,,,,,False,False,False,False,False,False,False,False,False,False,False,False,flat,trail,2022-02-22,3,,False,False,False,True,True,raw_jf,,2022-02-25,2022-03-24,2022-02-25,JF,23.823372387867483,14.040011668695996,14.180011071545383,-20.880004399424145,True,True,False,True,False,False,False,False,False
TQQQ,2022-02-24,19.420814107633653,23.61372947692871,26.652398586273193,False,True,False,False,False,False,True,False,4,False,False,,,,,False,False,False,False,False,False,False,False,False,False,False,False,flat,trail,2022-02-22,3,,False,False,False,True,True,tradable_jf,,2022-02-25,2022-03-24,2022-02-25,JF,23.823372387867483,14.040011668695996,14.180011071545383,-20.880004399424145,True,True,False,True,True,False,False,False,False
TQQQ,2022-06-15,11.463806687077772,11.864039421081545,14.035064077377319,False,True,False,False,False,False,True,False,0,False,False,,,,,False,False,False,False,False,False,False,False,False,False,False,False,flat,trail,2022-03-15,65,,False,False,False,True,True,raw_jf,,2022-06-16,2022-07-15,2022-06-16,JF,10.953987668645077,16.528911597637407,23.966914733614942,-7.264028242366183,True,True,False,True,False,False,False,False,False
TQQQ,2022-06-15,11.463806687077772,11.864039421081545,14.035064077377319,False,True,False,False,False,False,True,False,0,False,False,,,,,False,False,False,False,False,False,False,False,False,False,False,False,flat,trail,2022-03-15,65,,False,False,False,True,True,tradable_jf,,2022-06-16,2022-07-15,2022-06-16,JF,10.953987668645077,16.528911597637407,23.966914733614942,-7.264028242366183,True,True,False,True,True,False,False,False,False
TQQQ,2022-10-13,7.8712434054620255,9.200587272644045,10.17543921470642,False,True,False,False,False,False,True,False,0,False,False,,,,,False,False,False,False,False,False,False,False,False,False,False,False,flat,S,2022-08-18,40,,False,False,False,True,True,raw_jf,,2022-10-14,2022-11-10,2022-10-14,JF,9.4578795644804,8.060440166995075,14.05539698231333,-15.113361479610987,True,True,False,True,False,False,False,False,False
TQQQ,2022-10-13,7.8712434054620255,9.200587272644045,10.17543921470642,False,True,False,False,False,False,True,False,0,False,False,,,,,False,False,False,False,False,False,False,False,False,False,False,False,flat,S,2022-08-18,40,,False,False,False,True,True,tradable_jf,,2022-10-14,2022-11-10,2022-10-14,JF,9.4578795644804,8.060440166995075,14.05539698231333,-15.113361479610987,True,True,False,True,True,False,False,False,False
TQQQ,2022-10-21,9.043352392704955,9.800935745239258,9.571754837036133,True,False,True,False,False,False,False,False,1,False,False,2022-10-21,,,0,False,False,True,False,False,False,False,False,False,False,True,False,held,,,,TQQQ:2022-10-14,False,False,False,False,True,raw_b,accepted,2022-10-24,2022-11-18,,,9.829521661349672,5.86526113103254,16.093106791662315,-18.32282063975993,True,True,False,False,False,False,False,True,False
TQQQ,2022-10-24,9.829521661349672,10.134461402893066,9.577710580825805,False,False,False,True,False,True,False,False,1,False,True,,2022-10-21,confirmed,,False,False,False,False,False,False,True,False,False,False,False,False,held,,,,TQQQ:2022-10-14,False,False,False,False,True,confirmed_b,,2022-10-25,2022-11-21,,,10.234519949628943,-1.396641556245637,11.499094589521807,-21.554932941575867,True,False,True,False,False,False,False,True,False
TQQQ,2023-01-10,8.534717878283791,8.855607986450195,8.77428982257843,True,False,True,False,False,False,False,False,1,False,False,2023-01-10,,,0,False,False,True,False,False,False,False,False,False,False,True,False,flat,trail,2022-11-04,45,,False,False,False,False,True,raw_b,accepted,2023-01-11,2023-02-08,,,8.94660598337503,33.77944110495834,46.94862922896059,-0.8565302184057155,True,True,False,False,False,False,False,True,False
TQQQ,2023-01-11,8.94660598337503,9.296232223510742,8.723325419425965,False,False,False,True,False,True,False,False,1,False,True,,2023-01-10,confirmed,,False,False,False,False,False,False,True,False,False,False,False,False,flat,trail,2022-11-04,46,,False,False,False,True,True,confirmed_b,,2023-01-12,2023-02-09,2023-01-12,B,9.348915741982776,24.59018012996257,40.62502238679389,-4.815566840116503,True,True,False,True,True,False,False,True,False
TQQQ,2023-10-06,16.80380568618457,18.113191604614254,18.155421352386476,True,False,True,False,False,False,False,False,1,False,False,2023-10-06,,,0,False,True,False,False,False,False,False,False,False,True,False,False,flat,S,2023-01-31,173,,False,False,False,False,True,raw_b,accepted,2023-10-09,2023-11-03,,,17.754322443945295,2.649567830874333,9.396352186260849,-16.771365077416377,True,True,False,False,False,False,True,False,False
TQQQ,2023-10-09,17.754322443945295,18.379919052124023,18.062479114532472,False,False,False,True,False,True,False,False,1,False,True,,2023-10-06,confirmed,,False,False,False,False,False,True,False,False,False,False,False,False,flat,S,2023-01-31,174,,False,False,False,True,True,confirmed_b,,2023-10-10,2023-11-06,2023-10-10,B,18.433263727541377,1.062478034441483e-05,5.367022336056637,-19.836875182491276,True,True,False,True,True,False,True,False,False
TQQQ,2024-04-26,26.41228235471522,27.023338317871097,27.712367820739747,True,False,True,False,False,False,False,False,1,False,False,2024-04-26,,,0,False,True,False,False,False,False,False,False,False,True,False,False,flat,trail,2023-10-27,125,,False,False,False,False,True,raw_b,accepted,2024-04-29,2024-05-24,,,27.41441953461035,16.529968340075364,18.59843210735772,-8.701868740393582,True,True,False,False,False,False,True,False,False
TQQQ,2024-05-03,27.536628631785195,27.717500686645508,26.97690086364746,False,False,False,True,False,True,False,False,1,False,True,,2024-04-26,confirmed,,False,False,False,False,False,True,False,False,False,False,False,False,flat,trail,2023-10-27,130,,False,False,False,True,True,confirmed_b,,2024-05-06,2024-06-03,2024-05-06,B,28.06947194188976,9.961668597272189,15.830721029204176,-0.522464727668337,True,True,False,True,True,False,True,False,False
TQQQ,2024-08-05,24.206941859502784,26.312105178833008,34.88071517944336,False,True,False,False,False,False,True,False,0,False,False,,,,,False,False,False,False,False,False,False,False,False,False,False,False,flat,S,2024-07-22,11,,False,False,False,True,True,raw_jf,,2024-08-06,,2024-08-06,JF,26.562371631652507,,,,False,,,True,False,False,False,False,False
TQQQ,2024-08-05,24.206941859502784,26.312105178833008,34.88071517944336,False,True,False,False,False,False,True,False,0,False,False,,,,,False,False,False,False,False,False,False,False,False,False,False,False,flat,S,2024-07-22,11,,False,False,False,True,True,tradable_jf,,2024-08-06,,2024-08-06,JF,26.562371631652507,,,,False,,,True,True,False,False,False,False
MSFT,2022-01-24,292.20001220703125,296.3699951171875,318.5925018310547,True,False,True,False,False,False,False,False,1,False,False,2022-01-24,,,0,True,False,False,False,False,False,False,False,True,False,False,False,flat,initial,2021-08-27,103,,False,False,False,False,False,raw_b,accepted,2022-01-25,2022-02-22,,,291.5199890136719,-1.3035084852416556,8.095501849929354,-2.408064379195163,True,False,False,False,False,True,False,False,False
MSFT,2022-01-31,308.95001220703125,310.9800109863281,308.7419998168945,True,False,False,True,False,True,False,False,2,True,False,,2022-01-24,confirmed,,False,False,False,False,True,False,False,False,False,True,False,False,flat,initial,2021-08-27,108,,False,False,False,True,False,raw_b,suppressed,2022-02-01,2022-03-01,2022-02-01,B,310.4100036621094,-4.980506836985443,1.517345252894975,-12.528595789319485,True,False,True,True,False,False,True,False,False
MSFT,2022-01-31,308.95001220703125,310.9800109863281,308.7419998168945,True,False,False,True,False,True,False,False,2,True,False,,2022-01-24,confirmed,,False,False,False,False,True,False,False,False,False,True,False,False,flat,initial,2021-08-27,108,,False,False,False,True,False,confirmed_b,,2022-02-01,2022-03-01,2022-02-01,B,310.4100036621094,-4.980506836985443,1.517345252894975,-12.528595789319485,True,False,True,True,True,True,False,False,False
MSFT,2022-05-04,282.5899963378906,289.9800109863281,284.8584976196289,True,False,True,False,False,False,False,False,1,False,False,2022-05-04,,,0,False,False,True,False,False,False,False,False,False,False,True,False,held,,,,MSFT:2022-02-01,False,False,False,False,False,raw_b,accepted,2022-05-05,2022-06-02,,,285.5400085449219,-3.8383489685061,0.28367217705196346,-13.693354673050774,True,False,True,False,False,False,False,True,False
MSFT,2023-04-26,296.70001220703125,295.3699951171875,286.2474990844727,True,False,True,False,False,False,False,False,1,False,False,2023-04-26,,,0,True,False,False,False,False,False,False,False,True,False,False,False,flat,trail,2022-06-14,218,,False,False,False,False,False,raw_b,accepted,2023-04-27,2023-05-24,,,295.9700012207031,6.041154444392327,9.038078146322913,-0.24326831021168616,True,True,False,False,False,True,False,False,False
MSFT,2023-04-27,295.9700012207031,304.8299865722656,287.4634979248047,False,False,False,True,False,True,False,False,1,False,True,,2023-04-26,confirmed,,False,False,False,False,True,False,False,False,False,False,False,False,flat,trail,2022-06-14,219,,False,False,False,True,False,confirmed_b,,2023-04-28,2023-05-25,2023-04-28,B,304.010009765625,7.207000742837644,7.529352125117961,-0.2302595916400696,True,True,False,True,True,True,False,False,False
MSFT,2023-08-23,323.82000732421875,327.0,325.83099975585935,True,False,True,False,False,False,False,False,1,False,False,2023-08-23,,,0,False,True,False,False,False,False,False,False,False,True,False,False,held,,,,MSFT:2023-04-28,False,False,False,False,False,raw_b,accepted,2023-08-24,2023-09-21,,,332.8500061035156,-4.001804740864645,2.406483130889825,-5.362777760612181,True,False,False,False,False,False,True,False,False
MSFT,2023-10-25,345.0199890136719,340.6700134277344,326.6500045776367,True,False,True,False,False,False,False,False,1,False,False,2023-10-25,,,0,True,False,False,False,False,False,False,False,True,False,False,False,held,,,,MSFT:2023-04-28,False,False,False,False,False,raw_b,accepted,2023-10-26,2023-11-22,,,340.5400085449219,10.956127509955138,11.525811656524464,-3.993658824884183,True,True,False,False,False,True,False,False,False
MSFT,2024-08-13,409.5899963378906,414.010009765625,419.8839965820313,True,False,True,False,False,False,False,False,1,False,False,2024-08-13,,,0,False,True,False,False,False,False,False,False,False,True,False,False,held,,,,MSFT:2023-04-28,False,False,False,False,False,raw_b,accepted,2024-08-14,,,,414.7999877929687,,,,False,,,False,False,False,True,False,False
MSFT,2024-08-15,419.7999877929687,421.0299987792969,417.58399658203126,False,False,False,True,False,True,False,False,1,False,True,,2024-08-13,confirmed,,False,False,False,False,False,True,False,False,False,False,False,False,held,,,,MSFT:2023-04-28,False,False,False,False,False,confirmed_b,,2024-08-16,,,,420.6000061035156,,,,False,,,False,False,False,True,False,False
NFLX,2021-12-22,60.33599853515625,61.42399978637695,61.76665058135986,True,False,True,False,False,False,False,False,1,False,False,2021-12-22,,,0,False,True,False,False,False,False,False,False,False,True,False,False,flat,initial,2021-08-27,82,,False,False,False,False,False,raw_b,accepted,2021-12-23,2022-01-21,,,61.63999938964844,-35.51265348215521,0.6830003869157553,-38.35334048413732,True,False,True,False,False,False,True,False,False
NFLX,2022-01-31,40.196998596191406,42.7140007019043,48.78534984588623,True,False,True,False,False,False,False,False,1,False,False,2022-01-31,,,0,False,False,False,True,False,False,False,False,False,False,False,True,flat,initial,2021-08-27,108,,False,False,False,False,False,raw_b,accepted,2022-02-01,2022-03-01,,,43.29600143432617,-10.79083686768747,5.894304448180399,-18.07095586903966,True,False,True,False,False,False,False,False,True
NFLX,2022-02-01,43.29600143432617,45.7130012512207,48.08414993286133,True,False,False,False,False,False,False,False,2,True,False,2022-01-31,,,1,False,False,False,True,False,False,False,False,False,False,False,True,flat,initial,2021-08-27,109,,False,False,False,False,False,raw_b,suppressed,2022-02-02,2022-03-02,,,44.82500076293945,-15.219190841663044,0.8321273670589768,-20.86558947390369,True,False,True,False,False,False,False,False,True
NFLX,2022-02-09,40.8650016784668,41.28900146484375,43.73445014953613,True,False,False,False,False,False,False,False,3,True,False,,,,,False,False,False,False,False,False,False,False,False,False,False,True,flat,initial,2021-08-27,115,,False,False,False,False,False,raw_b,suppressed,2022-02-10,2022-03-10,,,40.209999084472656,-11.273317705185848,2.365083897727027,-15.2772889369982,True,False,True,False,False,False,False,False,True
NFLX,2022-05-13,17.715999603271484,18.763999938964844,20.924199771881103,True,False,True,False,False,False,False,False,1,False,False,2022-05-13,,,0,False,False,False,True,False,False,False,False,False,False,False,True,flat,initial,2021-08-27,180,,False,False,False,False,False,raw_b,accepted,2022-05-16,2022-06-13,,,19.329999923706055,-12.214175221695978,7.2840194081851495,-12.591826305564357,True,False,True,False,False,False,False,False,True
NFLX,2022-11-30,28.136999130249023,30.55299949645996,28.299300098419188,True,False,True,False,False,False,False,False,1,False,False,2022-11-30,,,0,True,False,False,False,False,False,False,False,True,False,False,False,flat,initial,2021-08-27,318,,False,False,False,False,False,raw_b,accepted,2022-12-01,2022-12-29,,,30.39900016784668,-4.233694032770208,9.450966069347832,-10.05954323395699,True,False,True,False,False,True,False,False,False
NFLX,2022-12-01,30.39900016784668,31.69499969482422,28.519050121307373,False,False,False,True,False,True,False,False,1,False,True,,2022-11-30,confirmed,,False,False,False,False,True,False,False,False,False,False,False,False,flat,initial,2021-08-27,319,,False,False,False,True,False,confirmed_b,,2022-12-02,2022-12-30,2022-12-02,B,31.048999786376953,-5.027533664098516,7.159649547645874,-11.942414276199608,True,False,True,True,True,True,False,False,False
NFLX,2023-03-23,30.468000411987305,32.0369987487793,30.783349990844727,True,False,True,False,False,False,False,False,1,False,False,2023-03-23,,,0,True,False,False,False,False,False,False,False,True,False,False,False,flat,S,2023-02-22,22,,False,False,False,False,False,raw_b,accepted,2023-03-24,2023-04-21,,,32.0629997253418,2.2923638357225773,9.097713382659588,-1.4128407163107704,True,True,False,False,False,True,False,False,False
NFLX,2023-03-24,32.0629997253418,32.8390007019043,30.839550018310547,False,False,False,True,False,True,False,False,1,False,True,,2023-03-23,confirmed,,False,False,False,False,True,False,False,False,False,False,False,False,flat,S,2023-02-22,23,,False,False,False,True,False,confirmed_b,,2023-03-27,2023-04-24,2023-03-27,B,32.755001068115234,0.44878447362943774,6.792851172540426,-3.49565080270523,True,True,False,True,True,True,False,False,False
NFLX,2023-03-30,34.027000427246094,33.84299850463867,31.095149803161622,True,False,False,False,False,False,False,False,2,True,False,,,,,False,False,False,False,False,False,False,False,False,True,False,False,held,,,,NFLX:2023-03-27,False,False,False,False,False,raw_b,suppressed,2023-03-31,2023-04-28,,,34.005001068115234,-2.9760358941631093,2.8672208307480407,-7.043083024659413,True,False,False,False,False,False,True,False,False
NFLX,2023-08-23,41.84000015258789,42.755001068115234,42.45954990386963,True,False,True,False,False,False,False,False,1,False,False,2023-08-23,,,0,False,True,False,False,False,False,False,False,False,True,False,False,flat,S,2023-07-28,19,,False,False,False,False,False,raw_b,accepted,2023-08-24,2023-09-21,,,42.54100036621094,-9.698877354000246,6.591290356019286,-9.870480891631782,True,False,True,False,False,False,True,False,False
NFLX,2023-10-19,40.4739990234375,40.176998138427734,37.3503496170044,True,False,True,False,False,False,False,False,1,False,False,2023-10-19,,,0,True,False,False,False,False,False,False,False,True,False,False,False,flat,S,2023-07-28,59,,False,False,False,False,False,raw_b,accepted,2023-10-20,2023-11-16,,,40.5629997253418,15.117225084444241,15.198582346649658,-2.4677648533429797,True,True,False,False,False,True,False,False,False
NFLX,2023-10-24,40.96799850463867,41.37300109863281,37.738699722290036,False,False,False,True,False,True,False,False,1,False,True,,2023-10-19,confirmed,,False,False,False,False,True,False,False,False,False,False,False,False,flat,S,2023-07-28,62,,False,False,False,True,False,confirmed_b,,2023-10-25,2023-11-21,2023-10-25,B,41.60200119018555,14.165178532540047,14.662752510954125,-4.903612463740337,True,True,False,True,True,True,False,False,False
NFLX,2024-05-03,56.599998474121094,57.93399810791016,58.70295009613037,True,False,True,False,False,False,False,False,1,False,False,2024-05-03,,,0,False,True,False,False,False,False,False,False,False,True,False,False,held,,,,NFLX:2023-10-25,False,False,False,False,False,raw_b,accepted,2024-05-06,2024-06-03,,,58.18199920654297,8.93232010202949,14.167618778365831,-0.26983892407466126,True,True,False,False,False,False,True,False,False
NFLX,2024-05-06,58.18199920654297,59.696998596191406,58.545750045776366,False,False,False,True,False,True,False,False,1,False,True,,2024-05-03,confirmed,,False,False,False,False,False,True,False,False,False,False,False,False,held,,,,NFLX:2023-10-25,False,False,False,False,False,confirmed_b,,2024-05-07,2024-06-04,,,59.62799835205078,5.9267466532472834,11.39901537458412,-0.8318212857656659,True,True,False,False,False,False,True,False,False
NFLX,2024-08-09,62.29899978637695,63.39400100708008,63.1429500579834,True,False,True,False,False,False,False,False,1,False,False,2024-08-09,,,0,False,True,False,False,False,False,False,False,False,True,False,False,held,,,,NFLX:2023-10-25,False,False,False,False,False,raw_b,accepted,2024-08-12,,,,63.099998474121094,,,,False,,,False,False,False,True,False,False
NFLX,2024-08-13,63.85599899291992,64.802001953125,62.984900093078615,False,False,False,True,False,True,False,False,1,False,True,,2024-08-09,confirmed,,False,False,False,False,False,True,False,False,False,False,False,False,held,,,,NFLX:2023-10-25,False,False,False,False,False,confirmed_b,,2024-08-14,,,,64.87000274658203,,,,False,,,False,False,False,True,False,False
YINN,2021-08-31,240.0,242.6000061035156,237.0799987792969,True,False,False,False,False,False,False,False,3,True,False,,,,,False,False,False,False,False,False,False,False,False,False,True,False,flat,initial,2021-08-27,3,,False,False,False,False,False,raw_b,suppressed,2021-09-01,2021-09-29,,,252.0,-21.031746031746035,7.619052463107634,-25.158727736700158,True,False,True,False,False,False,False,True,False
YINN,2021-09-22,208.3999938964844,212.6000061035156,236.2,False,True,False,False,False,False,True,False,1,False,False,,,,,False,False,False,False,False,False,False,False,False,False,False,False,flat,initial,2021-08-27,18,,False,False,False,True,False,raw_jf,,2021-09-23,2021-10-20,2021-09-23,JF,206.1999969482422,25.024244232980553,26.867124139278854,-11.833168893115442,True,True,False,True,False,False,False,False,False
YINN,2021-09-22,208.3999938964844,212.6000061035156,236.2,False,True,False,False,False,False,True,False,1,False,False,,,,,False,False,False,False,False,False,False,False,False,False,False,False,flat,initial,2021-08-27,18,,False,False,False,True,False,tradable_jf,,2021-09-23,2021-10-20,2021-09-23,JF,206.1999969482422,25.024244232980553,26.867124139278854,-11.833168893115442,True,True,False,True,True,False,False,False,False
YINN,2021-10-07,204.6000061035156,213.3999938964844,210.63999862670897,True,False,True,False,False,False,False,False,1,False,False,2021-10-07,,,0,False,False,False,True,False,False,False,False,False,False,False,True,held,,,,YINN:2021-09-23,False,False,False,False,False,raw_b,accepted,2021-10-08,2021-11-04,,,215.0,1.5813925099927406,23.906973905341577,-0.7441888853560896,True,True,False,False,False,False,False,False,True
YINN,2021-10-08,215.0,219.3999938964844,208.9999984741211,True,False,False,True,False,True,False,False,2,True,False,,2021-10-07,confirmed,,False,False,False,False,False,False,False,True,False,False,False,True,held,,,,YINN:2021-09-23,False,False,False,False,False,raw_b,suppressed,2021-10-11,2021-11-05,,,229.1999969482422,-9.424079900666094,16.230365376768606,-10.383945623320534,True,False,True,False,False,False,False,False,True
YINN,2021-10-08,215.0,219.3999938964844,208.9999984741211,True,False,False,True,False,True,False,False,2,True,False,,2021-10-07,confirmed,,False,False,False,False,False,False,False,True,False,False,False,True,held,,,,YINN:2021-09-23,False,False,False,False,False,confirmed_b,,2021-10-11,2021-11-05,,,229.1999969482422,-9.424079900666094,16.230365376768606,-10.383945623320534,True,False,True,False,False,False,False,False,True
YINN,2021-12-30,157.1999969482422,172.0,176.04000091552734,True,True,True,False,False,False,True,False,1,False,False,2021-12-30,,,0,False,False,False,True,False,False,False,False,False,False,False,True,flat,trail,2021-11-29,23,,False,False,False,True,False,raw_b,accepted,2021-12-31,2022-01-28,2021-12-31,JF,168.39999389648438,-6.175768570916496,24.465566330339005,-11.995248028725669,True,False,True,True,False,False,False,False,True
YINN,2021-12-30,157.1999969482422,172.0,176.04000091552734,True,True,True,False,False,False,True,False,1,False,False,2021-12-30,,,0,False,False,False,True,False,False,False,False,False,False,False,True,flat,trail,2021-11-29,23,,False,False,False,True,False,raw_jf,,2021-12-31,2022-01-28,2021-12-31,JF,168.39999389648438,-6.175768570916496,24.465566330339005,-11.995248028725669,True,False,True,True,False,False,False,False,False
YINN,2021-12-30,157.1999969482422,172.0,176.04000091552734,True,True,True,False,False,False,True,False,1,False,False,2021-12-30,,,0,False,False,False,True,False,False,False,False,False,False,False,True,flat,trail,2021-11-29,23,,False,False,False,True,False,tradable_jf,,2021-12-31,2022-01-28,2021-12-31,JF,168.39999389648438,-6.175768570916496,24.465566330339005,-11.995248028725669,True,False,True,True,True,False,False,False,False
YINN,2022-02-24,126.1999969482422,141.1999969482422,172.11000137329103,False,True,False,False,False,False,True,False,0,False,False,,,,,False,False,False,False,False,False,False,False,False,False,False,False,flat,S,2022-01-24,23,,False,False,False,True,False,raw_jf,,2022-02-25,2022-03-24,2022-02-25,JF,138.60000610351562,-28.715729653022205,3.318896567212981,-59.595961375228576,True,False,True,True,False,False,False,False,False
YINN,2022-02-24,126.1999969482422,141.1999969482422,172.11000137329103,False,True,False,False,False,False,True,False,0,False,False,,,,,False,False,False,False,False,False,False,False,False,False,False,False,flat,S,2022-01-24,23,,False,False,False,True,False,tradable_jf,,2022-02-25,2022-03-24,2022-02-25,JF,138.60000610351562,-28.715729653022205,3.318896567212981,-59.595961375228576,True,False,True,True,True,False,False,False,False
YINN,2022-03-15,58.20000076293945,62.20000076293945,126.74000091552735,False,True,False,False,False,False,True,False,0,False,False,,,,,False,False,False,False,False,False,False,False,False,False,False,False,flat,trail,2022-03-08,6,,False,False,False,True,False,raw_jf,,2022-03-16,2022-04-12,2022-03-16,JF,84.0,2.3809523809523725,35.47619410923548,-2.8571446736653683,True,True,False,True,False,False,False,False,False
YINN,2022-03-15,58.20000076293945,62.20000076293945,126.74000091552735,False,True,False,False,False,False,True,False,0,False,False,,,,,False,False,False,False,False,False,False,False,False,False,False,False,flat,trail,2022-03-08,6,,False,False,False,True,False,tradable_jf,,2022-03-16,2022-04-12,2022-03-16,JF,84.0,2.3809523809523725,35.47619410923548,-2.8571446736653683,True,True,False,True,True,False,False,False,False
YINN,2022-03-16,84.0,102.4000015258789,122.93000068664551,True,True,True,False,False,False,False,False,1,False,False,2022-03-16,,,0,False,False,False,True,False,False,False,False,False,False,False,True,held,,,,YINN:2022-03-16,True,False,False,False,False,raw_b,accepted,2022-03-17,2022-04-13,,,92.4000015258789,-1.5151531415146136,23.160174429093793,-8.441561604924031,True,False,True,False,False,False,False,False,True
YINN,2022-03-16,84.0,102.4000015258789,122.93000068664551,True,True,True,False,False,False,False,False,1,False,False,2022-03-16,,,0,False,False,False,True,False,False,False,False,False,False,False,True,held,,,,YINN:2022-03-16,True,False,False,False,False,raw_jf,,2022-03-17,2022-04-13,,,92.4000015258789,-1.5151531415146136,23.160174429093793,-8.441561604924031,True,False,True,False,False,False,False,False,False
YINN,2022-03-18,92.0,104.8000030517578,114.73000068664551,True,False,False,False,False,False,False,False,2,True,False,2022-03-16,,,2,False,False,False,True,False,False,False,False,False,False,False,True,held,,,,YINN:2022-03-16,False,False,False,False,False,raw_b,suppressed,2022-03-21,2022-04-18,,,93.0,-8.172041370022686,22.365594679309453,-11.612906507266462,True,False,True,False,False,False,False,False,True
YINN,2022-03-29,105.8000030517578,104.5999984741211,98.43000068664551,True,False,False,False,False,False,False,False,3,True,False,,,,,False,False,False,False,False,False,False,False,False,False,True,True,held,,,,YINN:2022-03-16,False,False,False,False,False,raw_b,suppressed,2022-03-30,2022-04-27,,,103.0,-32.2330067458662,10.48543985607553,-38.25242866590185,True,False,True,False,False,False,False,True,True
YINN,2022-04-04,110.0,113.0,94.93000068664551,True,False,False,False,False,False,False,False,4,True,False,,,,,False,False,False,False,False,False,False,False,False,False,False,True,held,,,,YINN:2022-03-16,False,False,False,False,False,raw_b,suppressed,2022-04-05,2022-05-03,,,111.4000015258789,-23.69838524620309,0.17953047172600822,-42.90844021277107,True,False,True,False,False,False,False,False,True
YINN,2022-05-03,85.0,85.0,82.36000061035156,True,False,True,False,False,False,False,False,1,False,False,2022-05-03,,,0,False,False,True,False,False,False,False,False,False,False,True,False,flat,trail,2022-04-12,15,,False,False,False,False,False,raw_b,accepted,2022-05-04,2022-06-01,,,79.5999984741211,1.8969876446937262,10.75377556793702,-27.889443936936342,True,True,False,False,False,False,False,True,False
YINN,2022-08-11,66.61000061035156,66.83000183105469,72.55550003051758,False,True,False,False,False,False,True,False,0,False,False,,,,,False,False,False,False,False,False,False,False,False,False,False,False,flat,trail,2022-04-12,84,,False,False,False,True,False,raw_jf,,2022-08-12,2022-09-09,2022-08-12,JF,64.45999908447266,-5.646911947482868,20.38473406186201,-14.272418389089891,True,False,True,True,False,False,False,False,False
YINN,2022-08-11,66.61000061035156,66.83000183105469,72.55550003051758,False,True,False,False,False,False,True,False,0,False,False,,,,,False,False,False,False,False,False,False,False,False,False,False,False,flat,trail,2022-04-12,84,,False,False,False,True,False,tradable_jf,,2022-08-12,2022-09-09,2022-08-12,JF,64.45999908447266,-5.646911947482868,20.38473406186201,-14.272418389089891,True,False,True,True,True,False,False,False,False
YINN,2022-08-12,64.45999908447266,67.87999725341797,72.21800003051757,False,True,False,False,False,False,False,False,0,False,False,,,,,False,False,False,False,False,False,False,False,False,False,False,False,held,,,,YINN:2022-08-12,True,False,False,False,False,raw_jf,,2022-08-15,2022-09-12,,,65.55000305175781,-3.6155646624618676,18.382905966989348,-15.6979469888044,True,False,True,False,False,False,False,False,False
YINN,2022-08-25,68.23999786376953,72.1500015258789,65.59100036621093,True,True,True,False,False,False,False,False,1,False,False,2022-08-25,,,0,False,False,True,False,False,False,False,False,False,False,True,False,held,,,,YINN:2022-08-12,False,False,False,False,False,raw_b,accepted,2022-08-26,2022-09-23,,,77.5999984741211,-42.28092552029571,0.0,-43.6984542708732,True,False,True,False,False,False,False,True,False
YINN,2022-08-25,68.23999786376953,72.1500015258789,65.59100036621093,True,True,True,False,False,False,False,False,1,False,False,2022-08-25,,,0,False,False,True,False,False,False,False,False,False,False,True,False,held,,,,YINN:2022-08-12,False,False,False,False,False,raw_jf,,2022-08-26,2022-09-23,,,77.5999984741211,-42.28092552029571,0.0,-43.6984542708732,True,False,True,False,False,False,False,False,False
YINN,2022-10-04,43.95000076293945,46.2599983215332,50.22850017547607,True,False,True,False,False,False,False,False,1,False,False,2022-10-04,,,0,False,False,False,True,False,False,False,False,False,False,False,True,flat,trail,2022-09-07,20,,False,False,False,False,False,raw_b,accepted,2022-10-05,2022-11-01,,,46.72999954223633,-51.93665888189778,2.974533283254366,-57.92852548683921,True,False,True,False,False,False,False,False,True
YINN,2022-10-13,31.65999984741211,34.189998626708984,43.999999809265134,False,True,False,False,False,False,True,False,1,False,False,,,,,False,False,False,False,False,False,False,False,False,False,False,False,flat,trail,2022-09-07,27,,False,False,False,True,False,raw_jf,,2022-10-14,2022-11-10,2022-10-14,JF,35.619998931884766,-15.272315524522496,4.070749035428811,-44.806287375225814,True,False,True,True,False,False,False,False,False
YINN,2022-10-13,31.65999984741211,34.189998626708984,43.999999809265134,False,True,False,False,False,False,True,False,1,False,False,,,,,False,False,False,False,False,False,False,False,False,False,False,False,flat,trail,2022-09-07,27,,False,False,False,True,False,tradable_jf,,2022-10-14,2022-11-10,2022-10-14,JF,35.619998931884766,-15.272315524522496,4.070749035428811,-44.806287375225814,True,False,True,True,True,False,False,False,False
YINN,2022-10-26,23.290000915527344,25.809999465942383,35.813499450683594,False,True,False,False,False,False,False,False,1,False,False,,,,,False,False,False,False,False,False,False,False,False,False,False,False,flat,trail,2022-10-25,2,,False,False,False,False,False,raw_jf,,2022-10-27,2022-11-23,,,24.200000762939453,44.38015506271,69.71073719022334,-18.38843232498698,True,True,False,False,False,False,False,False,False
YINN,2022-11-04,28.549999237060547,28.760000228881836,28.680999565124512,True,False,True,False,False,False,False,False,1,False,False,2022-11-04,,,0,False,False,True,True,False,False,False,False,False,False,True,True,flat,trail,2022-10-25,9,,False,False,False,False,False,raw_b,accepted,2022-11-07,2022-12-05,,,30.010000228881836,53.315554717166755,62.61245872999055,-14.895032586679335,True,True,False,False,False,False,False,True,True
YINN,2022-11-07,30.010000228881836,29.18000030517578,28.192499542236327,True,False,False,True,False,True,False,False,2,True,False,,2022-11-04,confirmed,,False,False,False,False,False,False,True,True,False,False,False,True,flat,trail,2022-10-25,10,,False,False,False,True,False,raw_b,suppressed,2022-11-08,2022-12-06,2022-11-08,B,28.59000015258789,67.05140981683448,71.35362510318963,-10.66806303176766,True,True,False,True,False,False,False,False,True
YINN,2022-11-07,30.010000228881836,29.18000030517578,28.192499542236327,True,False,False,True,False,True,False,False,2,True,False,,2022-11-04,confirmed,,False,False,False,False,False,False,True,True,False,False,False,True,flat,trail,2022-10-25,10,,False,False,False,True,False,confirmed_b,,2022-11-08,2022-12-06,2022-11-08,B,28.59000015258789,67.05140981683448,71.35362510318963,-10.66806303176766,True,True,False,True,True,False,False,True,True
YINN,2022-11-10,29.420000076293945,30.18000030517578,27.187499713897704,True,False,False,False,False,False,False,False,3,True,False,,,,,False,False,False,False,False,False,False,False,False,False,True,False,held,,,,YINN:2022-11-08,False,False,False,False,False,raw_b,suppressed,2022-11-11,2022-12-09,,,33.689998626708984,43.36598755088386,50.905319753508714,-3.76966610131243,True,True,False,False,False,False,False,True,False
YINN,2022-11-11,33.689998626708984,34.2400016784668,27.261999797821044,True,False,False,False,False,False,False,False,4,True,False,,,,,False,False,False,False,False,False,False,False,False,False,False,True,held,,,,YINN:2022-11-08,False,False,False,False,False,raw_b,suppressed,2022-11-14,2022-12-12,,,35.150001525878906,32.48932481706275,44.63726300312489,-7.766723295655198,True,True,False,False,False,False,False,False,True
YINN,2022-11-15,40.2400016784668,40.11000061035156,27.482999897003175,True,False,False,False,False,False,False,False,5,True,False,,,,,False,False,False,False,False,False,False,False,False,False,False,True,held,,,,YINN:2022-11-08,False,False,False,False,False,raw_b,suppressed,2022-11-16,2022-12-14,,,39.0099983215332,25.76263389944904,33.01717924198315,-16.893105450225733,True,True,False,False,False,False,False,False,True
YINN,2022-12-29,47.880001068115234,49.75,46.51200008392334,True,False,True,False,False,False,False,False,1,False,False,2022-12-29,,,0,False,False,True,False,False,False,False,False,False,False,True,False,flat,S,2022-12-08,15,,False,False,False,False,False,raw_b,accepted,2022-12-30,2023-01-30,,,47.40999984741211,36.2581706012119,55.13605418366725,-3.2693508585724063,True,True,False,False,False,False,False,True,False
YINN,2023-01-03,49.849998474121094,51.0099983215332,46.90200004577637,True,False,False,True,False,True,False,False,2,True,False,,2022-12-29,confirmed,,False,False,False,False,False,False,True,False,False,False,True,False,flat,S,2022-12-08,17,,False,False,False,True,False,raw_b,suppressed,2023-01-04,2023-02-01,2023-01-04,B,56.5,19.681420790410662,30.17699655178374,-1.4159278532045128,True,True,False,True,False,False,False,True,False
YINN,2023-01-03,49.849998474121094,51.0099983215332,46.90200004577637,True,False,False,True,False,True,False,False,2,True,False,,2022-12-29,confirmed,,False,False,False,False,False,False,True,False,False,False,True,False,flat,S,2022-12-08,17,,False,False,False,True,False,confirmed_b,,2023-01-04,2023-02-01,2023-01-04,B,56.5,19.681420790410662,30.17699655178374,-1.4159278532045128,True,True,False,True,True,False,False,True,False
YINN,2023-06-06,35.369998931884766,37.72999954223633,37.17149982452393,True,False,True,False,False,False,False,False,1,False,False,2023-06-06,,,0,False,False,True,False,False,False,False,False,False,False,True,False,flat,trail,2023-02-07,83,,False,False,False,False,False,raw_b,accepted,2023-06-07,2023-07-06,,,37.189998626708984,-14.170472559873259,17.04759447889479,-15.272919084616221,True,False,True,False,False,False,False,True,False
YINN,2023-06-08,37.09000015258789,37.630001068115234,36.82099990844726,True,False,False,False,False,False,False,False,2,True,False,2023-06-06,,,2,False,False,True,False,False,False,False,False,False,False,True,False,flat,trail,2023-02-07,85,,False,False,False,False,False,raw_b,suppressed,2023-06-09,2023-07-10,,,38.099998474121094,-11.259835361263859,14.25196987570494,-17.296584013554295,True,False,True,False,False,False,False,True,False
YINN,2023-06-13,38.75,38.70000076293945,36.36149997711182,False,False,False,True,False,True,False,False,2,False,True,,2023-06-06,confirmed,,False,False,False,False,False,False,True,False,False,False,False,False,flat,trail,2023-02-07,88,,False,False,False,True,False,confirmed_b,,2023-06-14,2023-07-13,2023-06-14,B,38.65999984741211,3.724776596980184,12.59699676954542,-18.494567115237302,True,True,False,True,True,False,False,True,False
YINN,2023-10-10,28.8700008392334,29.799999237060547,29.096499919891357,True,False,True,False,False,False,False,False,1,False,False,2023-10-10,,,0,False,False,True,False,False,False,False,False,False,False,True,False,flat,S,2023-06-21,78,,False,False,False,False,False,raw_b,accepted,2023-10-11,2023-11-07,,,30.729999542236328,-10.901400687837226,1.431827336843483,-24.015617542145705,True,False,True,False,False,False,False,True,False
YINN,2023-10-11,30.729999542236328,30.68000030517578,29.066999912261963,False,False,False,True,False,True,False,False,1,False,True,,2023-10-10,confirmed,,False,False,False,False,False,False,True,False,False,False,False,False,flat,S,2023-06-21,79,,False,False,False,True,False,confirmed_b,,2023-10-12,2023-11-08,2023-10-12,B,31.0,-13.677418616510206,0.35484067855342527,-24.677418124291208,True,False,True,True,True,False,False,True,False
YINN,2023-11-03,26.88999938964844,27.440000534057617,26.804500102996826,True,False,False,False,False,False,False,False,2,True,False,,,,,False,False,False,False,False,False,False,False,False,False,False,True,held,,,,YINN:2023-10-12,False,False,False,False,False,raw_b,suppressed,2023-11-06,2023-12-04,,,28.260000228881836,-25.477709499736743,8.669493403212748,-25.86694765299943,True,False,True,False,False,False,False,False,True
YINN,2023-11-14,27.049999237060547,28.030000686645508,26.012500190734862,True,False,False,False,False,False,False,False,2,True,False,,,,,False,False,False,False,False,False,False,False,False,False,False,True,held,,,,YINN:2023-10-12,False,False,False,False,False,raw_b,suppressed,2023-11-15,2023-12-13,,,29.3700008392334,-32.72046420071671,4.56247261474112,-36.84031764724753,True,False,True,False,False,False,False,False,True
YINN,2023-12-28,20.290000915527344,20.540000915527344,20.17849988937378,True,False,True,False,False,False,False,False,1,False,False,2023-12-28,,,0,False,False,False,True,False,False,False,False,False,False,False,True,flat,trail,2023-11-30,20,,False,False,False,False,False,raw_b,accepted,2023-12-29,2024-01-29,,,20.510000228881836,-21.01413660577689,2.9254040700829043,-34.66601916629616,True,False,True,False,False,False,False,False,True
YINN,2023-12-29,20.510000228881836,20.940000534057617,20.05699987411499,True,False,False,True,False,True,False,False,2,True,False,,2023-12-28,confirmed,,False,False,False,False,False,False,False,True,False,False,False,True,flat,trail,2023-11-30,21,,False,False,False,True,False,raw_b,suppressed,2024-01-02,2024-01-30,2024-01-02,B,19.420000076293945,-20.700311235687895,3.08960030439005,-30.99897236927567,True,False,True,True,False,False,False,False,True
YINN,2023-12-29,20.510000228881836,20.940000534057617,20.05699987411499,True,False,False,True,False,True,False,False,2,True,False,,2023-12-28,confirmed,,False,False,False,False,False,False,False,True,False,False,False,True,flat,trail,2023-11-30,21,,False,False,False,True,False,confirmed_b,,2024-01-02,2024-01-30,2024-01-02,B,19.420000076293945,-20.700311235687895,3.08960030439005,-30.99897236927567,True,False,True,True,True,False,False,False,True
YINN,2024-01-23,15.390000343322754,15.880000114440918,17.66850004196167,True,False,False,False,False,False,False,False,3,True,False,,,,,False,False,False,False,False,False,False,False,False,False,False,True,flat,trail,2024-01-17,5,,False,False,False,False,False,raw_b,suppressed,2024-01-24,2024-02-21,,,17.75,4.2816914303202,6.422531772667273,-20.507044187733825,True,True,False,False,False,False,False,False,True
YINN,2024-01-24,17.75,17.260000228881836,17.598000049591064,True,False,False,False,False,False,False,False,4,True,False,,,,,False,False,False,False,False,False,False,False,False,False,False,True,flat,trail,2024-01-17,6,,False,False,False,False,False,raw_b,suppressed,2024-01-25,2024-02-22,,,17.780000686645508,8.942632683822872,9.561298031150711,-20.641174849474474,True,True,False,False,False,False,False,False,True
YINN,2024-02-06,16.93000030517578,17.81999969482422,16.027500104904174,True,False,False,False,False,False,False,False,3,True,False,,,,,False,False,False,False,False,False,False,False,False,False,False,True,flat,trail,2024-01-17,15,,False,False,False,False,False,raw_b,suppressed,2024-02-07,2024-03-06,,,16.530000686645508,9.921351007404278,23.10949507649067,-8.77193407566461,True,True,False,False,False,False,False,False,True
YINN,2024-08-05,18.510000228881836,19.600000381469727,22.069000053405762,False,True,False,False,False,False,True,False,0,False,False,,,,,False,False,False,False,False,False,False,False,False,False,False,False,flat,trail,2024-01-17,139,,False,False,False,True,False,raw_jf,,2024-08-06,,2024-08-06,JF,18.6299991607666,,,,False,,,True,False,False,False,False,False
YINN,2024-08-05,18.510000228881836,19.600000381469727,22.069000053405762,False,True,False,False,False,False,True,False,0,False,False,,,,,False,False,False,False,False,False,False,False,False,False,False,False,flat,trail,2024-01-17,139,,False,False,False,True,False,tradable_jf,,2024-08-06,,2024-08-06,JF,18.6299991607666,,,,False,,,True,True,False,False,False,False
YINN,2024-08-13,21.059999465942383,21.270000457763672,20.88450002670288,True,False,True,False,False,False,False,False,1,False,False,2024-08-13,,,0,False,False,True,False,False,False,False,False,False,False,True,False,held,,,,YINN:2024-08-06,False,False,False,False,False,raw_b,accepted,2024-08-14,,,,20.799999237060547,,,,False,,,False,False,False,False,True,False
YINN,2024-08-15,20.75,21.239999771118164,20.697500038146973,True,False,False,False,False,False,False,False,2,True,False,2024-08-13,,,2,False,False,True,False,False,False,False,False,False,False,True,False,held,,,,YINN:2024-08-06,False,False,False,False,False,raw_b,suppressed,2024-08-16,,,,21.920000076293945,,,,False,,,False,False,False,False,True,False
YINN,2024-08-16,21.920000076293945,22.540000915527344,20.742000102996826,False,False,False,True,False,True,False,False,2,False,True,,2024-08-13,confirmed,,False,False,False,False,False,False,True,False,False,False,False,False,held,,,,YINN:2024-08-06,False,False,False,False,False,confirmed_b,,2024-08-19,,,,22.920000076293945,,,,False,,,False,False,False,False,True,False
SNOW,2021-12-02,350.0,360.2799987792969,368.13050079345703,True,False,True,False,False,False,False,False,1,False,False,2021-12-02,,,0,True,False,False,False,False,False,False,False,True,False,False,False,flat,initial,2021-08-27,68,,False,False,False,False,True,raw_b,accepted,2021-12-03,2021-12-31,,,358.19000244140625,-5.427287838550521,5.323992069638583,-12.895391308126236,True,False,True,False,False,True,False,False,False
SNOW,2021-12-08,362.4500122070313,370.2799987792969,365.69449920654296,False,False,False,True,False,True,False,False,1,False,True,,2021-12-02,confirmed,,False,False,False,False,True,False,False,False,False,False,False,False,flat,initial,2021-08-27,72,,False,False,False,True,True,confirmed_b,,2021-12-09,2022-01-06,2021-12-09,B,370.0,-19.705406395164694,1.962164801520272,-22.702702702702705,True,False,True,True,True,True,False,False,False
SNOW,2022-01-24,260.2099914550781,277.5,307.1999984741211,False,True,False,False,False,False,True,False,0,False,False,,,,,False,False,False,False,False,False,False,False,False,False,False,False,flat,trail,2022-01-06,12,,False,False,False,True,True,raw_jf,,2022-01-25,2022-02-22,2022-01-25,JF,275.2699890136719,-2.7209614317974196,19.697025968933414,-15.417585961580915,True,False,True,True,False,False,False,False,False
SNOW,2022-01-24,260.2099914550781,277.5,307.1999984741211,False,True,False,False,False,False,True,False,0,False,False,,,,,False,False,False,False,False,False,False,False,False,False,False,False,flat,trail,2022-01-06,12,,False,False,False,True,True,tradable_jf,,2022-01-25,2022-02-22,2022-01-25,JF,275.2699890136719,-2.7209614317974196,19.697025968933414,-15.417585961580915,True,False,True,True,True,False,False,False,False
SNOW,2022-02-01,281.79998779296875,283.760009765625,283.532999420166,True,False,True,False,False,False,False,False,1,False,False,2022-02-01,,,0,False,False,True,False,False,False,False,False,False,False,True,False,held,,,,SNOW:2022-01-25,False,False,False,False,True,raw_b,accepted,2022-02-02,2022-03-02,,,282.55999755859375,-6.324318824883147,16.60885938606702,-15.026894047970584,True,False,True,False,False,False,False,True,False
SNOW,2022-02-07,291.0,293.19000244140625,277.74700088500975,False,False,False,True,False,True,False,False,1,False,True,,2022-02-01,confirmed,,False,False,False,False,False,False,True,False,False,False,False,False,held,,,,SNOW:2022-01-25,False,False,False,False,True,confirmed_b,,2022-02-08,2022-03-08,,,287.20001220703125,-33.28342880701989,14.724922085608604,-36.371867087027155,True,False,True,False,False,False,False,True,False
SNOW,2022-02-09,304.8999938964844,307.94000244140625,277.6195014953613,True,False,False,False,False,False,False,False,2,True,False,,,,,False,False,False,False,False,False,False,False,False,True,False,False,held,,,,SNOW:2022-01-25,False,False,False,False,True,raw_b,suppressed,2022-02-10,2022-03-10,,,300.20001220703125,-34.093938021871416,9.756821064732035,-39.127249146432916,True,False,True,False,False,False,True,False,False
SNOW,2022-03-16,177.02000427246094,197.83999633789065,232.8735008239746,False,True,False,False,False,False,True,False,0,False,False,,,,,False,False,False,False,False,False,False,False,False,False,False,False,flat,S,2022-02-14,22,,False,False,False,True,True,raw_jf,,2022-03-17,2022-04-13,2022-03-17,JF,195.0,9.953848031850953,26.420515011518454,-2.020514072516022,True,True,False,True,False,False,False,False,False
SNOW,2022-03-16,177.02000427246094,197.83999633789065,232.8735008239746,False,True,False,False,False,False,True,False,0,False,False,,,,,False,False,False,False,False,False,False,False,False,False,False,False,flat,S,2022-02-14,22,,False,False,False,True,True,tradable_jf,,2022-03-17,2022-04-13,2022-03-17,JF,195.0,9.953848031850953,26.420515011518454,-2.020514072516022,True,True,False,True,True,False,False,False,False
SNOW,2022-03-17,195.0,208.8500061035156,228.08100051879882,True,True,True,False,False,False,False,False,1,False,False,2022-03-17,,,0,False,False,False,True,False,False,False,False,False,False,False,True,held,,,,SNOW:2022-03-17,True,False,False,False,True,raw_b,accepted,2022-03-18,2022-04-14,,,212.0800018310547,-6.341944941586997,16.23915604680237,-6.374954807493416,True,False,False,False,False,False,False,False,True
SNOW,2022-03-17,195.0,208.8500061035156,228.08100051879882,True,True,True,False,False,False,False,False,1,False,False,2022-03-17,,,0,False,False,False,True,False,False,False,False,False,False,False,True,held,,,,SNOW:2022-03-17,True,False,False,False,True,raw_jf,,2022-03-18,2022-04-14,,,212.0800018310547,-6.341944941586997,16.23915604680237,-6.374954807493416,True,False,False,False,False,False,False,False,False
SNOW,2022-03-18,212.0800018310547,222.8500061035156,224.90950088500978,True,False,False,False,False,False,False,False,2,True,False,2022-03-17,,,1,False,False,False,True,False,False,False,False,False,False,False,True,held,,,,SNOW:2022-03-17,False,False,False,False,True,raw_b,suppressed,2022-03-21,2022-04-18,,,217.7599945068359,-11.65043890391495,13.207205405546718,-12.803081524300918,True,False,True,False,False,False,False,False,True
SNOW,2022-03-22,212.7899932861328,224.9600067138672,219.72850189208984,True,False,False,True,False,True,False,False,3,True,False,,2022-03-17,confirmed,,False,False,False,False,False,False,False,True,False,False,True,False,held,,,,SNOW:2022-03-17,False,False,False,False,True,raw_b,suppressed,2022-03-23,2022-04-20,,,221.17999267578125,-15.914638807245307,11.456737695902097,-16.181388222847037,True,False,True,False,False,False,False,True,False
SNOW,2022-03-22,212.7899932861328,224.9600067138672,219.72850189208984,True,False,False,True,False,True,False,False,3,True,False,,2022-03-17,confirmed,,False,False,False,False,False,False,False,True,False,False,True,False,held,,,,SNOW:2022-03-17,False,False,False,False,True,confirmed_b,,2022-03-23,2022-04-20,,,221.17999267578125,-15.914638807245307,11.456737695902097,-16.181388222847037,True,False,True,False,False,False,False,False,True
SNOW,2022-03-28,220.0,235.88999938964844,212.1250015258789,True,False,False,False,False,False,False,False,4,True,False,,,,,False,False,False,False,False,False,False,False,False,False,False,True,held,,,,SNOW:2022-03-17,False,False,False,False,True,raw_b,suppressed,2022-03-29,2022-04-26,,,240.0,-25.516668955485024,2.7166684468587388,-28.016668955485024,True,False,True,False,False,False,False,False,True
SNOW,2022-03-29,240.0,239.6699981689453,210.94900131225586,True,False,False,False,False,False,False,False,5,True,False,,,,,False,False,False,False,False,False,False,False,False,False,False,True,held,,,,SNOW:2022-03-17,False,False,False,False,True,raw_b,suppressed,2022-03-30,2022-04-27,,,236.0099945068359,-25.87178466157083,3.5506991559079104,-26.799712500382256,True,False,True,False,False,False,False,False,True
SNOW,2022-05-26,117.02999877929688,126.8000030517578,149.82000045776368,False,True,False,False,False,False,True,False,0,False,False,,,,,False,False,False,False,False,False,False,False,False,False,False,False,flat,trail,2022-04-19,28,,False,False,False,True,True,raw_jf,,2022-05-27,2022-06-27,2022-05-27,JF,127.9000015258789,15.832675628630199,18.999214333431013,-13.788117221141905,True,True,False,True,False,False,False,False,False
SNOW,2022-05-26,117.02999877929688,126.8000030517578,149.82000045776368,False,True,False,False,False,False,True,False,0,False,False,,,,,False,False,False,False,False,False,False,False,False,False,False,False,flat,trail,2022-04-19,28,,False,False,False,True,True,tradable_jf,,2022-05-27,2022-06-27,2022-05-27,JF,127.9000015258789,15.832675628630199,18.999214333431013,-13.788117221141905,True,True,False,True,True,False,False,False,False
SNOW,2022-06-02,126.80999755859376,138.24000549316406,140.33650131225585,True,False,True,False,False,False,False,False,1,False,False,2022-06-02,,,0,False,False,False,True,False,False,False,False,False,False,False,True,held,,,,SNOW:2022-05-27,False,False,False,False,True,raw_b,accepted,2022-06-03,2022-07-01,,,134.97999572753906,7.075124725173909,14.550303757078442,-18.310117884266752,True,True,False,False,False,False,False,False,True
SNOW,2022-11-10,140.10000610351562,145.3800048828125,157.51700096130372,False,True,False,False,False,False,True,False,0,False,False,,,,,False,False,False,False,False,False,False,False,False,False,False,False,flat,S,2022-08-10,66,,False,False,False,True,True,raw_jf,,2022-11-11,2022-12-09,2022-11-11,JF,146.63999938964844,-1.4388984036646901,14.566285255903644,-10.004090445993885,True,False,True,True,False,False,False,False,False
SNOW,2022-11-10,140.10000610351562,145.3800048828125,157.51700096130372,False,True,False,False,False,False,True,False,0,False,False,,,,,False,False,False,False,False,False,False,False,False,False,False,False,flat,S,2022-08-10,66,,False,False,False,True,True,tradable_jf,,2022-11-11,2022-12-09,2022-11-11,JF,146.63999938964844,-1.4388984036646901,14.566285255903644,-10.004090445993885,True,False,True,True,True,False,False,False,False
SNOW,2022-11-11,146.63999938964844,159.41000366210938,157.86850090026854,True,False,True,False,False,False,False,False,1,False,False,2022-11-11,,,0,False,False,True,False,False,False,False,False,False,False,True,False,held,,,,SNOW:2022-11-11,True,False,False,False,True,raw_b,accepted,2022-11-14,2022-12-12,,,157.3300018310547,-4.099661141025324,6.781922103072913,-16.11898577207406,True,False,True,False,False,False,False,True,False
SNOW,2022-11-15,165.58999633789062,163.49000549316406,156.89950141906738,False,False,False,True,False,True,False,False,1,False,True,,2022-11-11,confirmed,,False,False,False,False,False,False,True,False,False,False,False,False,held,,,,SNOW:2022-11-11,False,False,False,False,True,confirmed_b,,2022-11-16,2022-12-14,,,159.6300048828125,-6.533864320950933,1.9231923645453897,-17.32757176974036,True,False,True,False,False,False,False,True,False
SNOW,2022-12-12,144.17999267578125,150.8800048828125,145.86999969482423,True,False,True,False,False,False,False,False,1,False,False,2022-12-12,,,0,False,False,True,False,False,False,False,False,False,False,True,False,held,,,,SNOW:2022-11-11,False,False,False,False,True,raw_b,accepted,2022-12-13,2023-01-11,,,160.0,-12.681245803833008,1.6874980926513627,-25.4562520980835,True,False,True,False,False,False,False,True,False
SNOW,2023-01-11,138.1999969482422,139.7100067138672,138.77699966430663,True,False,True,False,False,False,False,False,1,False,False,2023-01-11,,,0,False,False,True,False,False,False,False,False,False,False,True,False,flat,trail,2023-01-05,5,,False,False,False,False,True,raw_b,accepted,2023-01-12,2023-02-09,,,140.38999938964844,15.877194517443915,27.28826677480456,-4.309425940637124,True,True,False,False,False,False,False,True,False
SNOW,2023-01-12,140.38999938964844,142.13999938964844,138.35499954223633,False,False,False,True,False,True,False,False,1,False,True,,2023-01-11,confirmed,,False,False,False,False,False,False,True,False,False,False,False,False,flat,trail,2023-01-05,6,,False,False,False,True,True,confirmed_b,,2023-01-13,2023-02-10,2023-01-13,B,139.3000030517578,12.943286708039569,28.28427353432652,-3.5606651867941874,True,True,False,True,True,False,False,True,False
SNOW,2023-08-30,152.99000549316406,155.33999633789062,153.95850143432617,True,False,True,False,False,False,False,False,1,False,False,2023-08-30,,,0,False,True,False,False,False,False,False,False,False,True,False,False,flat,S,2023-02-06,143,,False,False,False,False,True,raw_b,accepted,2023-08-31,2023-09-28,,,156.0,-3.1282082582131387,10.480773143279244,-9.108978662735378,True,False,True,False,False,False,True,False,False
SNOW,2023-08-31,156.0,156.85000610351562,153.74850158691407,False,False,False,True,False,True,False,False,1,False,True,,2023-08-30,confirmed,,False,False,False,False,False,True,False,False,False,False,False,False,flat,S,2023-02-06,144,,False,False,False,True,True,confirmed_b,,2023-09-01,2023-09-29,2023-09-01,B,158.10000610351562,-3.3712850254824622,9.013282384486331,-10.31626324334477,True,False,True,True,True,False,True,False,False
SNOW,2024-06-26,123.68000030517578,129.1300048828125,131.31299934387206,True,False,True,False,False,False,False,False,1,False,False,2024-06-26,,,0,False,False,False,True,False,False,False,False,False,False,False,True,flat,S,2024-01-05,119,,False,False,False,False,True,raw_b,accepted,2024-06-27,2024-07-25,,,129.1300048828125,0.35622352488531295,13.420584818208535,-2.8111242511814294,True,True,False,False,False,False,False,False,True
SNOW,2024-06-27,129.1300048828125,133.9199981689453,130.59949913024903,True,False,False,True,False,True,False,False,2,True,False,,2024-06-26,confirmed,,False,False,False,False,False,False,False,True,False,False,False,True,flat,S,2024-01-05,120,,False,False,False,True,True,raw_b,suppressed,2024-06-28,2024-07-26,2024-06-28,B,133.5500030517578,-3.4069658912657896,9.666793985100885,-6.027707126774084,True,False,False,True,False,False,False,False,True
SNOW,2024-06-27,129.1300048828125,133.9199981689453,130.59949913024903,True,False,False,True,False,True,False,False,2,True,False,,2024-06-26,confirmed,,False,False,False,False,False,False,False,True,False,False,False,True,flat,S,2024-01-05,120,,False,False,False,True,True,confirmed_b,,2024-06-28,2024-07-26,2024-06-28,B,133.5500030517578,-3.4069658912657896,9.666793985100885,-6.027707126774084,True,False,False,True,True,False,False,False,True
TSLA,2022-02-24,233.4633331298828,266.92333984375,293.8446640014648,False,True,False,False,False,False,True,False,0,False,False,,,,,False,False,False,False,False,False,False,False,False,False,False,False,flat,initial,2021-08-27,125,,False,False,False,True,True,raw_jf,,2022-02-25,2022-03-24,2022-02-25,JF,269.74334716796875,25.294407141119702,28.60372555563726,-6.57291872903455,True,True,False,True,False,False,False,False,False
TSLA,2022-02-24,233.4633331298828,266.92333984375,293.8446640014648,False,True,False,False,False,False,True,False,0,False,False,,,,,False,False,False,False,False,False,False,False,False,False,False,False,flat,initial,2021-08-27,125,,False,False,False,True,True,tradable_jf,,2022-02-25,2022-03-24,2022-02-25,JF,269.74334716796875,25.294407141119702,28.60372555563726,-6.57291872903455,True,True,False,True,True,False,False,False,False
TSLA,2022-11-30,182.42999267578125,194.6999969482422,189.41799926757812,True,False,True,False,False,False,False,False,1,False,False,2022-11-30,,,0,False,False,True,False,False,False,False,False,False,False,True,False,flat,trail,2022-04-27,151,,False,False,False,False,True,raw_b,accepted,2022-12-01,2022-12-29,,,197.0800018310547,-38.187538784755304,0.9336291459282275,-45.078142450720385,True,False,True,False,False,False,False,True,False
TSLA,2022-12-02,191.77999877929688,194.86000061035156,187.38149948120116,False,False,False,True,False,True,False,False,1,False,True,,2022-11-30,confirmed,,False,False,False,False,False,False,True,False,False,False,False,False,flat,trail,2022-04-27,153,,False,False,False,True,True,confirmed_b,,2022-12-05,2023-01-03,2022-12-05,B,189.44000244140625,-42.937079243568746,0.9660060216799993,-44.763514547560476,True,False,True,True,True,False,False,True,False
TSLA,2023-01-09,118.95999908447266,119.7699966430664,133.89899978637695,True,False,True,False,False,False,False,False,1,False,False,2023-01-09,,,0,False,False,False,True,False,False,False,False,False,False,False,True,flat,trail,2022-12-21,12,,False,False,False,False,True,raw_b,accepted,2023-01-10,2023-02-07,,,121.06999969482422,62.55884864515073,64.36772156736639,-5.079707228364527,True,True,False,False,False,False,False,False,True
TSLA,2023-01-17,125.6999969482422,131.49000549316406,123.7604995727539,True,False,False,True,False,True,False,False,2,True,False,,2023-01-09,confirmed,,False,False,False,False,False,False,False,True,False,False,False,True,flat,trail,2022-12-21,17,,False,False,False,True,True,raw_b,suppressed,2023-01-18,2023-02-14,2023-01-18,B,136.55999755859375,53.2293524757989,56.70767708397118,-8.970416094760026,True,True,False,True,False,False,False,False,True
TSLA,2023-01-17,125.6999969482422,131.49000549316406,123.7604995727539,True,False,False,True,False,True,False,False,2,True,False,,2023-01-09,confirmed,,False,False,False,False,False,False,False,True,False,False,False,True,flat,trail,2022-12-21,17,,False,False,False,True,True,confirmed_b,,2023-01-18,2023-02-14,2023-01-18,B,136.55999755859375,53.2293524757989,56.70767708397118,-8.970416094760026,True,True,False,True,True,False,False,False,True
TSLA,2023-08-21,221.5500030517578,231.27999877929688,247.1605010986328,True,False,True,False,False,False,False,False,1,False,False,2023-08-21,,,0,True,False,False,False,False,False,False,False,True,False,False,False,flat,S,2023-02-13,131,,False,False,False,False,True,raw_b,accepted,2023-08-22,2023-09-19,,,240.25,10.926118626430803,16.120712169127206,-5.0239364512877245,True,True,False,False,False,True,False,False,False
TSLA,2023-08-29,238.5800018310547,257.17999267578125,239.88050003051757,True,False,False,False,False,False,False,False,2,True,False,,,,,False,False,False,False,False,False,False,False,False,True,False,False,flat,S,2023-02-13,137,,False,False,False,False,True,raw_b,suppressed,2023-08-30,2023-09-27,,,254.1999969482422,-5.389455984545766,9.748235379849902,-7.718330193836442,True,False,False,False,False,False,True,False,False
TSLA,2024-03-27,181.41000366210935,179.8300018310547,177.46750106811524,True,False,True,False,False,False,False,False,1,False,False,2024-03-27,,,0,False,False,True,False,False,False,False,False,False,False,True,False,flat,S,2023-02-13,282,,False,False,False,False,True,raw_b,accepted,2024-03-28,2024-04-25,,,177.4499969482422,-4.096931190470188,1.1947086009784114,-21.780780254258126,True,False,True,False,False,False,False,True,False
TSLA,2024-04-25,158.9600067138672,170.17999267578125,163.96799926757814,True,False,True,False,False,False,False,False,1,False,False,2024-04-25,,,0,False,False,True,False,False,False,False,False,False,False,True,False,flat,S,2023-02-13,302,,False,False,False,False,True,raw_b,accepted,2024-04-26,2024-05-23,,,168.85000610351562,2.896061126968852,17.77908672106754,-1.4687657072441684,True,True,False,False,False,False,False,True,False
TSLA,2024-04-29,188.4199981689453,194.0500030517578,164.53449935913085,False,False,False,True,False,True,False,False,1,False,True,,2024-04-25,confirmed,,False,False,False,False,False,False,True,False,False,False,False,False,flat,S,2023-02-13,304,,False,False,False,True,True,confirmed_b,,2024-04-30,2024-05-28,2024-04-30,B,186.97999572753903,-5.471171227560534,2.123222436312444,-10.28452035883044,True,False,True,True,True,False,False,True,False
MRNA,2022-01-10,211.3699951171875,233.6999969482422,252.19300003051757,False,True,False,False,False,False,True,False,0,False,False,,,,,False,False,False,False,False,False,False,False,False,False,False,False,flat,initial,2021-08-27,94,,False,False,False,True,False,raw_jf,,2022-01-11,2022-02-08,2022-01-11,JF,226.0,-32.16371789442755,1.106194690265494,-38.86283266860827,True,False,True,True,False,False,False,False,False
MRNA,2022-01-10,211.3699951171875,233.6999969482422,252.19300003051757,False,True,False,False,False,False,True,False,0,False,False,,,,,False,False,False,False,False,False,False,False,False,False,False,False,flat,initial,2021-08-27,94,,False,False,False,True,False,tradable_jf,,2022-01-11,2022-02-08,2022-01-11,JF,226.0,-32.16371789442755,1.106194690265494,-38.86283266860827,True,False,True,True,True,False,False,False,False
MRNA,2022-02-15,142.49000549316406,151.1199951171875,160.30650100708007,False,True,False,False,False,False,True,False,0,False,False,,,,,False,False,False,False,False,False,False,False,False,False,False,False,flat,trail,2022-01-20,19,,False,False,False,True,False,raw_jf,,2022-02-16,2022-03-16,2022-02-16,JF,147.6199951171875,14.727005969554362,15.025070226403137,-17.348593570015115,True,True,False,True,False,False,False,False,False
MRNA,2022-02-15,142.49000549316406,151.1199951171875,160.30650100708007,False,True,False,False,False,False,True,False,0,False,False,,,,,False,False,False,False,False,False,False,False,False,False,False,False,flat,trail,2022-01-20,19,,False,False,False,True,False,tradable_jf,,2022-02-16,2022-03-16,2022-02-16,JF,147.6199951171875,14.727005969554362,15.025070226403137,-17.348593570015115,True,True,False,True,True,False,False,False,False
MRNA,2022-02-24,139.86500549316406,156.22999572753906,156.0254997253418,True,True,True,False,False,False,False,False,1,False,False,2022-02-24,,,0,False,False,False,True,False,False,False,False,False,False,False,True,held,,,,MRNA:2022-02-16,False,False,False,False,False,raw_b,accepted,2022-02-25,2022-03-24,,,156.02000427246094,15.164714623390463,20.497368832070872,-21.798488145685535,True,True,False,False,False,False,False,False,True
MRNA,2022-02-24,139.86500549316406,156.22999572753906,156.0254997253418,True,True,True,False,False,False,False,False,1,False,False,2022-02-24,,,0,False,False,False,True,False,False,False,False,False,False,False,True,held,,,,MRNA:2022-02-16,False,False,False,False,False,raw_jf,,2022-02-25,2022-03-24,,,156.02000427246094,15.164714623390463,20.497368832070872,-21.798488145685535,True,True,False,False,False,False,False,False,False
MRNA,2022-03-14,140.1999969482422,150.07000732421875,144.0370014190674,True,False,False,False,False,False,False,False,2,True,False,,,,,False,False,False,False,False,False,False,False,False,False,True,True,held,,,,MRNA:2022-02-16,False,False,False,False,False,raw_b,suppressed,2022-03-15,2022-04-11,,,156.27000427246094,2.3868916782236127,20.304597721912753,-9.291613153823764,True,True,False,False,False,False,False,True,True
MRNA,2022-03-16,150.0,169.36000061035156,145.23150138854982,True,False,False,False,False,False,False,False,3,True,False,,,,,False,False,False,False,False,False,False,False,False,False,False,True,held,,,,MRNA:2022-02-16,False,False,False,False,False,raw_b,suppressed,2022-03-17,2022-04-13,,,167.75,1.1386012888878527,12.071535022354695,-10.160952708760252,True,True,False,False,False,False,False,False,True
MRNA,2023-02-14,170.88999938964844,175.6199951171875,180.90500030517578,True,False,True,False,False,False,False,False,1,False,False,2023-02-14,,,0,False,True,False,False,False,False,False,False,False,True,False,False,flat,trail,2022-04-22,205,,False,False,False,False,False,raw_b,accepted,2023-02-15,2023-03-15,,,173.1699981689453,-13.61089814324229,2.4253606240410397,-22.815727276436093,True,False,True,False,False,False,True,False,False
MRNA,2023-08-17,98.98999786376952,106.23999786376952,109.75950050354004,True,True,True,False,False,False,True,False,1,False,False,2023-08-17,,,0,False,False,False,True,False,False,False,False,False,False,False,True,flat,trail,2022-04-22,332,,False,False,False,True,False,raw_b,accepted,2023-08-18,2023-09-15,2023-08-18,JF,105.9000015258789,8.205849562606593,11.491971665336864,-4.249291723475879,True,True,False,True,False,False,False,False,True
MRNA,2023-08-17,98.98999786376952,106.23999786376952,109.75950050354004,True,True,True,False,False,False,True,False,1,False,False,2023-08-17,,,0,False,False,False,True,False,False,False,False,False,False,False,True,flat,trail,2022-04-22,332,,False,False,False,True,False,raw_jf,,2023-08-18,2023-09-15,2023-08-18,JF,105.9000015258789,8.205849562606593,11.491971665336864,-4.249291723475879,True,True,False,True,False,False,False,False,False
MRNA,2023-08-17,98.98999786376952,106.23999786376952,109.75950050354004,True,True,True,False,False,False,True,False,1,False,False,2023-08-17,,,0,False,False,False,True,False,False,False,False,False,False,False,True,flat,trail,2022-04-22,332,,False,False,False,True,False,tradable_jf,,2023-08-18,2023-09-15,2023-08-18,JF,105.9000015258789,8.205849562606593,11.491971665336864,-4.249291723475879,True,True,False,True,True,False,False,False,False
MRNA,2023-08-21,101.98999786376952,111.08000183105467,107.92250061035156,True,False,False,True,False,True,False,False,2,True,False,,2023-08-17,confirmed,,False,False,False,False,False,False,False,True,False,False,True,True,held,,,,MRNA:2023-08-18,False,False,False,False,False,raw_b,suppressed,2023-08-22,2023-09-19,,,112.5,-5.12000189887154,4.951110839843742,-9.466668023003477,True,False,True,False,False,False,False,True,True
MRNA,2023-08-21,101.98999786376952,111.08000183105467,107.92250061035156,True,False,False,True,False,True,False,False,2,True,False,,2023-08-17,confirmed,,False,False,False,False,False,False,False,True,False,False,True,True,held,,,,MRNA:2023-08-18,False,False,False,False,False,confirmed_b,,2023-08-22,2023-09-19,,,112.5,-5.12000189887154,4.951110839843742,-9.466668023003477,True,False,True,False,False,False,False,False,True
MRNA,2023-08-22,112.5,116.23999786376952,107.64100036621093,True,False,False,False,False,False,False,False,3,True,False,,,,,False,False,False,False,False,False,False,False,False,False,False,True,held,,,,MRNA:2023-08-18,False,False,False,False,False,raw_b,suppressed,2023-08-23,2023-09-20,,,117.33999633789062,-11.769215944771872,0.6221266232457445,-13.20095308266821,True,False,True,False,False,False,False,False,True
MRNA,2023-11-02,64.3499984741211,71.2300033569336,85.97750091552734,False,True,False,False,False,False,True,False,0,False,False,,,,,False,False,False,False,False,False,False,False,False,False,False,False,flat,trail,2023-10-17,13,,False,False,False,True,False,raw_jf,,2023-11-03,2023-12-01,2023-11-03,JF,73.08999633789062,9.221515707847928,10.986464374097338,-7.483915536157837,True,True,False,True,False,False,False,False,False
MRNA,2023-11-02,64.3499984741211,71.2300033569336,85.97750091552734,False,True,False,False,False,False,True,False,0,False,False,,,,,False,False,False,False,False,False,False,False,False,False,False,False,flat,trail,2023-10-17,13,,False,False,False,True,False,tradable_jf,,2023-11-03,2023-12-01,2023-11-03,JF,73.08999633789062,9.221515707847928,10.986464374097338,-7.483915536157837,True,True,False,True,True,False,False,False,False
MRNA,2023-11-03,73.08999633789062,77.52999877929688,84.66000099182129,True,True,True,False,False,False,False,False,1,False,False,2023-11-03,,,0,False,False,False,True,False,False,False,False,False,False,False,True,held,,,,MRNA:2023-11-03,True,False,False,False,False,raw_b,accepted,2023-11-06,2023-12-04,,,78.04000091552734,2.3449536258149717,3.9466963030774016,-13.352124611356942,True,True,False,False,False,False,False,False,True
MRNA,2023-11-03,73.08999633789062,77.52999877929688,84.66000099182129,True,True,True,False,False,False,False,False,1,False,False,2023-11-03,,,0,False,False,False,True,False,False,False,False,False,False,False,True,held,,,,MRNA:2023-11-03,True,False,False,False,False,raw_jf,,2023-11-06,2023-12-04,,,78.04000091552734,2.3449536258149717,3.9466963030774016,-13.352124611356942,True,True,False,False,False,False,False,False,False
MRNA,2023-11-14,73.62000274658203,74.0999984741211,75.38800086975098,True,False,False,False,False,False,False,False,2,True,False,,,,,False,False,False,False,False,False,False,False,False,False,False,True,held,,,,MRNA:2023-11-03,False,False,False,False,False,raw_b,suppressed,2023-11-15,2023-12-13,,,74.45999908447266,5.560031480730654,12.973413619237872,-1.6250323654986243,True,True,False,False,False,False,False,False,True
MRNA,2023-11-15,74.45999908447266,76.3499984741211,74.90500068664551,True,False,False,False,False,False,False,False,3,True,False,,,,,False,False,False,False,False,False,False,False,False,False,True,True,held,,,,MRNA:2023-11-03,False,False,False,False,False,raw_b,suppressed,2023-11-16,2023-12-14,,,76.1500015258789,12.764282371550406,24.6618495114733,-3.8082750725794368,True,True,False,False,False,False,False,True,True
MRNA,2023-11-20,76.80000305175781,78.95999908447266,74.43200073242187,True,False,False,False,False,False,False,False,4,True,False,,,,,False,False,False,False,False,False,False,False,False,False,False,True,held,,,,MRNA:2023-11-03,False,False,False,False,False,raw_b,suppressed,2023-11-21,2023-12-19,,,77.08000183105469,15.581206826070982,23.157755643603938,-4.968865775910791,True,True,False,False,False,False,False,False,True
MRNA,2024-08-19,87.0199966430664,89.95999908447266,97.48200035095215,True,False,True,False,False,False,False,False,1,False,False,2024-08-19,,,0,False,False,False,True,False,False,False,False,False,False,False,True,flat,trail,2024-02-12,131,,False,False,False,False,False,raw_b,accepted,2024-08-20,,,,89.23999786376953,,,,False,,,False,False,False,False,False,True
NVDA,2023-02-23,23.388035501899783,23.61153793334961,21.33624200820923,True,False,True,False,False,False,False,False,1,False,False,2023-02-23,,,0,True,False,False,False,False,False,False,False,True,False,False,False,flat,initial,2021-08-27,375,,False,False,False,False,True,raw_b,accepted,2023-02-24,2023-03-23,,,23.17350941362294,17.096318477968996,18.81027368919137,-3.979398148764457,True,True,False,False,False,True,False,False,False
GOOGL,2021-10-27,139.40499877929688,146.21749877929688,139.10752563476564,True,False,True,False,False,False,False,False,1,False,False,2021-10-27,,,0,True,False,False,False,False,False,False,False,True,False,False,False,flat,initial,2021-08-27,43,,False,False,False,False,False,raw_b,accepted,2021-10-28,2021-11-24,,,147.13450622558594,-0.6895127012850333,2.6044201531805644,-2.6567607701941998,True,False,False,False,False,True,False,False,False
GOOGL,2022-01-31,134.16200256347656,135.30349731445312,135.96194915771486,True,False,True,False,False,False,False,False,1,False,False,2022-01-31,,,0,False,True,False,False,False,False,False,False,False,True,False,False,flat,initial,2021-08-27,108,,False,False,False,False,False,raw_b,accepted,2022-02-01,2022-03-01,,,137.59449768066406,-2.5676933455157203,10.13993734109182,-9.187139786410537,True,False,True,False,False,False,True,False,False
GOOGL,2022-02-01,137.59449768066406,137.6439971923828,135.59457397460938,False,False,False,True,False,True,False,False,1,False,True,,2022-01-31,confirmed,,False,False,False,False,False,True,False,False,False,False,False,False,flat,initial,2021-08-27,109,,False,False,False,True,False,confirmed_b,,2022-02-02,2022-03-02,2022-02-02,B,151.25,-11.027105662448344,0.1960287803460803,-17.38611646920195,True,False,True,True,True,False,True,False,False
GOOGL,2024-03-13,139.0,139.7899932861328,138.62750167846679,True,False,True,False,False,False,False,False,1,False,False,2024-03-13,,,0,False,True,False,False,False,False,False,False,False,True,False,False,flat,trail,2022-04-28,471,,False,False,False,False,False,raw_b,accepted,2024-03-14,2024-04-11,,,141.19000244140625,12.904597284261964,13.095821173349954,-0.8215905106955246,True,True,False,False,False,False,True,False,False
GOOGL,2024-03-14,141.19000244140625,143.10000610351562,138.48550186157226,False,False,False,True,False,True,False,False,1,False,True,,2024-03-13,confirmed,,False,False,False,False,False,True,False,False,False,False,False,False,flat,trail,2022-04-28,472,,False,False,False,True,False,confirmed_b,,2024-03-15,2024-04-12,2024-03-15,B,142.5,10.687716300027406,12.435088575932006,-1.7333341899671062,True,True,False,True,True,False,True,False,False
AAOI,2022-01-24,3.7699999809265137,4.019999980926514,4.668000006675721,False,True,False,False,False,False,True,False,0,False,False,,,,,False,False,False,False,False,False,False,False,False,False,False,False,flat,initial,2021-08-27,103,,False,False,False,True,True,raw_jf,,2022-01-25,2022-02-22,2022-01-25,JF,3.9700000286102295,-0.2518889267302482,14.861458688096075,-8.488668241270236,True,False,True,True,False,False,False,False,False
AAOI,2022-01-24,3.7699999809265137,4.019999980926514,4.668000006675721,False,True,False,False,False,False,True,False,0,False,False,,,,,False,False,False,False,False,False,False,False,False,False,False,False,flat,initial,2021-08-27,103,,False,False,False,True,True,tradable_jf,,2022-01-25,2022-02-22,2022-01-25,JF,3.9700000286102295,-0.2518889267302482,14.861458688096075,-8.488668241270236,True,False,True,True,True,False,False,False,False
AAOI,2022-02-01,4.130000114440918,4.119999885559082,4.245499992370606,True,False,True,False,False,False,False,False,1,False,False,2022-02-01,,,0,False,False,False,True,False,False,False,False,False,False,False,True,held,,,,AAOI:2022-01-25,False,False,False,False,True,raw_b,accepted,2022-02-02,2022-03-02,,,4.150000095367432,-10.843374393799232,9.879514168440263,-19.518076206848967,True,False,True,False,False,False,False,False,True
AAOI,2022-03-08,3.559999942779541,3.7300000190734863,3.832499992847443,True,False,True,False,False,False,False,False,1,False,False,2022-03-08,,,0,False,False,False,True,False,False,False,False,False,False,False,True,flat,trail,2022-02-28,7,,False,False,False,False,True,raw_b,accepted,2022-03-09,2022-04-05,,,3.7799999713897705,-12.698413299114586,2.910056464205768,-20.63492003421874,True,False,True,False,False,False,False,False,True
AAOI,2022-03-18,3.2799999713897705,3.609999895095825,3.603499984741211,True,False,False,False,False,False,False,False,2,True,False,,,,,False,False,False,False,False,False,False,False,False,False,False,True,flat,trail,2022-02-28,15,,False,False,False,False,True,raw_b,suppressed,2022-03-21,2022-04-18,,,3.569999933242798,-14.845937851554714,4.7899161628098375,-17.36694389783664,True,False,True,False,False,False,False,False,True
AAOI,2022-03-30,3.3299999237060547,3.490000009536743,3.4054999709129334,True,False,False,False,False,False,False,False,3,True,False,,,,,False,False,False,False,False,False,False,False,False,False,True,False,flat,trail,2022-02-28,23,,False,False,False,False,True,raw_b,suppressed,2022-03-31,2022-04-28,,,3.5,-26.2857164655413,6.88571248735701,-29.999998637608115,True,False,True,False,False,False,False,True,False
AAOI,2022-05-03,2.5799999237060547,2.7699999809265137,2.9204999685287474,True,False,True,False,False,False,False,False,1,False,False,2022-05-03,,,0,False,False,False,True,False,False,False,False,False,False,False,True,flat,trail,2022-02-28,46,,False,False,False,False,True,raw_b,accepted,2022-05-04,2022-06-01,,,2.759999990463257,-17.028986602689866,3.6231849629747126,-27.173913137373418,True,False,True,False,False,False,False,False,True
AAOI,2022-05-04,2.759999990463257,2.8499999046325684,2.8979999661445617,True,False,False,False,False,False,False,False,2,True,False,2022-05-03,,,1,False,False,False,True,False,False,False,False,False,False,False,True,flat,trail,2022-02-28,47,,False,False,False,False,True,raw_b,suppressed,2022-05-05,2022-06-02,,,2.7899999618530273,-17.20430199413644,2.15053561289984,-27.956988604104495,True,False,True,False,False,False,False,False,True
AAOI,2022-05-17,2.3499999046325684,2.4700000286102295,2.563249957561493,True,False,False,False,False,False,False,False,3,True,False,,,,,False,False,False,False,False,False,False,False,False,False,False,True,flat,trail,2022-02-28,56,,False,False,False,False,True,raw_b,suppressed,2022-05-18,2022-06-15,,,2.450000047683716,-19.183674263785335,4.489791549180633,-24.081633546758507,True,False,True,False,False,False,False,False,True
AAOI,2022-05-31,2.2899999618530273,2.369999885559082,2.366749978065491,True,False,False,False,False,False,False,False,4,True,False,,,,,False,False,False,False,False,False,False,False,False,False,False,True,flat,trail,2022-02-28,65,,False,False,False,False,True,raw_b,suppressed,2022-06-01,2022-06-29,,,2.369999885559082,-29.95780393340375,7.594939892359531,-30.379744479653937,True,False,True,False,False,False,False,False,True
AAOI,2023-01-09,1.9299999475479128,2.1500000953674316,2.014000028371811,True,False,True,False,False,False,False,False,1,False,False,2023-01-09,,,0,False,False,True,False,False,False,False,False,False,False,True,False,flat,trail,2022-02-28,218,,False,False,False,False,True,raw_b,accepted,2023-01-10,2023-02-07,,,2.1500000953674316,21.860454388088215,34.69766418556106,-1.3953585338433494,True,True,False,False,False,False,False,True,False
AAOI,2023-01-12,2.1700000762939453,2.3499999046325684,2.0245000183582307,False,False,False,True,False,True,False,False,1,False,True,,2023-01-09,confirmed,,False,False,False,False,False,False,True,False,False,False,False,False,flat,trail,2022-02-28,221,,False,False,False,True,True,confirmed_b,,2023-01-13,2023-02-10,2023-01-13,B,2.3299999237060547,13.733913396545972,24.29184563409521,-8.58368308214451,True,True,False,True,True,False,False,True,False
AAOI,2023-03-28,1.7599999904632568,1.8200000524520872,2.5095000207424163,False,True,False,False,False,False,True,False,0,False,False,,,,,False,False,False,False,False,False,False,False,False,False,False,False,flat,S,2023-01-20,47,,False,False,False,True,True,raw_jf,,2023-03-29,2023-04-26,2023-03-29,JF,1.8200000524520872,13.186806780807615,29.120870159669067,-4.120881622100391,True,True,False,True,False,False,False,False,False
AAOI,2023-03-28,1.7599999904632568,1.8200000524520872,2.5095000207424163,False,True,False,False,False,False,True,False,0,False,False,,,,,False,False,False,False,False,False,False,False,False,False,False,False,flat,S,2023-01-20,47,,False,False,False,True,True,tradable_jf,,2023-03-29,2023-04-26,2023-03-29,JF,1.8200000524520872,13.186806780807615,29.120870159669067,-4.120881622100391,True,True,False,True,True,False,False,False,False
AAOI,2023-03-31,1.919999957084656,2.2100000381469727,2.400500017404556,True,False,True,False,False,False,False,False,1,False,False,2023-03-31,,,0,False,False,False,True,False,False,False,False,False,False,False,True,held,,,,AAOI:2023-03-29,False,False,False,False,True,raw_b,accepted,2023-04-03,2023-05-01,,,2.140000104904175,-14.953272746050484,9.813074272620037,-14.953272746050484,True,False,True,False,False,False,False,False,True
AAOI,2023-04-03,2.140000104904175,2.2899999618530273,2.376000016927719,True,False,False,False,False,False,False,False,2,True,False,2023-03-31,,,1,False,False,False,True,False,False,False,False,False,False,False,True,held,,,,AAOI:2023-03-29,False,False,False,False,True,raw_b,suppressed,2023-04-04,2023-05-02,,,2.319999933242798,-20.258617367458022,1.2931022522848945,-22.41379292626443,True,False,True,False,False,False,False,False,True
AAOI,2023-04-11,2.2200000286102295,2.2799999713897705,2.238500016927719,True,False,False,False,False,False,False,False,3,True,False,,,,,False,False,False,False,False,False,False,False,False,False,False,True,held,,,,AAOI:2023-03-29,False,False,False,False,True,raw_b,suppressed,2023-04-12,2023-05-09,,,2.25,-20.00000211927626,4.44444020589192,-28.888887829250763,True,False,True,False,False,False,False,False,True
AAOI,2023-05-08,1.7599999904632568,1.7699999809265137,2.03225000500679,False,True,False,False,False,False,True,False,1,False,False,,,,,False,False,False,False,False,False,False,False,False,False,False,False,flat,trail,2023-05-02,5,,False,False,False,True,True,raw_jf,,2023-05-09,2023-06-06,2023-05-09,JF,1.7699999809265137,53.67231965654793,59.322031843562925,-7.34463257810768,True,True,False,True,False,False,False,False,False
AAOI,2023-05-08,1.7599999904632568,1.7699999809265137,2.03225000500679,False,True,False,False,False,False,True,False,1,False,False,,,,,False,False,False,False,False,False,False,False,False,False,False,False,flat,trail,2023-05-02,5,,False,False,False,True,True,tradable_jf,,2023-05-09,2023-06-06,2023-05-09,JF,1.7699999809265137,53.67231965654793,59.322031843562925,-7.34463257810768,True,True,False,True,True,False,False,False,False
AAOI,2023-05-10,1.850000023841858,1.850000023841858,1.9857500076293946,True,False,True,False,False,False,False,False,1,False,False,2023-05-10,,,0,False,False,False,True,False,False,False,False,False,False,False,True,held,,,,AAOI:2023-05-09,False,False,False,False,True,raw_b,accepted,2023-05-11,2023-06-08,,,1.850000023841858,68.64864028919528,71.35135326705941,-11.351353267059416,True,True,False,False,False,False,False,False,True
AAOI,2023-05-26,1.7799999713897705,1.899999976158142,1.7637500047683716,True,False,False,False,False,False,False,False,2,True,False,,,,,False,False,False,False,False,False,False,False,False,False,False,True,held,,,,AAOI:2023-05-09,False,False,False,False,True,raw_b,suppressed,2023-05-30,2023-06-27,,,2.0199999809265137,140.09900744692177,180.69307573425252,-2.475245187544539,True,True,False,False,False,False,False,False,True
AAOI,2024-04-16,10.920000076293944,11.989999771118164,13.176000022888184,False,True,False,False,False,False,True,False,0,False,False,,,,,False,False,False,False,False,False,False,False,False,False,False,False,flat,S,2023-06-22,206,,False,False,False,True,True,raw_jf,,2024-04-17,2024-05-14,2024-04-17,JF,12.039999961853027,-7.308971073331138,9.634550258200992,-19.933551712079066,True,False,True,True,False,False,False,False,False
AAOI,2024-04-16,10.920000076293944,11.989999771118164,13.176000022888184,False,True,False,False,False,False,True,False,0,False,False,,,,,False,False,False,False,False,False,False,False,False,False,False,False,flat,S,2023-06-22,206,,False,False,False,True,True,tradable_jf,,2024-04-17,2024-05-14,2024-04-17,JF,12.039999961853027,-7.308971073331138,9.634550258200992,-19.933551712079066,True,False,True,True,True,False,False,False,False
AAOI,2024-05-06,11.279999732971191,11.949999809265137,11.199499988555909,True,False,True,False,False,False,False,False,1,False,False,2024-05-06,,,0,False,False,True,False,False,False,False,False,False,False,True,False,held,,,,AAOI:2024-04-17,False,False,False,False,True,raw_b,accepted,2024-05-07,2024-06-04,,,11.949999809265137,-15.899578651517265,9.121340334606408,-17.991628894113653,True,False,True,False,False,False,False,True,False
AAOI,2024-05-20,11.699999809265137,12.399999618530272,10.886750030517579,True,False,False,False,False,False,False,False,2,True,False,,,,,False,False,False,False,False,False,False,False,False,False,False,True,held,,,,AAOI:2024-04-17,False,False,False,False,True,raw_b,suppressed,2024-05-21,2024-06-18,,,12.289999961853027,-18.30756718457105,6.102522394857024,-20.09764259312814,True,False,True,False,False,False,False,False,True
AAOI,2024-05-24,12.0,12.539999961853027,11.126749944686889,True,False,False,False,False,False,False,False,3,True,False,,,,,False,False,False,False,False,False,False,False,False,False,False,True,held,,,,AAOI:2024-04-17,False,False,False,False,True,raw_b,suppressed,2024-05-28,2024-06-25,,,12.75,-32.627449783624385,0.3921583587048083,-33.490199668734675,True,False,True,False,False,False,False,False,True
AAOI,2024-07-08,7.769999980926514,8.539999961853027,9.131000065803528,True,False,True,False,False,False,False,False,1,False,False,2024-07-08,,,0,False,False,False,True,False,False,False,False,False,False,False,True,flat,trail,2024-06-21,11,,False,False,False,False,True,raw_b,accepted,2024-07-09,2024-08-05,,,8.5,-18.00000246833352,42.470584196202886,-21.176472832174863,True,False,True,False,False,False,False,False,True
AAOI,2024-07-10,8.619999885559082,9.010000228881836,8.970000052452088,True,False,False,True,False,True,False,False,2,True,False,,2024-07-08,confirmed,,False,False,False,False,False,False,False,True,False,False,True,True,flat,trail,2024-06-21,13,,False,False,False,True,True,raw_b,suppressed,2024-07-11,2024-08-07,2024-07-11,B,9.350000381469728,-26.524068392827328,29.518707621418017,-28.342250952807312,True,False,True,True,False,False,False,True,True
AAOI,2024-07-10,8.619999885559082,9.010000228881836,8.970000052452088,True,False,False,True,False,True,False,False,2,True,False,,2024-07-08,confirmed,,False,False,False,False,False,False,False,True,False,False,True,True,flat,trail,2024-06-21,13,,False,False,False,True,True,confirmed_b,,2024-07-11,2024-08-07,2024-07-11,B,9.350000381469728,-26.524068392827328,29.518707621418017,-28.342250952807312,True,False,True,True,True,False,False,False,True
AAOI,2024-07-11,9.350000381469728,9.229999542236328,8.923000025749207,True,False,False,False,False,False,False,False,3,True,False,,,,,False,False,False,False,False,False,False,False,False,False,False,True,held,,,,AAOI:2024-07-11,True,False,False,False,True,raw_b,suppressed,2024-07-12,2024-08-08,,,9.279999732971191,-7.650862700182981,30.495689710542372,-27.801724115783056,True,False,True,False,False,False,False,False,True
AAOI,2024-07-15,9.56999969482422,10.199999809265137,8.875500035285949,True,False,False,False,False,False,False,False,4,True,False,,,,,False,False,False,False,False,False,False,False,False,False,False,True,held,,,,AAOI:2024-07-11,False,False,False,False,True,raw_b,suppressed,2024-07-16,2024-08-12,,,10.369999885559082,-24.30086797238814,16.77916866268465,-35.39055078876776,True,False,True,False,False,False,False,False,True
AAOI,2024-07-16,10.369999885559082,11.890000343322754,8.966000056266784,True,False,False,False,False,False,False,False,5,True,False,,,,,False,False,False,False,False,False,False,False,False,False,False,True,held,,,,AAOI:2024-07-11,False,False,False,False,True,raw_b,suppressed,2024-07-17,2024-08-13,,,11.289999961853027,-28.96368038209143,5.845879979115454,-40.65544878739339,True,False,True,False,False,False,False,False,True
AAOI,2024-08-15,8.300000190734863,8.529999732971191,8.36674997806549,True,False,True,False,False,False,False,False,1,False,False,2024-08-15,,,0,False,False,True,False,False,False,False,False,False,False,True,False,flat,trail,2024-07-25,16,,False,False,False,False,True,raw_b,accepted,2024-08-16,,,,8.460000038146973,,,,False,,,False,False,False,False,True,False
AAOI,2024-08-19,8.350000381469727,8.600000381469727,8.244499993324279,True,False,False,True,False,True,False,False,2,True,False,,2024-08-15,confirmed,,False,False,False,False,False,False,True,False,False,False,True,False,flat,trail,2024-07-25,18,,False,False,False,True,True,raw_b,suppressed,2024-08-20,,2024-08-20,B,8.59000015258789,,,,False,,,True,False,False,False,True,False
AAOI,2024-08-19,8.350000381469727,8.600000381469727,8.244499993324279,True,False,False,True,False,True,False,False,2,True,False,,2024-08-15,confirmed,,False,False,False,False,False,False,True,False,False,False,True,False,flat,trail,2024-07-25,18,,False,False,False,True,True,confirmed_b,,2024-08-20,,2024-08-20,B,8.59000015258789,,,,False,,,True,True,False,False,True,False
