position,event_type,group_by,group,events,complete,incomplete,symbols,wins,interference,win_rate_pct,interference_rate_pct,mean_ret20_pct,median_ret20_pct,mean_mfe20_pct,mean_mae20_pct,actual_entries,direct_entries,raw_b_jf_overlap,tradable_b_jf_overlap,suppressed_b_with_buy,pending_setup_rows,confirmed_setup_rows
all,raw_b,all,all,119,112,7,10,41,64,36.607142857142854,57.14285714285714,-2.280654226029277,-5.4083719115481435,16.012821104414197,-16.936478962473164,10,0,7,0,11,73,11
all,raw_b,symbol,TQQQ,8,8,0,1,4,4,50.0,50.0,-2.4772400175563467,-6.328625527757891,13.550106307694792,-22.549645146027117,0,0,0,0,0,7,0
all,raw_b,symbol,MSFT,7,6,1,1,2,2,33.33333333333333,33.33333333333333,0.47885215379160356,-2.570928726873878,5.477815368935583,-6.371619956212246,1,0,0,0,1,6,1
all,raw_b,symbol,NFLX,12,11,1,1,3,7,27.27272727272727,63.63636363636363,-6.8706247615568,-9.698877354000246,6.76653884289614,-12.389322973965438,0,0,0,0,0,10,0
all,raw_b,symbol,YINN,30,28,2,1,12,16,42.857142857142854,57.14285714285714,-1.0058406460988585,-7.173904970469591,20.751842496227848,-20.44890252593,4,0,3,0,4,15,4
all,raw_b,symbol,SNOW,15,15,0,1,3,10,20.0,66.66666666666666,-8.743237285462822,-6.324318824883147,10.849085463043428,-15.957862149919382,1,0,1,0,2,10,2
all,raw_b,symbol,TSLA,7,7,0,1,4,2,57.14285714285714,28.57142857142857,11.705207844939718,2.896061126968852,23.83596723832698,-13.58858262578163,1,0,0,0,1,5,1
all,raw_b,symbol,MRNA,12,11,1,1,8,3,72.72727272727273,27.27272727272727,2.9678559518536214,2.3868916782236127,12.463980582381657,-10.43072653992718,1,0,3,0,1,5,1
all,raw_b,symbol,NVDA,1,1,0,1,1,0,100.0,0.0,17.096318477968996,17.096318477968996,18.81027368919137,-3.979398148764457,0,0,0,0,0,1,0
all,raw_b,symbol,GOOGL,3,3,0,1,1,1,33.33333333333333,33.33333333333333,3.2157970791537367,-0.6895127012850333,8.613392889207447,-4.2218303557667545,0,0,0,0,0,3,0
all,raw_b,symbol,AAOI,24,22,2,1,3,19,13.636363636363635,86.36363636363636,-6.587548929460947,-17.60215223123498,22.06101874891041,-22.888002166696303,2,0,0,0,2,11,2
all,raw_b,source_trusted,false,64,59,5,5,26,29,44.06779661016949,49.152542372881356,-0.9927710311405454,-2.5676933455157203,14.428718211079172,-14.821780104803937,6,0,6,0,6,39,6
all,raw_b,source_trusted,true,55,53,2,5,15,35,28.30188679245283,66.0377358490566,-3.714335518452583,-12.681245803833008,17.776256400768286,-19.290577690821927,4,0,1,0,5,34,5
all,raw_b,raw_b_state,accepted,64,59,5,10,26,29,44.06779661016949,49.152542372881356,0.08694856407320468,-2.5676933455157203,15.246606786050451,-14.289938276485437,2,0,7,0,0,64,0
all,raw_b,raw_b_state,suppressed,55,53,2,8,15,35,28.30188679245283,66.0377358490566,-4.916287520671662,-11.769215944771872,16.865776666366298,-19.882628028006675,8,0,0,0,11,9,11
all,raw_b,component,B_BASE_BULL,10,10,0,6,6,2,60.0,20.0,5.077530492106666,4.166759140057453,10.526605153257155,-4.51406269962744,0,0,0,0,0,10,0
all,raw_b,component,B_STAGE_COMPONENT,16,14,2,7,4,7,28.57142857142857,50.0,-5.35311560745113,-3.565006499538892,7.991049411128306,-13.405740447770837,1,0,0,0,1,12,1
all,raw_b,component,B_BEAR_RECOVER,33,29,4,7,12,17,41.37931034482759,58.620689655172406,-1.4104044211629418,-4.099661141025324,18.538537524752858,-17.018044342873342,3,0,1,0,5,22,5
all,raw_b,component,B_CRASH_RECOVER,66,65,1,7,22,41,33.84615384615385,63.07692307692307,-2.8580550736758283,-11.273317705185848,18.326335330290817,-19.609194354513793,7,0,6,0,7,30,7
all,raw_b,component,multiple,6,6,0,3,3,3,50.0,50.0,0.7649419548959511,-1.3665551103239637,25.42236071345231,-17.34271140913253,1,0,0,0,2,1,2
all,raw_b,component,none,0,0,0,0,0,0,,,,,,,0,0,0,0,0,0,0
all,confirmed_b,all,all,35,31,4,9,14,16,45.16129032258064,51.61290322580645,0.47903026955830075,-3.3712850254824622,14.980848546923667,-13.52644377663951,25,25,0,0,11,0,35
all,confirmed_b,symbol,TQQQ,4,4,0,1,3,1,75.0,25.0,8.288804448942367,4.9808396110262665,18.330465085394124,-11.682459922962995,3,3,0,0,0,0,4
all,confirmed_b,symbol,MSFT,3,2,1,1,1,1,50.0,50.0,1.1132469529261004,1.1132469529261004,4.523348689006468,-6.379427690479778,2,2,0,0,1,0,3
all,confirmed_b,symbol,NFLX,5,4,1,1,3,1,75.0,25.0,3.878293998829563,3.1877655634383606,10.003567151431136,-5.293374707102711,3,3,0,0,0,0,5
all,confirmed_b,symbol,YINN,7,6,1,1,3,3,50.0,50.0,7.775966241893521,-2.849651651842955,22.300404130705143,-16.106482352849483,5,5,0,0,4,0,7
all,confirmed_b,symbol,SNOW,7,7,0,1,1,5,14.285714285714285,71.42857142857143,-9.896043219869927,-6.533864320950933,11.004480978784299,-16.069737905604327,4,4,0,0,2,0,7
all,confirmed_b,symbol,TSLA,3,3,0,1,1,2,33.33333333333333,66.66666666666666,1.6070340015565392,-5.471171227560534,19.93230184732121,-21.339483667050313,3,3,0,0,1,0,3
all,confirmed_b,symbol,MRNA,1,1,0,1,0,1,0.0,100.0,-5.12000189887154,-5.12000189887154,4.951110839843742,-9.466668023003477,0,0,0,0,1,0,1
all,confirmed_b,symbol,NVDA,0,0,0,0,0,0,,,,,,,0,0,0,0,0,0,0
all,confirmed_b,symbol,GOOGL,2,2,0,1,1,1,50.0,50.0,-0.16969468121046916,-0.16969468121046916,6.315558678139043,-9.559725329584529,2,2,0,0,0,0,2
all,confirmed_b,symbol,AAOI,3,2,1,1,1,1,50.0,50.0,-6.395077498140678,-6.395077498140678,26.905276627756614,-18.46296701747591,3,3,0,0,2,0,3
all,confirmed_b,source_trusted,false,18,15,3,5,8,7,53.333333333333336,46.666666666666664,3.92907173941594,0.44878447362943774,13.363041264272677,-10.610491133909324,12,12,0,0,6,0,18
all,confirmed_b,source_trusted,true,17,16,1,4,6,9,37.5,56.25,-2.7553836084332364,-3.389125458374126,16.497542874408968,-16.260149379199063,13,13,0,0,5,0,17
all,confirmed_b,component,B_BASE_BULL,6,6,0,3,3,3,50.0,50.0,-1.3154138578735874,-2.2658611816780025,6.604019235112273,-9.30053927105124,6,6,0,0,1,0,6
all,confirmed_b,component,B_STAGE_COMPONENT,8,6,2,5,4,2,66.66666666666666,33.33333333333333,2.0296252478994026,2.963378639013814,9.040193080101558,-8.437812516406517,5,5,0,0,0,0,8
all,confirmed_b,component,B_BEAR_RECOVER,14,12,2,5,6,6,50.0,50.0,3.202115305576458,1.1640675203672735,19.910003179663004,-16.87652482819085,10,10,0,0,3,0,14
all,confirmed_b,component,B_CRASH_RECOVER,8,8,0,5,2,5,25.0,62.5,4.898837020758678,-7.272040899768816,25.371827251323026,-15.129926430569475,5,5,0,0,8,0,8
all,confirmed_b,component,multiple,1,1,0,1,1,0,100.0,0.0,67.05140981683448,67.05140981683448,71.35362510318963,-10.66806303176766,1,1,0,0,1,0,1
all,confirmed_b,component,none,0,0,0,0,0,0,,,,,,,0,0,0,0,0,0,0
all,raw_jf,all,all,32,30,2,6,16,13,53.333333333333336,43.333333333333336,3.827927517131612,2.362953003383672,19.975940224691232,-16.16071478187363,25,0,7,0,0,7,0
all,raw_jf,symbol,TQQQ,5,4,1,1,3,1,75.0,25.0,7.224282200222251,11.050225917845536,18.23063142451677,-14.018414471237971,5,0,0,0,0,0,0
all,raw_jf,symbol,MSFT,0,0,0,0,0,0,,,,,,,0,0,0,0,0,0,0
all,raw_jf,symbol,NFLX,0,0,0,0,0,0,,,,,,,0,0,0,0,0,0,0
all,raw_jf,symbol,YINN,11,10,1,1,3,7,30.0,70.0,-3.1437017343573315,-4.631238304972368,22.58370818296636,-23.15866239246394,7,0,3,0,0,3,0
all,raw_jf,symbol,SNOW,5,5,0,1,2,2,40.0,40.0,3.056943776686409,-1.4388984036646901,19.184439323317775,-9.521052501745228,4,0,1,0,0,1,0
all,raw_jf,symbol,TSLA,1,1,0,1,1,0,100.0,0.0,25.294407141119702,25.294407141119702,28.60372555563726,-6.57291872903455,1,0,0,0,0,0,0
all,raw_jf,symbol,MRNA,6,6,0,1,5,1,83.33333333333334,16.666666666666664,2.9167202657977946,8.713682635227261,10.508961015208518,-17.182541042549932,4,0,3,0,0,3,0
all,raw_jf,symbol,NVDA,0,0,0,0,0,0,,,,,,,0,0,0,0,0,0,0
all,raw_jf,symbol,GOOGL,0,0,0,0,0,0,,,,,,,0,0,0,0,0,0,0
all,raw_jf,symbol,AAOI,4,4,0,1,2,2,50.0,50.0,14.82456660932354,6.467458927038683,28.234727737382265,-9.971933538389344,4,0,0,0,0,0,0
all,raw_jf,source_trusted,false,17,16,1,2,8,8,50.0,50.0,-0.8710434842991601,0.41490024215017907,18.055677995057174,-20.917616886246186,11,0,6,0,0,6,0
all,raw_jf,source_trusted,true,15,14,1,4,8,5,57.14285714285714,35.714285714285715,9.19818009019535,9.007144099423014,22.170525629987306,-10.724255234019282,14,0,1,0,0,1,0
all,tradable_jf,all,all,25,23,2,6,13,10,56.52173913043478,43.47826086956522,4.639199585560526,8.060440166995075,19.449615998803473,-15.52476003052541,25,25,2,0,0,2,0
all,tradable_jf,symbol,TQQQ,5,4,1,1,3,1,75.0,25.0,7.224282200222251,11.050225917845536,18.23063142451677,-14.018414471237971,5,5,0,0,0,0,0
all,tradable_jf,symbol,MSFT,0,0,0,0,0,0,,,,,,,0,0,0,0,0,0,0
all,tradable_jf,symbol,NFLX,0,0,0,0,0,0,,,,,,,0,0,0,0,0,0,0
all,tradable_jf,symbol,YINN,7,6,1,1,2,4,33.33333333333333,66.66666666666666,-4.734254847001856,-5.911340259199682,19.097210707226193,-24.22670478917513,7,7,1,0,0,1,0
all,tradable_jf,symbol,SNOW,4,4,0,1,2,2,50.0,50.0,5.40666595625476,4.257474814093131,19.920760142446632,-10.307576925308183,4,4,0,0,0,0,0
all,tradable_jf,symbol,TSLA,1,1,0,1,1,0,100.0,0.0,25.294407141119702,25.294407141119702,28.60372555563726,-6.57291872903455,1,1,0,0,0,0,0
all,tradable_jf,symbol,MRNA,4,4,0,1,3,1,75.0,25.0,-0.0023366636046664446,8.713682635227261,9.652425239025709,-16.986158374564276,4,4,1,0,0,1,0
all,tradable_jf,symbol,NVDA,0,0,0,0,0,0,,,,,,,0,0,0,0,0,0,0
all,tradable_jf,symbol,GOOGL,0,0,0,0,0,0,,,,,,,0,0,0,0,0,0,0
all,tradable_jf,symbol,AAOI,4,4,0,1,2,2,50.0,50.0,14.82456660932354,6.467458927038683,28.234727737382265,-9.971933538389344,4,4,0,0,0,0,0
all,tradable_jf,source_trusted,false,11,10,1,2,5,5,50.0,50.0,-2.8414875736429805,-1.632979783265248,15.319296519945999,-21.330486223330787,11,11,2,0,0,2,0
all,tradable_jf,source_trusted,true,14,13,1,4,8,5,61.53846153846154,38.46153846153847,10.393574323409375,9.953848031850953,22.626784828693836,-11.058816805290503,14,14,0,0,0,0,0
flat,raw_b,all,all,62,59,3,10,24,31,40.67796610169492,52.54237288135594,-0.6267886476216744,-4.096931190470188,15.67210625143128,-15.226453332716876,10,0,2,0,8,44,8
flat,raw_b,symbol,TQQQ,3,3,0,1,3,0,100.0,0.0,17.652992425302678,16.529968340075364,24.98113784085972,-8.776588012071892,0,0,0,0,0,3,0
flat,raw_b,symbol,MSFT,3,3,0,1,1,1,33.33333333333333,33.33333333333333,-0.0809536259449238,-1.3035084852416556,6.216975083049081,-5.059976159575445,1,0,0,0,1,2,1
flat,raw_b,symbol,NFLX,9,9,0,1,2,7,22.22222222222222,77.77777777777779,-9.059239620554576,-10.79083686768747,6.377454184749296,-14.329958973876195,0,0,0,0,0,8,0
flat,raw_b,symbol,YINN,16,16,0,1,8,8,50.0,50.0,2.759930547304087,-2.139390463111385,21.433236447468374,-20.33691155051164,4,0,1,0,3,9,3
flat,raw_b,symbol,SNOW,5,5,0,1,2,2,40.0,40.0,0.8541912108599556,-3.1282082582131387,13.236082158206361,-7.0305254578908505,1,0,0,0,1,4,1
flat,raw_b,symbol,TSLA,7,7,0,1,4,2,57.14285714285714,28.57142857142857,11.705207844939718,2.896061126968852,23.83596723832698,-13.58858262578163,1,0,0,0,1,5,1
flat,raw_b,symbol,MRNA,3,2,1,1,1,1,50.0,50.0,-2.7025242903178484,-2.7025242903178484,6.9586661446889515,-13.532509499955985,1,0,1,0,0,3,0
flat,raw_b,symbol,NVDA,1,1,0,1,1,0,100.0,0.0,17.096318477968996,17.096318477968996,18.81027368919137,-3.979398148764457,0,0,0,0,0,1,0
flat,raw_b,symbol,GOOGL,3,3,0,1,1,1,33.33333333333333,33.33333333333333,3.2157970791537367,-0.6895127012850333,8.613392889207447,-4.2218303557667545,0,0,0,0,0,3,0
flat,raw_b,symbol,AAOI,12,10,2,1,1,9,10.0,90.0,-15.986845088329863,-17.60215223123498,13.913109313496932,-22.85082246563794,2,0,0,0,2,6,2
flat,raw_b,source_trusted,false,34,33,1,5,13,18,39.39393939393939,54.54545454545454,-1.0113571530040908,-4.233694032770208,13.901130516011671,-15.43244406421244,6,0,2,0,4,25,4
flat,raw_b,source_trusted,true,28,26,2,5,11,13,42.30769230769231,50.0,-0.13868246771322268,-3.7519485408679887,17.91988314638694,-14.965003558126352,4,0,0,0,4,19,4
flat,raw_b,flat_origin,initial,13,13,0,6,1,10,7.6923076923076925,76.92307692307693,-8.319061916347168,-5.427287838550521,6.201540338188419,-14.156355555562344,1,0,0,0,1,10,1
flat,raw_b,flat_origin,S,14,14,0,5,8,4,57.14285714285714,28.57142857142857,3.825379432472595,1.3242936803039451,14.674265082963972,-8.083069317138706,2,0,0,0,2,11,2
flat,raw_b,flat_origin,trail,35,32,3,8,15,17,46.875,53.125,0.5503738327568133,-8.717801966090178,19.956079164890646,-18.786411061501358,7,0,2,0,5,23,5
flat,raw_b,raw_b_state,accepted,41,39,2,10,18,19,46.15384615384615,48.717948717948715,0.6967806250082665,-1.3035084852416556,15.969303419572647,-13.67658540457845,2,0,2,0,0,41,0
flat,raw_b,raw_b_state,suppressed,21,20,1,6,6,12,30.0,60.0,-3.2077487292500586,-11.266576533224853,15.092571773555623,-18.24869579258681,8,0,0,0,8,3,8
flat,raw_b,component,B_BASE_BULL,9,9,0,6,5,2,55.55555555555556,22.22222222222222,4.424353045679059,2.2923638357225773,10.415582208449674,-4.571885352376689,0,0,0,0,0,9,0
flat,raw_b,component,B_STAGE_COMPONENT,10,10,0,7,3,6,30.0,60.0,-4.280415994944614,-4.054357547599291,8.267654795106054,-13.587741741301253,1,0,0,0,1,8,1
flat,raw_b,component,B_BEAR_RECOVER,18,16,2,5,8,8,50.0,50.0,2.0692234635392417,-1.0999717728882308,22.767258372125298,-16.40280351924583,3,0,0,0,3,13,3
flat,raw_b,component,B_CRASH_RECOVER,27,26,1,6,9,16,34.61538461538461,61.53846153846154,-1.5504475678320244,-11.743746463440914,18.31125051556699,-19.312645702978706,7,0,2,0,5,15,5
flat,raw_b,component,multiple,2,2,0,2,1,1,50.0,50.0,13.395743162169714,13.395743162169714,46.06558317570428,-21.618641769743324,1,0,0,0,1,1,1
flat,raw_b,component,none,0,0,0,0,0,0,,,,,,,0,0,0,0,0,0,0
flat,confirmed_b,all,all,25,24,1,8,13,10,54.166666666666664,41.66666666666667,3.358160291419143,0.22439754920489108,16.342577776160805,-12.800065088439366,25,25,0,0,8,0,25
flat,confirmed_b,symbol,TQQQ,3,3,0,1,3,0,100.0,0.0,11.5172864506717,9.961668597272189,20.607588584018234,-8.391635583425371,3,3,0,0,0,0,3
flat,confirmed_b,symbol,MSFT,2,2,0,1,1,1,50.0,50.0,1.1132469529261004,1.1132469529261004,4.523348689006468,-6.379427690479778,2,2,0,0,1,0,2
flat,confirmed_b,symbol,NFLX,3,3,0,1,2,1,66.66666666666666,33.33333333333333,3.1954764473569894,0.44878447362943774,9.538417743713476,-6.780559180881725,3,3,0,0,0,0,3
flat,confirmed_b,symbol,YINN,5,5,0,1,3,2,60.0,40.0,11.215975470405445,3.724776596980184,23.514411881492457,-17.25098969875527,5,5,0,0,3,0,5
flat,confirmed_b,symbol,SNOW,4,4,0,1,1,2,25.0,50.0,-3.3850926509683443,-3.389125458374126,12.2316286763585,-10.651834564903936,4,4,0,0,1,0,4
flat,confirmed_b,symbol,TSLA,3,3,0,1,1,2,33.33333333333333,66.66666666666666,1.6070340015565392,-5.471171227560534,19.93230184732121,-21.339483667050313,3,3,0,0,1,0,3
flat,confirmed_b,symbol,MRNA,0,0,0,0,0,0,,,,,,,0,0,0,0,0,0,0
flat,confirmed_b,symbol,NVDA,0,0,0,0,0,0,,,,,,,0,0,0,0,0,0,0
flat,confirmed_b,symbol,GOOGL,2,2,0,1,1,1,50.0,50.0,-0.16969468121046916,-0.16969468121046916,6.315558678139043,-9.559725329584529,2,2,0,0,0,0,2
flat,confirmed_b,symbol,AAOI,3,2,1,1,1,1,50.0,50.0,-6.395077498140678,-6.395077498140678,26.905276627756614,-18.46296701747591,3,3,0,0,2,0,3
flat,confirmed_b,source_trusted,false,12,12,0,4,7,5,58.333333333333336,41.66666666666667,5.629450936460788,2.086780535304811,13.988760614407807,-11.539577673045843,12,12,0,0,4,0,12
flat,confirmed_b,source_trusted,true,13,12,1,4,6,5,50.0,41.66666666666667,1.086869646377499,-1.685637200351059,18.696394937913794,-14.060552503832886,13,13,0,0,4,0,13
flat,confirmed_b,flat_origin,initial,4,4,0,4,0,4,0.0,100.0,-10.18513813967425,-8.02731966327343,2.708797095601801,-16.13995730935594,4,4,0,0,1,0,4
flat,confirmed_b,flat_origin,S,8,8,0,5,4,3,50.0,37.5,1.0460692075676876,-1.685637200351059,9.769720256973502,-10.119746894422732,8,8,0,0,2,0,8
flat,confirmed_b,flat_origin,trail,13,12,1,7,9,3,75.0,25.0,9.413987157684579,10.324692448649797,25.26907634913867,-13.473646477478264,13,13,0,0,5,0,13
flat,confirmed_b,component,B_BASE_BULL,6,6,0,3,3,3,50.0,50.0,-1.3154138578735874,-2.2658611816780025,6.604019235112273,-9.30053927105124,6,6,0,0,1,0,6
flat,confirmed_b,component,B_STAGE_COMPONENT,5,5,0,3,3,2,60.0,40.0,1.2502009668298264,1.062478034441483e-05,8.568428621205047,-9.959010762534689,5,5,0,0,0,0,5
flat,confirmed_b,component,B_BEAR_RECOVER,10,9,1,5,6,3,66.66666666666666,33.33333333333333,8.848813150125993,12.943286708039569,23.419203235142255,-14.140436237771869,10,10,0,0,3,0,10
flat,confirmed_b,component,B_CRASH_RECOVER,5,5,0,4,2,2,40.0,40.0,13.929883354570473,-3.4069658912657896,34.06728081961395,-17.001481915076948,5,5,0,0,5,0,5
flat,confirmed_b,component,multiple,1,1,0,1,1,0,100.0,0.0,67.05140981683448,67.05140981683448,71.35362510318963,-10.66806303176766,1,1,0,0,1,0,1
flat,confirmed_b,component,none,0,0,0,0,0,0,,,,,,,0,0,0,0,0,0,0
flat,raw_jf,all,all,26,24,2,6,14,10,58.333333333333336,41.66666666666667,6.2950727304417535,8.133144864800833,21.543829381779304,-15.644079709461309,25,0,2,0,0,2,0
flat,raw_jf,symbol,TQQQ,5,4,1,1,3,1,75.0,25.0,7.224282200222251,11.050225917845536,18.23063142451677,-14.018414471237971,5,0,0,0,0,0,0
flat,raw_jf,symbol,MSFT,0,0,0,0,0,0,,,,,,,0,0,0,0,0,0,0
flat,raw_jf,symbol,NFLX,0,0,0,0,0,0,,,,,,,0,0,0,0,0,0,0
flat,raw_jf,symbol,YINN,8,7,1,1,3,4,42.857142857142854,57.14285714285714,2.2820894258141236,-5.646911947482868,26.3277144905115,-23.39266586571968,7,0,1,0,0,1,0
flat,raw_jf,symbol,SNOW,4,4,0,1,2,2,50.0,50.0,5.40666595625476,4.257474814093131,19.920760142446632,-10.307576925308183,4,0,0,0,0,0,0
flat,raw_jf,symbol,TSLA,1,1,0,1,1,0,100.0,0.0,25.294407141119702,25.294407141119702,28.60372555563726,-6.57291872903455,1,0,0,0,0,0,0
flat,raw_jf,symbol,MRNA,4,4,0,1,3,1,75.0,25.0,-0.0023366636046664446,8.713682635227261,9.652425239025709,-16.986158374564276,4,0,1,0,0,1,0
flat,raw_jf,symbol,NVDA,0,0,0,0,0,0,,,,,,,0,0,0,0,0,0,0
flat,raw_jf,symbol,GOOGL,0,0,0,0,0,0,,,,,,,0,0,0,0,0,0,0
flat,raw_jf,symbol,AAOI,4,4,0,1,2,2,50.0,50.0,14.82456660932354,6.467458927038683,28.234727737382265,-9.971933538389344,4,0,0,0,0,0,0
flat,raw_jf,source_trusted,false,12,11,1,2,6,5,54.54545454545454,45.45454545454545,1.4513890296618361,2.3809523809523725,20.26397294451667,-21.063026778026803,11,0,2,0,0,2,0
flat,raw_jf,source_trusted,true,14,13,1,4,8,5,61.53846153846154,38.46153846153847,10.393574323409375,9.953848031850953,22.626784828693836,-11.058816805290503,14,0,0,0,0,0,0
flat,raw_jf,flat_origin,initial,5,5,0,5,2,3,40.0,60.0,1.6341619841005972,-0.2518889267302482,18.43174119677422,-15.714770459115812,5,0,0,0,0,0,0
flat,raw_jf,flat_origin,S,7,6,1,4,3,3,50.0,50.0,-1.0437506917273984,3.3107708816651926,16.186085705803077,-18.464726784588155,7,0,0,0,0,0,0
flat,raw_jf,flat_origin,trail,14,13,1,5,9,4,69.23076923076923,30.76923076923077,11.474879981574116,9.221515707847928,25.21359114953951,-14.315053847997184,13,0,2,0,0,2,0
flat,tradable_jf,all,all,25,23,2,6,13,10,56.52173913043478,43.47826086956522,4.639199585560526,8.060440166995075,19.449615998803473,-15.52476003052541,25,25,2,0,0,2,0
flat,tradable_jf,symbol,TQQQ,5,4,1,1,3,1,75.0,25.0,7.224282200222251,11.050225917845536,18.23063142451677,-14.018414471237971,5,5,0,0,0,0,0
flat,tradable_jf,symbol,MSFT,0,0,0,0,0,0,,,,,,,0,0,0,0,0,0,0
flat,tradable_jf,symbol,NFLX,0,0,0,0,0,0,,,,,,,0,0,0,0,0,0,0
flat,tradable_jf,symbol,YINN,7,6,1,1,2,4,33.33333333333333,66.66666666666666,-4.734254847001856,-5.911340259199682,19.097210707226193,-24.22670478917513,7,7,1,0,0,1,0
flat,tradable_jf,symbol,SNOW,4,4,0,1,2,2,50.0,50.0,5.40666595625476,4.257474814093131,19.920760142446632,-10.307576925308183,4,4,0,0,0,0,0
flat,tradable_jf,symbol,TSLA,1,1,0,1,1,0,100.0,0.0,25.294407141119702,25.294407141119702,28.60372555563726,-6.57291872903455,1,1,0,0,0,0,0
flat,tradable_jf,symbol,MRNA,4,4,0,1,3,1,75.0,25.0,-0.0023366636046664446,8.713682635227261,9.652425239025709,-16.986158374564276,4,4,1,0,0,1,0
flat,tradable_jf,symbol,NVDA,0,0,0,0,0,0,,,,,,,0,0,0,0,0,0,0
flat,tradable_jf,symbol,GOOGL,0,0,0,0,0,0,,,,,,,0,0,0,0,0,0,0
flat,tradable_jf,symbol,AAOI,4,4,0,1,2,2,50.0,50.0,14.82456660932354,6.467458927038683,28.234727737382265,-9.971933538389344,4,4,0,0,0,0,0
flat,tradable_jf,source_trusted,false,11,10,1,2,5,5,50.0,50.0,-2.8414875736429805,-1.632979783265248,15.319296519945999,-21.330486223330787,11,11,2,0,0,2,0
flat,tradable_jf,source_trusted,true,14,13,1,4,8,5,61.53846153846154,38.46153846153847,10.393574323409375,9.953848031850953,22.626784828693836,-11.058816805290503,14,14,0,0,0,0,0
flat,tradable_jf,flat_origin,initial,5,5,0,5,2,3,40.0,60.0,1.6341619841005972,-0.2518889267302482,18.43174119677422,-15.714770459115812,5,5,0,0,0,0,0
flat,tradable_jf,flat_origin,S,7,6,1,4,3,3,50.0,50.0,-1.0437506917273984,3.3107708816651926,16.186085705803077,-18.464726784588155,7,7,0,0,0,0,0
flat,tradable_jf,flat_origin,trail,13,12,1,5,8,4,66.66666666666666,33.33333333333333,8.732773724812793,8.713682635227261,21.505495646149196,-13.975605641581367,13,13,2,0,0,2,0
held,raw_b,all,all,57,53,4,7,17,33,32.075471698113205,62.264150943396224,-4.121749869916987,-8.172041370022686,16.392107450187634,-18.840092399371674,0,0,5,0,3,29,3
held,raw_b,symbol,TQQQ,5,5,0,1,1,4,20.0,80.0,-14.555379483271764,-19.610554765784805,6.691487387795836,-30.81347942640025,0,0,0,0,0,4,0
held,raw_b,symbol,MSFT,4,3,1,1,1,1,33.33333333333333,33.33333333333333,1.038657933528131,-3.8383489685061,4.738655654822084,-7.683263752849045,0,0,0,0,0,4,0
held,raw_b,symbol,NFLX,3,2,1,1,1,0,50.0,0.0,2.97814210393319,2.97814210393319,8.517419804556937,-3.6564609743670373,0,0,0,0,0,2,0
held,raw_b,symbol,YINN,14,12,2,1,4,8,33.33333333333333,66.66666666666666,-6.026868903969455,-8.79806063534439,19.843317227907132,-20.5982238264878,0,0,2,0,1,6,1
held,raw_b,symbol,SNOW,10,10,0,1,1,8,10.0,80.0,-13.541951533624209,-12.165842353873979,9.65558711546196,-20.421530495933645,0,0,1,0,1,6,1
held,raw_b,symbol,TSLA,0,0,0,0,0,0,,,,,,,0,0,0,0,0,0,0
held,raw_b,symbol,MRNA,9,9,0,1,7,2,77.77777777777779,22.22222222222222,4.227940450113947,2.3868916782236127,13.687383790757814,-9.741441437698558,0,0,2,0,1,2,1
held,raw_b,symbol,NVDA,0,0,0,0,0,0,,,,,,,0,0,0,0,0,0,0
held,raw_b,symbol,GOOGL,0,0,0,0,0,0,,,,,,,0,0,0,0,0,0,0
held,raw_b,symbol,AAOI,12,12,0,1,2,10,16.666666666666664,83.33333333333334,1.2451978695964838,-17.103572918044158,28.850943278421642,-22.918985250911604,0,0,0,0,0,5,0
held,raw_b,source_trusted,false,30,26,4,4,13,11,50.0,42.30769230769231,-0.9691809533906593,-0.18827592631338042,15.098348747126387,-14.046706617862375,0,0,4,0,2,14,2
held,raw_b,source_trusted,true,27,27,0,3,4,22,14.814814814814813,81.48148148148148,-7.157556974720114,-15.899578651517265,17.637949164246614,-23.455945374158407,0,0,1,0,1,15,1
held,raw_b,raw_b_state,accepted,23,20,3,7,8,10,40.0,50.0,-1.1022239547501644,-3.9200768546853726,13.837348350682163,-15.485976376704054,0,0,5,0,0,23,0
held,raw_b,raw_b_state,suppressed,34,33,1,6,9,23,27.27272727272727,69.6969696969697,-5.951765576078696,-15.306818886390117,17.94044629837277,-20.8728899888672,0,0,0,0,3,6,3
held,raw_b,component,B_BASE_BULL,1,1,0,1,1,0,100.0,0.0,10.956127509955138,10.956127509955138,11.525811656524464,-3.993658824884183,0,0,0,0,0,1,0
held,raw_b,component,B_STAGE_COMPONENT,6,4,2,3,1,1,25.0,25.0,-8.034864638717421,-3.488920317513877,7.299535951183934,-12.950737213944793,0,0,0,0,0,4,0
held,raw_b,component,B_BEAR_RECOVER,15,13,2,6,4,9,30.76923076923077,69.23076923076923,-5.693023356181014,-5.12000189887154,13.33395802029447,-17.77526381810721,0,0,1,0,2,9,2
held,raw_b,component,B_CRASH_RECOVER,39,39,0,5,13,25,33.33333333333333,64.1025641025641,-3.7297934109050326,-10.843374393799232,18.336391873440043,-19.806893455537185,0,0,4,0,2,15,2
held,raw_b,component,multiple,4,4,0,2,2,2,50.0,50.0,-5.55045864874093,-1.3665551103239637,15.10074948232633,-15.204746228827133,0,0,0,0,1,0,1
held,raw_b,component,none,0,0,0,0,0,0,,,,,,,0,0,0,0,0,0,0
held,confirmed_b,all,all,10,7,3,6,1,6,14.285714285714285,85.71428571428571,-9.392272662536017,-6.533864320950933,10.312062618110621,-16.01688499332573,0,0,0,0,3,0,10
held,confirmed_b,symbol,TQQQ,1,1,0,1,0,1,0.0,100.0,-1.396641556245637,-1.396641556245637,11.499094589521807,-21.554932941575867,0,0,0,0,0,0,1
held,confirmed_b,symbol,MSFT,1,0,1,1,0,0,,,,,,,0,0,0,0,0,0,1
held,confirmed_b,symbol,NFLX,2,1,1,1,1,0,100.0,0.0,5.9267466532472834,5.9267466532472834,11.39901537458412,-0.8318212857656659,0,0,0,0,0,0,2
held,confirmed_b,symbol,YINN,2,1,1,1,0,1,0.0,100.0,-9.424079900666094,-9.424079900666094,16.230365376768606,-10.383945623320534,0,0,0,0,1,0,2
held,confirmed_b,symbol,SNOW,3,3,0,1,0,3,0.0,100.0,-18.577310645072043,-15.914638807245307,9.368284048685364,-23.29360902653818,0,0,0,0,1,0,3
held,confirmed_b,symbol,TSLA,0,0,0,0,0,0,,,,,,,0,0,0,0,0,0,0
held,confirmed_b,symbol,MRNA,1,1,0,1,0,1,0.0,100.0,-5.12000189887154,-5.12000189887154,4.951110839843742,-9.466668023003477,0,0,0,0,1,0,1
held,confirmed_b,symbol,NVDA,0,0,0,0,0,0,,,,,,,0,0,0,0,0,0,0
held,confirmed_b,symbol,GOOGL,0,0,0,0,0,0,,,,,,,0,0,0,0,0,0,0
held,confirmed_b,symbol,AAOI,0,0,0,0,0,0,,,,,,,0,0,0,0,0,0,0
held,confirmed_b,source_trusted,false,6,3,3,4,1,2,33.33333333333333,66.66666666666666,-2.8724450487634505,-5.12000189887154,10.860163863732156,-6.894144977363226,0,0,0,0,2,0,6
held,confirmed_b,source_trusted,true,4,4,0,2,0,4,0.0,100.0,-14.282143372865443,-11.22425156409812,9.900986683894473,-22.858940005297605,0,0,0,0,1,0,4
held,confirmed_b,component,B_BASE_BULL,0,0,0,0,0,0,,,,,,,0,0,0,0,0,0,0
held,confirmed_b,component,B_STAGE_COMPONENT,3,1,2,2,1,0,100.0,0.0,5.9267466532472834,5.9267466532472834,11.39901537458412,-0.8318212857656659,0,0,0,0,0,0,3
held,confirmed_b,component,B_BEAR_RECOVER,4,3,1,3,0,3,0.0,100.0,-13.737978228072153,-6.533864320950933,9.382403013225266,-25.084790599447796,0,0,0,0,0,0,4
held,confirmed_b,component,B_CRASH_RECOVER,3,3,0,3,0,3,0.0,100.0,-10.152906868927646,-9.424079900666094,10.879404637504814,-12.010667289723683,0,0,0,0,3,0,3
held,confirmed_b,component,multiple,0,0,0,0,0,0,,,,,,,0,0,0,0,0,0,0
held,confirmed_b,component,none,0,0,0,0,0,0,,,,,,,0,0,0,0,0,0,0
held,raw_jf,all,all,6,6,0,3,2,3,33.33333333333333,50.0,-6.040653336108959,-2.5653589019882403,13.704383596338964,-18.22725507152292,0,0,5,0,0,5,0
held,raw_jf,symbol,TQQQ,0,0,0,0,0,0,,,,,,,0,0,0,0,0,0,0
held,raw_jf,symbol,MSFT,0,0,0,0,0,0,,,,,,,0,0,0,0,0,0,0
held,raw_jf,symbol,NFLX,0,0,0,0,0,0,,,,,,,0,0,0,0,0,0,0
held,raw_jf,symbol,YINN,3,3,0,1,0,3,0.0,100.0,-15.80388110809073,-3.6155646624618676,13.847693465361047,-22.61265428820054,0,0,2,0,0,2,0
held,raw_jf,symbol,SNOW,1,1,0,1,0,0,0.0,0.0,-6.341944941586997,-6.341944941586997,16.23915604680237,-6.374954807493416,0,0,1,0,0,1,0
held,raw_jf,symbol,TSLA,0,0,0,0,0,0,,,,,,,0,0,0,0,0,0,0
held,raw_jf,symbol,MRNA,2,2,0,1,2,0,100.0,0.0,8.754834124602716,8.754834124602716,12.222032567574137,-17.57530637852124,0,0,2,0,0,2,0
held,raw_jf,symbol,NVDA,0,0,0,0,0,0,,,,,,,0,0,0,0,0,0,0
held,raw_jf,symbol,GOOGL,0,0,0,0,0,0,,,,,,,0,0,0,0,0,0,0
held,raw_jf,symbol,AAOI,0,0,0,0,0,0,,,,,,,0,0,0,0,0,0,0
held,raw_jf,source_trusted,false,5,5,0,2,2,3,40.0,60.0,-5.98039501501335,-1.5151531415146136,13.197429106246284,-20.597715124328822,0,0,4,0,0,4,0
held,raw_jf,source_trusted,true,1,1,0,1,0,0,0.0,0.0,-6.341944941586997,-6.341944941586997,16.23915604680237,-6.374954807493416,0,0,1,0,0,1,0
held,tradable_jf,all,all,0,0,0,0,0,0,,,,,,,0,0,0,0,0,0,0
held,tradable_jf,symbol,TQQQ,0,0,0,0,0,0,,,,,,,0,0,0,0,0,0,0
held,tradable_jf,symbol,MSFT,0,0,0,0,0,0,,,,,,,0,0,0,0,0,0,0
held,tradable_jf,symbol,NFLX,0,0,0,0,0,0,,,,,,,0,0,0,0,0,0,0
held,tradable_jf,symbol,YINN,0,0,0,0,0,0,,,,,,,0,0,0,0,0,0,0
held,tradable_jf,symbol,SNOW,0,0,0,0,0,0,,,,,,,0,0,0,0,0,0,0
held,tradable_jf,symbol,TSLA,0,0,0,0,0,0,,,,,,,0,0,0,0,0,0,0
held,tradable_jf,symbol,MRNA,0,0,0,0,0,0,,,,,,,0,0,0,0,0,0,0
held,tradable_jf,symbol,NVDA,0,0,0,0,0,0,,,,,,,0,0,0,0,0,0,0
held,tradable_jf,symbol,GOOGL,0,0,0,0,0,0,,,,,,,0,0,0,0,0,0,0
held,tradable_jf,symbol,AAOI,0,0,0,0,0,0,,,,,,,0,0,0,0,0,0,0
held,tradable_jf,source_trusted,false,0,0,0,0,0,0,,,,,,,0,0,0,0,0,0,0
held,tradable_jf,source_trusted,true,0,0,0,0,0,0,,,,,,,0,0,0,0,0,0,0
