window,signal,group_by,group,events,complete,incomplete,symbols,wins,interference,win_rate_pct,interference_rate_pct,mean_ret20_pct,median_ret20_pct,mean_mfe20_pct,mean_mae20_pct
training,b,all,all,35,31,4,9,14,16,45.16129032258064,51.61290322580645,0.47903026955830075,-3.3712850254824622,14.980848546923667,-13.52644377663951
training,b,regime,bull,16,13,3,5,7,6,53.84615384615385,46.15384615384615,-2.230627728220384,1.062478034441483e-05,8.353091998222428,-10.984767523982592
training,b,regime,bear,19,18,1,6,7,10,38.88888888888889,55.55555555555556,2.4360054901762402,-4.263483895068665,19.76756160987456,-15.362098848002843
training,b,regime,unknown,0,0,0,0,0,0,,,,,,
training,b,symbol,AAOI,3,2,1,1,1,1,50.0,50.0,-6.395077498140678,-6.395077498140678,26.905276627756614,-18.46296701747591
training,b,symbol,GOOGL,2,2,0,1,1,1,50.0,50.0,-0.16969468121046916,-0.16969468121046916,6.315558678139043,-9.559725329584529
training,b,symbol,MRNA,1,1,0,1,0,1,0.0,100.0,-5.12000189887154,-5.12000189887154,4.951110839843742,-9.466668023003477
training,b,symbol,MSFT,3,2,1,1,1,1,50.0,50.0,1.1132469529261004,1.1132469529261004,4.523348689006468,-6.379427690479778
training,b,symbol,NFLX,5,4,1,1,3,1,75.0,25.0,3.878293998829563,3.1877655634383606,10.003567151431136,-5.293374707102711
training,b,symbol,NVDA,0,0,0,0,0,0,,,,,,
training,b,symbol,SNOW,7,7,0,1,1,5,14.285714285714285,71.42857142857143,-9.896043219869927,-6.533864320950933,11.004480978784299,-16.069737905604327
training,b,symbol,TQQQ,4,4,0,1,3,1,75.0,25.0,8.288804448942367,4.9808396110262665,18.330465085394124,-11.682459922962995
training,b,symbol,TSLA,3,3,0,1,1,2,33.33333333333333,66.66666666666666,1.6070340015565392,-5.471171227560534,19.93230184732121,-21.339483667050313
training,b,symbol,YINN,7,6,1,1,3,3,50.0,50.0,7.775966241893521,-2.849651651842955,22.300404130705143,-16.106482352849483
training,jf,all,all,25,23,2,6,13,10,56.52173913043478,43.47826086956522,4.639199585560526,8.060440166995075,19.449615998803473,-15.52476003052541
training,jf,regime,bull,0,0,0,0,0,0,,,,,,
training,jf,regime,bear,25,23,2,6,13,10,56.52173913043478,43.47826086956522,4.639199585560526,8.060440166995075,19.449615998803473,-15.52476003052541
training,jf,regime,unknown,0,0,0,0,0,0,,,,,,
training,jf,symbol,AAOI,4,4,0,1,2,2,50.0,50.0,14.82456660932354,6.467458927038683,28.234727737382265,-9.971933538389344
training,jf,symbol,GOOGL,0,0,0,0,0,0,,,,,,
training,jf,symbol,MRNA,4,4,0,1,3,1,75.0,25.0,-0.0023366636046664446,8.713682635227261,9.652425239025709,-16.986158374564276
training,jf,symbol,MSFT,0,0,0,0,0,0,,,,,,
training,jf,symbol,NFLX,0,0,0,0,0,0,,,,,,
training,jf,symbol,NVDA,0,0,0,0,0,0,,,,,,
training,jf,symbol,SNOW,4,4,0,1,2,2,50.0,50.0,5.40666595625476,4.257474814093131,19.920760142446632,-10.307576925308183
training,jf,symbol,TQQQ,5,4,1,1,3,1,75.0,25.0,7.224282200222251,11.050225917845536,18.23063142451677,-14.018414471237971
training,jf,symbol,TSLA,1,1,0,1,1,0,100.0,0.0,25.294407141119702,25.294407141119702,28.60372555563726,-6.57291872903455
training,jf,symbol,YINN,7,6,1,1,2,4,33.33333333333333,66.66666666666666,-4.734254847001856,-5.911340259199682,19.097210707226193,-24.22670478917513
training,s,all,all,35,35,0,8,20,13,57.14285714285714,37.142857142857146,1.139174300999996,-2.076713272385322,18.15913965328397,-13.96739701934263
training,s,regime,bull,17,17,0,7,8,7,47.05882352941176,41.17647058823529,6.701660041905431,0.42604554288405705,22.088000938936556,-13.01540807447001
training,s,regime,bear,18,18,0,8,12,6,66.66666666666666,33.33333333333333,-4.114284454299582,-8.5495222771577,14.448548439056525,-14.866497689500111
training,s,regime,unknown,0,0,0,0,0,0,,,,,,
training,s,symbol,AAOI,5,5,0,1,1,4,20.0,80.0,32.18804568197316,28.820964926856508,65.8310408986546,-9.829513227372074
training,s,symbol,GOOGL,0,0,0,0,0,0,,,,,,
training,s,symbol,MRNA,2,2,0,1,2,0,100.0,0.0,-15.915818232639571,-15.915818232639571,3.420892411736165,-18.02581591110067
training,s,symbol,MSFT,0,0,0,0,0,0,,,,,,
training,s,symbol,NFLX,3,3,0,1,3,0,100.0,0.0,-6.181939948210736,-7.073552418239359,3.549594742976122,-10.21026786190649
training,s,symbol,NVDA,6,6,0,1,2,4,33.33333333333333,66.66666666666666,3.16535890885241,4.793456282085385,11.901049888439104,-10.021387563075878
training,s,symbol,SNOW,5,5,0,1,2,3,40.0,60.0,-3.1310170505467854,4.860777505132252,14.306593879413208,-15.926729141633604
training,s,symbol,TQQQ,5,5,0,1,3,1,60.0,20.0,-7.066242342506063,-0.6886585120778443,9.001014413947196,-18.84418771829403
training,s,symbol,TSLA,4,4,0,1,3,0,75.0,0.0,-8.425971205421458,-9.329770283205047,8.71315985503595,-16.298936115368626
training,s,symbol,YINN,5,5,0,1,4,1,80.0,20.0,-0.998728646223792,-9.365705456226825,13.225426820336946,-14.77004799852861
training,b,component,B_BASE_BULL,6,6,0,3,3,3,50.0,50.0,-1.3154138578735874,-2.2658611816780025,6.604019235112273,-9.30053927105124
training,b,component,B_STAGE_COMPONENT,8,6,2,4,4,2,66.66666666666666,33.33333333333333,2.0296252478994026,2.963378639013814,9.040193080101558,-8.437812516406517
training,b,component,B_BEAR_RECOVER,14,12,2,5,6,6,50.0,50.0,3.202115305576458,1.1640675203672735,19.910003179663004,-16.87652482819085
training,b,component,B_CRASH_RECOVER,8,8,0,5,2,5,25.0,62.5,4.898837020758678,-7.272040899768816,25.371827251323026,-15.129926430569475
training,b,wait_bars,1,16,16,0,6,8,7,50.0,43.75,3.801487118559612,-0.6983154657326462,15.06224414095964,-11.153750392826963
training,b,wait_bars,2,9,6,3,5,1,5,16.666666666666664,83.33333333333334,-11.150794048894737,-6.002517774255733,11.60987263926389,-18.600075584191092
training,b,wait_bars,3,4,3,1,3,2,1,66.66666666666666,33.33333333333333,3.9948177072802373,13.733913396545972,16.803778613650476,-9.889561256243962
training,b,wait_bars,4,2,2,0,1,0,2,0.0,100.0,-26.49441760109229,-26.49441760109229,8.343543443564439,-29.537284894864932
training,b,wait_bars,5,4,4,0,4,3,1,75.0,25.0,15.483822708266457,6.843222597126186,21.663185033903936,-10.129010931746288
training,b,setup_regime,bull,14,12,2,5,7,5,58.333333333333336,41.66666666666667,0.3571056950129076,0.22439754920489108,7.822106157606915,-8.869175893728878
training,b,regime_pair,bull->bull,14,12,2,5,7,5,58.333333333333336,41.66666666666667,0.3571056950129076,0.22439754920489108,7.822106157606915,-8.869175893728878
training,b,regime_pair,bull->bear,0,0,0,0,0,0,,,,,,
training,b,regime_pair,bull->unknown,0,0,0,0,0,0,,,,,,
training,b,setup_regime,bear,21,19,2,6,7,11,36.84210526315789,57.89473684210527,0.5560352640080231,-5.12000189887154,19.502159529650033,-16.467876123740965
training,b,regime_pair,bear->bull,2,1,1,1,0,1,0.0,100.0,-33.28342880701989,-33.28342880701989,14.724922085608604,-36.371867087027155
training,b,regime_pair,bear->bear,19,18,1,6,7,10,38.88888888888889,55.55555555555556,2.4360054901762402,-4.263483895068665,19.76756160987456,-15.362098848002843
training,b,regime_pair,bear->unknown,0,0,0,0,0,0,,,,,,
training,b,setup_regime,unknown,0,0,0,0,0,0,,,,,,
training,b,regime_pair,unknown->bull,0,0,0,0,0,0,,,,,,
training,b,regime_pair,unknown->bear,0,0,0,0,0,0,,,,,,
training,b,regime_pair,unknown->unknown,0,0,0,0,0,0,,,,,,
training,b,component_set,B_BASE_BULL,6,6,0,3,3,3,50.0,50.0,-1.3154138578735874,-2.2658611816780025,6.604019235112273,-9.30053927105124
training,b,component_set,B_BEAR_RECOVER,13,11,2,5,5,6,45.45454545454545,54.54545454545454,-2.6023660136288167,-1.396641556245637,15.23331027752422,-17.4409304460475
training,b,component_set,B_BEAR_RECOVER+B_CRASH_RECOVER,1,1,0,1,1,0,100.0,0.0,67.05140981683448,67.05140981683448,71.35362510318963,-10.66806303176766
training,b,component_set,B_CRASH_RECOVER,7,7,0,5,1,5,14.285714285714285,71.42857142857143,-3.980101950109294,-9.424079900666094,18.802998986770653,-15.767335487541162
training,b,component_set,B_STAGE_COMPONENT,8,6,2,4,4,2,66.66666666666666,33.33333333333333,2.0296252478994026,2.963378639013814,9.040193080101558,-8.437812516406517
validation,b,all,all,13,12,1,8,6,6,50.0,50.0,2.6464793145697034,-0.7260742204084791,15.922195170158114,-14.161324855782945
validation,b,regime,bull,8,7,1,5,5,2,71.42857142857143,28.57142857142857,8.433945403697034,6.354654294866724,16.825402292922806,-12.119906475007316
validation,b,regime,bear,5,5,0,3,1,4,20.0,80.0,-5.455973210208563,-5.457020773446796,14.657705198287548,-17.019310588868827
validation,b,regime,unknown,0,0,0,0,0,0,,,,,,
validation,b,symbol,AAOI,1,1,0,1,1,0,100.0,0.0,1.1147545986488039,1.1147545986488039,38.7540973600794,-17.65901534283748
validation,b,symbol,GOOGL,1,1,0,1,1,0,100.0,0.0,3.5030689866974773,3.5030689866974773,5.817592278399886,-0.7881862267141493
validation,b,symbol,MRNA,3,3,0,1,0,3,0.0,100.0,-7.171683293013811,-5.457020773446796,11.305006890061525,-18.321820412923078
validation,b,symbol,MSFT,1,1,0,1,0,1,0.0,100.0,-6.8795707706501785,-6.8795707706501785,0.619407961173768,-12.472076362737416
validation,b,symbol,NFLX,3,2,1,1,2,0,100.0,0.0,8.52054023441655,8.52054023441655,9.870984140051242,-9.401913870864393
validation,b,symbol,NVDA,1,1,0,1,0,1,0.0,100.0,-18.427764994412964,-18.427764994412964,0.06535065301793708,-26.151735094462857
validation,b,symbol,SNOW,0,0,0,0,0,0,,,,,,
validation,b,symbol,TQQQ,0,0,0,0,0,0,,,,,,
validation,b,symbol,TSLA,2,2,0,1,1,1,50.0,50.0,9.642529249874759,9.642529249874759,18.575628147668777,-17.864073425008414
validation,b,symbol,YINN,1,1,0,1,1,0,100.0,0.0,37.636174865012116,37.636174865012116,55.00164854360177,-3.367449412128598
validation,jf,all,all,10,10,0,6,8,2,80.0,20.0,7.201301427656849,7.1977997508082545,24.38878448392305,-15.139605965534077
validation,jf,regime,bull,1,1,0,1,1,0,100.0,0.0,3.77865892957594,3.77865892957594,13.391305018450828,-10.664030348173092
validation,jf,regime,bear,9,9,0,6,7,2,77.77777777777779,22.22222222222222,7.5815950385547275,9.372906957797401,25.610726646753292,-15.636892145240852
validation,jf,regime,unknown,0,0,0,0,0,0,,,,,,
validation,jf,symbol,AAOI,2,2,0,1,1,1,50.0,50.0,-1.2183534653451122,-1.2183534653451122,34.022180275806576,-30.349811379278023
validation,jf,symbol,GOOGL,0,0,0,0,0,0,,,,,,
validation,jf,symbol,MRNA,3,3,0,1,2,1,66.66666666666666,33.33333333333333,-0.7293483550441572,4.7949552431417075,22.133704092108346,-10.467048740764604
validation,jf,symbol,MSFT,0,0,0,0,0,0,,,,,,
validation,jf,symbol,NFLX,0,0,0,0,0,0,,,,,,
validation,jf,symbol,NVDA,2,2,0,1,2,0,100.0,0.0,6.57578294368667,6.57578294368667,12.277974164521599,-9.83543425414367
validation,jf,symbol,SNOW,0,0,0,0,0,0,,,,,,
validation,jf,symbol,TQQQ,1,1,0,1,1,0,100.0,0.0,25.005508134069785,25.005508134069785,32.60629122425247,-18.263937050014476
validation,jf,symbol,TSLA,1,1,0,1,1,0,100.0,0.0,9.70056295109758,9.70056295109758,17.619796219869222,-13.654134613350543
validation,jf,symbol,YINN,1,1,0,1,1,0,100.0,0.0,28.780129299850476,28.780129299850476,34.66033623812741,-7.706350502838555
validation,s,all,all,12,10,2,6,5,4,50.0,40.0,-0.8472006876520186,-0.3057533566658055,10.5368236561588,-13.035212441245127
validation,s,regime,bull,11,10,1,6,5,4,50.0,40.0,-0.8472006876520186,-0.3057533566658055,10.5368236561588,-13.035212441245127
validation,s,regime,bear,1,0,1,0,0,0,,,,,,
validation,s,regime,unknown,0,0,0,0,0,0,,,,,,
validation,s,symbol,AAOI,2,2,0,1,2,0,100.0,0.0,-9.643255544310064,-9.643255544310064,5.2722374125621965,-22.029492238608512
validation,s,symbol,GOOGL,0,0,0,0,0,0,,,,,,
validation,s,symbol,MRNA,1,0,1,0,0,0,,,,,,
validation,s,symbol,MSFT,0,0,0,0,0,0,,,,,,
validation,s,symbol,NFLX,1,1,0,1,0,1,0.0,100.0,9.607776373232003,9.607776373232003,11.853814748368286,-7.793944765758731
validation,s,symbol,NVDA,0,0,0,0,0,0,,,,,,
validation,s,symbol,SNOW,2,2,0,1,1,0,50.0,0.0,-0.7870227178116083,-0.7870227178116083,8.3847770926618,-8.86152424076489
validation,s,symbol,TQQQ,2,1,1,1,0,1,0.0,100.0,2.7067139615314817,2.7067139615314817,10.392343179811792,-8.939678490609237
validation,s,symbol,TSLA,2,2,0,1,1,1,50.0,50.0,-2.610540149767915,-2.610540149767915,8.426787069213615,-12.736678627821846
validation,s,symbol,YINN,2,2,0,1,1,1,50.0,50.0,2.6475698062477515,2.6475698062477515,19.47723774226635,-13.181555470846401
validation,b,component,B_BASE_BULL,2,2,0,2,2,0,100.0,0.0,20.632101523759804,20.632101523759804,22.384683445731657,-7.135678820845215
validation,b,component,B_STAGE_COMPONENT,5,4,1,4,3,1,75.0,25.0,7.266533288040839,4.928861640782101,17.439298102886625,-11.591441237705201
validation,b,component,B_BEAR_RECOVER,5,5,0,4,1,4,20.0,80.0,-6.623112730279947,-6.8795707706501785,13.74679297662755,-18.88567556120737
validation,b,component,B_CRASH_RECOVER,1,1,0,1,0,1,0.0,100.0,-5.457020773446796,-5.457020773446796,7.805817855749808,-14.870397870847253
validation,b,wait_bars,1,8,7,1,6,3,4,42.857142857142854,57.14285714285714,4.115599672505143,-6.8795707706501785,17.07057267305286,-14.981029549060414
validation,b,wait_bars,2,2,2,0,2,1,1,50.0,50.0,0.4680829736158576,0.4680829736158576,8.069908589085594,-8.240441997386249
validation,b,wait_bars,3,0,0,0,0,0,0,,,,,,
validation,b,wait_bars,4,0,0,0,0,0,0,,,,,,
validation,b,wait_bars,5,3,3,0,3,2,1,66.66666666666666,33.33333333333333,0.6707960400229105,1.1147545986488039,18.477505384118704,-16.195935810399977
validation,b,setup_regime,bull,7,6,1,5,5,1,83.33333333333334,16.666666666666664,11.721722699947158,8.52054023441655,19.08775988383497,-10.106187098751873
validation,b,regime_pair,bull->bull,7,6,1,5,5,1,83.33333333333334,16.666666666666664,11.721722699947158,8.52054023441655,19.08775988383497,-10.106187098751873
validation,b,regime_pair,bull->bear,0,0,0,0,0,0,,,,,,
validation,b,regime_pair,bull->unknown,0,0,0,0,0,0,,,,,,
validation,b,setup_regime,bear,6,6,0,4,1,5,16.666666666666664,83.33333333333334,-6.428764070807755,-6.168295772048488,12.75663045648126,-18.216462612814016
validation,b,regime_pair,bear->bull,1,1,0,1,0,1,0.0,100.0,-11.292718373803712,-11.292718373803712,3.2512567474498155,-24.20222273253998
validation,b,regime_pair,bear->bear,5,5,0,3,1,4,20.0,80.0,-5.455973210208563,-5.457020773446796,14.657705198287548,-17.019310588868827
validation,b,regime_pair,bear->unknown,0,0,0,0,0,0,,,,,,
validation,b,setup_regime,unknown,0,0,0,0,0,0,,,,,,
validation,b,regime_pair,unknown->bull,0,0,0,0,0,0,,,,,,
validation,b,regime_pair,unknown->bear,0,0,0,0,0,0,,,,,,
validation,b,regime_pair,unknown->unknown,0,0,0,0,0,0,,,,,,
validation,b,component_set,B_BASE_BULL,2,2,0,2,2,0,100.0,0.0,20.632101523759804,20.632101523759804,22.384683445731657,-7.135678820845215
validation,b,component_set,B_BEAR_RECOVER,5,5,0,4,1,4,20.0,80.0,-6.623112730279947,-6.8795707706501785,13.74679297662755,-18.88567556120737
validation,b,component_set,B_CRASH_RECOVER,1,1,0,1,0,1,0.0,100.0,-5.457020773446796,-5.457020773446796,7.805817855749808,-14.870397870847253
validation,b,component_set,B_STAGE_COMPONENT,5,4,1,4,3,1,75.0,25.0,7.266533288040839,4.928861640782101,17.439298102886625,-11.591441237705201
recent,b,all,all,14,12,2,9,9,3,75.0,25.0,5.113744040822661,5.153792517112576,16.089382534664818,-9.340454028161684
recent,b,regime,bull,9,7,2,6,4,3,57.14285714285714,42.857142857142854,-1.9918613248872006,1.9632489007901155,13.626032147193765,-11.534564096174577
recent,b,regime,bear,5,5,0,5,5,0,100.0,0.0,15.06159155281647,8.337730132423339,19.538073077124288,-6.268699932943635
recent,b,regime,unknown,0,0,0,0,0,0,,,,,,
recent,b,symbol,AAOI,2,1,1,1,0,1,0.0,100.0,-2.0202032527164904,-2.0202032527164904,18.518518042811174,-16.531985593545684
recent,b,symbol,GOOGL,2,1,1,1,1,0,100.0,0.0,3.8035273553150395,3.8035273553150395,4.973593274157495,-11.312828741307579
recent,b,symbol,MRNA,2,2,0,1,2,0,100.0,0.0,7.722333887643229,7.722333887643229,26.30537731980572,-11.204226974109265
recent,b,symbol,MSFT,1,1,0,1,1,0,100.0,0.0,2.454771108962772,2.454771108962772,8.969852313324456,-0.3190927170029889
recent,b,symbol,NFLX,0,0,0,0,0,0,,,,,,
recent,b,symbol,NVDA,1,1,0,1,1,0,100.0,0.0,6.504057678910113,6.504057678910113,17.523030551298604,-2.2764211101583554
recent,b,symbol,SNOW,3,3,0,1,2,1,66.66666666666666,33.33333333333333,-4.2649811062408505,8.230577281275986,7.298807693858126,-15.200737522085925
recent,b,symbol,TQQQ,1,1,0,1,1,0,100.0,0.0,44.529979969289776,44.529979969289776,48.500820250149744,-1.8233397760285763
recent,b,symbol,TSLA,1,1,0,1,0,1,0.0,100.0,-8.201250064715982,-8.201250064715982,1.3781137256765552,-11.364163440323338
recent,b,symbol,YINN,1,1,0,1,1,0,100.0,0.0,11.644321238262801,11.644321238262801,18.701484537373947,-0.4469504450973827
recent,jf,all,all,9,9,0,6,7,2,77.77777777777779,22.22222222222222,16.609564434129748,11.151868384383112,29.443624157081917,-7.135251857056681
recent,jf,regime,bull,1,1,0,1,1,0,100.0,0.0,13.166833672413315,13.166833672413315,60.82917876845413,-11.95804335980858
recent,jf,regime,bear,8,8,0,6,6,2,75.0,25.0,17.039905779344302,11.032666261967506,25.52042983066039,-6.532402919212693
recent,jf,regime,unknown,0,0,0,0,0,0,,,,,,
recent,jf,symbol,AAOI,2,2,0,1,2,0,100.0,0.0,50.51662736964745,50.51662736964745,75.56115231165626,-6.4115068067548915
recent,jf,symbol,GOOGL,0,0,0,0,0,0,,,,,,
recent,jf,symbol,MRNA,1,1,0,1,1,0,100.0,0.0,46.88552689261203,46.88552689261203,51.094281060822986,-0.9048827883702759
recent,jf,symbol,MSFT,1,1,0,1,1,0,100.0,0.0,3.0728492989445355,3.0728492989445355,7.5470172806291425,-4.662253272454475
recent,jf,symbol,NFLX,2,2,0,1,2,0,100.0,0.0,12.658140157626551,12.658140157626551,17.828902647270674,-1.4332946423323
recent,jf,symbol,NVDA,0,0,0,0,0,0,,,,,,
recent,jf,symbol,SNOW,2,2,0,1,1,1,50.0,50.0,0.5798566347196941,0.5798566347196941,9.358842455409677,-7.2472780876412966
recent,jf,symbol,TQQQ,0,0,0,0,0,0,,,,,,
recent,jf,symbol,TSLA,0,0,0,0,0,0,,,,,,
recent,jf,symbol,YINN,1,1,0,1,0,1,0.0,100.0,-27.981544608376208,-27.981544608376208,0.8535242436119361,-28.4659715792284
recent,s,all,all,16,14,2,10,7,6,50.0,42.857142857142854,0.54001803425553,-0.8981289176799467,10.217383043842997,-8.980996049089645
recent,s,regime,bull,12,11,1,8,5,6,45.45454545454545,54.54545454545454,1.80735496800881,0.1664970495836915,11.974940491466105,-8.541853735478508
recent,s,regime,bear,4,3,1,3,2,0,66.66666666666666,0.0,-4.106884056173162,-3.560407195088755,3.7730057358916107,-10.591184532330493
recent,s,regime,unknown,0,0,0,0,0,0,,,,,,
recent,s,symbol,AAOI,2,1,1,1,0,1,0.0,100.0,1.4845605566196074,1.4845605566196074,24.58431919320512,-20.42755643044917
recent,s,symbol,GOOGL,2,2,0,1,1,1,50.0,50.0,6.7812591210844975,6.7812591210844975,11.978256938604638,-5.067383993142221
recent,s,symbol,MRNA,2,2,0,1,1,1,50.0,50.0,3.1775881957009258,3.1775881957009258,11.621466931664447,-8.306919308149158
recent,s,symbol,MSFT,1,1,0,1,1,0,100.0,0.0,-3.560407195088755,-3.560407195088755,1.6284082174716996,-12.382380403326687
recent,s,symbol,NFLX,1,1,0,1,1,0,100.0,0.0,-10.417956362124968,-10.417956362124968,0.47354240000301306,-12.394483211012219
recent,s,symbol,NVDA,1,1,0,1,1,0,100.0,0.0,-3.0861267451760432,-3.0861267451760432,1.6000429465880206,-9.885097591919322
recent,s,symbol,SNOW,1,1,0,1,1,0,100.0,0.0,-4.568784497172807,-4.568784497172807,12.835504795348962,-10.849808000522799
recent,s,symbol,TQQQ,2,2,0,1,0,2,0.0,100.0,5.718870904216066,5.718870904216066,16.47516184322564,-6.615844802372129
recent,s,symbol,TSLA,2,2,0,1,1,0,50.0,0.0,-1.906483384533142,-1.906483384533142,5.4956678915786155,-7.160023615348471
recent,s,symbol,YINN,2,1,1,1,0,1,0.0,100.0,0.1664970495836915,0.1664970495836915,10.780437851038482,-5.494275612000898
recent,b,component,B_BASE_BULL,4,3,1,3,2,1,66.66666666666666,33.33333333333333,2.72454097644987,1.9632489007901155,23.11395168310163,-8.59631601442397
recent,b,component,B_STAGE_COMPONENT,5,4,1,4,2,2,50.0,50.0,-5.529163050890004,-2.198861354700471,6.51009249526287,-13.73825015748753
recent,b,component,B_BEAR_RECOVER,4,4,0,4,4,0,100.0,0.0,16.74255690791475,9.992738276703228,22.16665596958877,-4.771890568717205
recent,b,component,B_CRASH_RECOVER,1,1,0,1,1,0,100.0,0.0,8.337730132423339,8.337730132423339,9.023741507266347,-12.255937389849358
recent,b,wait_bars,1,8,7,1,6,5,2,71.42857142857143,28.57142857142857,5.3766148736853046,6.504057678910113,14.702488454048524,-9.11400012737151
recent,b,wait_bars,2,2,1,1,1,1,0,100.0,0.0,3.8035273553150395,3.8035273553150395,4.973593274157495,-11.312828741307579
recent,b,wait_bars,3,2,2,0,2,1,1,50.0,50.0,3.1587634398534243,3.1587634398534243,13.77112977503876,-14.393961491697521
recent,b,wait_bars,4,1,1,0,1,1,0,100.0,0.0,11.644321238262801,11.644321238262801,18.701484537373947,-0.4469504450973827
recent,b,wait_bars,5,1,1,0,1,1,0,100.0,0.0,1.9632489007901155,1.9632489007901155,38.93783387602916,-7.739745276539633
recent,b,setup_regime,bull,9,7,2,6,4,3,57.14285714285714,42.857142857142854,-1.9918613248872006,1.9632489007901155,13.626032147193765,-11.534564096174577
recent,b,regime_pair,bull->bull,9,7,2,6,4,3,57.14285714285714,42.857142857142854,-1.9918613248872006,1.9632489007901155,13.626032147193765,-11.534564096174577
recent,b,regime_pair,bull->bear,0,0,0,0,0,0,,,,,,
recent,b,regime_pair,bull->unknown,0,0,0,0,0,0,,,,,,
recent,b,setup_regime,bear,5,5,0,5,5,0,100.0,0.0,15.06159155281647,8.337730132423339,19.538073077124288,-6.268699932943635
recent,b,regime_pair,bear->bull,0,0,0,0,0,0,,,,,,
recent,b,regime_pair,bear->bear,5,5,0,5,5,0,100.0,0.0,15.06159155281647,8.337730132423339,19.538073077124288,-6.268699932943635
recent,b,regime_pair,bear->unknown,0,0,0,0,0,0,,,,,,
recent,b,setup_regime,unknown,0,0,0,0,0,0,,,,,,
recent,b,regime_pair,unknown->bull,0,0,0,0,0,0,,,,,,
recent,b,regime_pair,unknown->bear,0,0,0,0,0,0,,,,,,
recent,b,regime_pair,unknown->unknown,0,0,0,0,0,0,,,,,,
recent,b,component_set,B_BASE_BULL,4,3,1,3,2,1,66.66666666666666,33.33333333333333,2.72454097644987,1.9632489007901155,23.11395168310163,-8.59631601442397
recent,b,component_set,B_BEAR_RECOVER,4,4,0,4,4,0,100.0,0.0,16.74255690791475,9.992738276703228,22.16665596958877,-4.771890568717205
recent,b,component_set,B_CRASH_RECOVER,1,1,0,1,1,0,100.0,0.0,8.337730132423339,8.337730132423339,9.023741507266347,-12.255937389849358
recent,b,component_set,B_STAGE_COMPONENT,5,4,1,4,2,2,50.0,50.0,-5.529163050890004,-2.198861354700471,6.51009249526287,-13.73825015748753
full,b,all,all,62,60,2,10,33,26,55.00000000000001,43.333333333333336,2.824289377456348,1.5390017497194597,15.691222047879346,-12.09226587221907
full,b,regime,bull,33,31,2,10,19,12,61.29032258064516,38.70967741935484,0.6287216950958654,2.375175960391296,10.973325472022394,-10.668241654942614
full,b,regime,bear,29,29,0,8,14,14,48.275862068965516,48.275862068965516,5.171275520669277,-1.396641556245637,20.73449080138161,-13.614498656204251
full,b,regime,unknown,0,0,0,0,0,0,,,,,,
full,b,symbol,AAOI,6,5,1,1,3,2,60.0,40.0,8.879039182569631,1.1147545986488039,37.11768030873387,-14.595912825628961
full,b,symbol,GOOGL,5,4,1,1,3,1,75.0,25.0,1.7418017448978946,3.6532981710062584,5.855575727208866,-7.805116406797696
full,b,symbol,MRNA,6,6,0,1,2,4,33.33333333333333,66.66666666666666,-1.8650640004377532,-3.843452469168651,15.246147691606625,-14.47343053499854
full,b,symbol,MSFT,5,5,0,1,3,2,60.0,40.0,0.035374040911218076,2.375175960391296,4.261189642998033,-6.051517874699192
full,b,symbol,NFLX,8,8,0,1,7,1,87.5,12.5,5.091043142784288,5.489194421504628,9.105958147457045,-5.427778190726956
full,b,symbol,NVDA,2,2,0,1,1,1,50.0,50.0,-5.961853657751425,-5.961853657751425,8.79419060215827,-14.214078102310607
full,b,symbol,SNOW,10,10,0,1,3,6,30.0,60.0,-8.206724585781206,-4.970415106108361,9.892778993306447,-15.809037790548805
full,b,symbol,TQQQ,5,5,0,1,4,1,80.0,20.0,15.537039553011848,9.961668597272189,24.36453611834525,-9.71063589357611
full,b,symbol,TSLA,6,6,0,1,2,4,33.33333333333333,66.66666666666666,2.650818406617192,-6.836210646138258,16.387712593829622,-18.518460215248517
full,b,symbol,YINN,9,9,0,1,5,4,55.55555555555556,44.44444444444444,9.864552597698866,3.724776596980184,23.351887953764976,-12.737005511002767
full,jf,all,all,44,44,0,9,30,14,68.18181818181817,31.818181818181817,8.139715490913092,9.297211332822664,23.12907685667146,-13.072722663166832
full,jf,regime,bull,2,2,0,2,2,0,100.0,0.0,8.472746300994627,8.472746300994627,37.110241893452475,-11.311036853990835
full,jf,regime,bear,42,42,0,9,28,14,66.66666666666666,33.33333333333333,8.123856880909212,9.297211332822664,22.463307093015217,-13.156612463603784
full,jf,regime,unknown,0,0,0,0,0,0,,,,,,
full,jf,symbol,AAOI,8,8,0,1,5,3,62.5,37.5,19.736851780737354,13.176820226610465,41.51319701555684,-14.176296315702901
full,jf,symbol,GOOGL,0,0,0,0,0,0,,,,,,
full,jf,symbol,MRNA,8,8,0,1,6,2,75.0,25.0,5.586016896632611,6.61427105321285,19.513136786656354,-12.531332813615148
full,jf,symbol,MSFT,1,1,0,1,1,0,100.0,0.0,3.0728492989445355,3.0728492989445355,7.5470172806291425,-4.662253272454475
full,jf,symbol,NFLX,2,2,0,1,2,0,100.0,0.0,12.658140157626551,12.658140157626551,17.828902647270674,-1.4332946423323
full,jf,symbol,NVDA,2,2,0,1,2,0,100.0,0.0,6.57578294368667,6.57578294368667,12.277974164521599,-9.83543425414367
full,jf,symbol,SNOW,6,6,0,1,3,3,50.0,50.0,3.7977295157430717,4.257474814093131,16.400120913434314,-9.287477312752554
full,jf,symbol,TQQQ,6,6,0,1,5,1,83.33333333333334,16.666666666666664,11.51471587816861,14.612835001374435,23.447482505388432,-12.737528418563505
full,jf,symbol,TSLA,2,2,0,1,2,0,100.0,0.0,17.497485046108643,17.497485046108643,23.111760887753242,-10.113526671192545
full,jf,symbol,YINN,9,9,0,1,4,5,44.44444444444444,55.55555555555556,-1.427311752893549,-5.646911947482868,19.59986645368689,-20.21799614990092
full,s,all,all,63,61,2,10,33,24,54.09836065573771,39.34426229508197,0.6852115432794744,-1.5447145562432096,14.808528877887305,-12.554748598830008
full,s,regime,bull,40,39,1,9,18,18,46.15384615384615,46.15384615384615,3.6457955298777303,0.42604554288405705,16.14972312310904,-11.578626262545873
full,s,regime,bear,23,22,1,9,15,6,68.18181818181817,27.27272727272727,-4.563096432962886,-8.5495222771577,12.43095726135786,-14.28514728587915
full,s,regime,unknown,0,0,0,0,0,0,,,,,,
full,s,symbol,AAOI,9,8,1,1,3,5,37.5,62.5,17.89228473473316,11.437466779330386,45.53549981395032,-14.20426338056582
full,s,symbol,GOOGL,2,2,0,1,1,1,50.0,50.0,6.7812591210844975,6.7812591210844975,11.978256938604638,-5.067383993142221
full,s,symbol,MRNA,5,5,0,1,4,1,80.0,20.0,-7.897361850629776,-13.464967764107282,6.434577865196379,-13.513639743969488
full,s,symbol,MSFT,1,1,0,1,1,0,100.0,0.0,-3.560407195088755,-3.560407195088755,1.6284082174716996,-12.382380403326687
full,s,symbol,NFLX,5,5,0,1,4,1,80.0,20.0,-3.871199966705034,-7.073552418239359,4.595228275459933,-10.163846312498084
full,s,symbol,NVDA,7,7,0,1,3,4,42.857142857142854,57.14285714285714,2.272289529705488,0.42604554288405705,10.429477468174664,-10.00191756719637
full,s,symbol,SNOW,8,8,0,1,4,3,50.0,37.5,-2.7247393981912436,0.14599650397972264,12.642253547217326,-13.525812773777574
full,s,symbol,TQQQ,9,9,0,1,3,5,33.33333333333333,55.55555555555556,-0.4819831957004759,2.7067139615314817,11.733149200846103,-13.598253128600861
full,s,symbol,TSLA,8,8,0,1,5,1,62.5,12.5,-5.342241486285993,-5.812483150103976,7.837193667716033,-13.12364361847689
full,s,symbol,YINN,9,8,1,1,5,3,62.5,37.5,0.05849917887002931,-1.2191594039976605,14.482755929656989,-13.213453318292096
full,b,component,B_BASE_BULL,12,11,1,6,7,4,63.63636363636363,36.36363636363637,3.776849348147972,1.9632489007901155,13.975939759221983,-8.714867391933616
full,b,component,B_STAGE_COMPONENT,18,17,1,8,12,5,70.58823529411765,29.411764705882355,1.7456762985008236,3.5030689866974773,9.752949395853863,-9.417535561628357
full,b,component,B_BEAR_RECOVER,23,23,0,8,12,11,52.17391304347826,47.82608695652174,5.357196827609901,1.1147545986488039,20.586404066147505,-14.438114034813376
full,b,component,B_CRASH_RECOVER,10,10,0,5,3,6,30.0,60.0,4.207140552504595,-5.288511336159168,21.980417737360035,-14.816574670525242
full,b,wait_bars,1,32,31,1,9,17,13,54.83870967741935,41.935483870967744,4.206185232537027,0.44878447362943774,15.059486067470072,-11.308713321804223
full,b,wait_bars,2,13,12,1,8,6,6,50.0,50.0,0.2793788935440684,-0.09586353953723314,14.800213673581467,-12.163696692569372
full,b,wait_bars,3,6,6,0,4,3,3,50.0,50.0,1.8577766377002172,3.1587634398534243,13.435838184951194,-12.10606039613816
full,b,wait_bars,4,3,3,0,2,1,2,33.33333333333333,66.66666666666666,-13.781504654640594,-19.705406395164694,11.796190474834274,-19.840506744942413
full,b,wait_bars,5,8,8,0,7,6,2,75.0,25.0,8.238865981740584,2.8440127488851497,22.627886270500127,-12.105449554340591
full,b,setup_regime,bull,30,28,2,10,19,9,67.85714285714286,32.142857142857146,2.5436371394336317,3.312757737529226,11.411981324319912,-9.141487352105424
full,b,regime_pair,bull->bull,30,28,2,10,19,9,67.85714285714286,32.142857142857146,2.5436371394336317,3.312757737529226,11.411981324319912,-9.141487352105424
full,b,regime_pair,bull->bear,0,0,0,0,0,0,,,,,,
full,b,regime_pair,bull->unknown,0,0,0,0,0,0,,,,,,
full,b,setup_regime,bear,32,32,0,8,14,17,43.75,53.125,3.069860085726226,-2.986934465365776,19.435557680993856,-14.674197077318516
full,b,regime_pair,bear->bull,3,3,0,3,0,3,0.0,100.0,-17.24382245205662,-11.292718373803712,6.879204183912212,-24.917948481423053
full,b,regime_pair,bear->bear,29,29,0,8,14,14,48.275862068965516,48.275862068965516,5.171275520669277,-1.396641556245637,20.73449080138161,-13.614498656204251
full,b,regime_pair,bear->unknown,0,0,0,0,0,0,,,,,,
full,b,setup_regime,unknown,0,0,0,0,0,0,,,,,,
full,b,regime_pair,unknown->bull,0,0,0,0,0,0,,,,,,
full,b,regime_pair,unknown->bear,0,0,0,0,0,0,,,,,,
full,b,regime_pair,unknown->unknown,0,0,0,0,0,0,,,,,,
full,b,component_set,B_BASE_BULL,12,11,1,6,7,4,63.63636363636363,36.36363636363637,3.776849348147972,1.9632489007901155,13.975939759221983,-8.714867391933616
full,b,component_set,B_BEAR_RECOVER,22,22,0,8,11,11,50.0,50.0,2.552914419008783,-0.1409434787984165,18.278803109918318,-14.609479989497276
full,b,component_set,B_BEAR_RECOVER+B_CRASH_RECOVER,1,1,0,1,1,0,100.0,0.0,67.05140981683448,67.05140981683448,71.35362510318963,-10.66806303176766
full,b,component_set,B_CRASH_RECOVER,9,9,0,5,2,6,22.22222222222222,66.66666666666666,-2.775556032420946,-5.457020773446796,16.494505807823415,-15.277520408164971
full,b,component_set,B_STAGE_COMPONENT,18,17,1,8,12,5,70.58823529411765,29.411764705882355,1.7456762985008236,3.5030689866974773,9.752949395853863,-9.417535561628357
