window,scope,group_by,group,trades,symbols,wins,win_rate_pct,mean_return_pct,median_return_pct,worst_return_pct,median_overnight_log_pct,median_intraday_log_pct,negative_overnight_trades,negative_intraday_trades,exit_gap_worsened_trades,last_close_win_to_loss,median_exit_gap_impact_pp,worst_overnight_pct,worst_intraday_pct,reentries
training,all,all,all,50,9,24,48.0,6.645423285558796,-0.4967422602022542,-34.38185233852087,-0.016366095468137276,1.3371074503612859,25,25,15,0,0.025549118704903506,-26.89236735839884,-15.858583387069835,41
training,all,exit_reason,signal,16,6,14,87.5,31.612698583927322,21.183427605214646,-7.5571202234804735,10.040778251319486,13.611831640011744,6,4,6,0,0.025549118704903506,-8.09524172828311,-15.858583387069835,15
training,all,exit_reason,trail,28,8,4,14.285714285714285,-12.419979845098359,-14.42998412481034,-34.38185233852087,-4.731534723032494,-8.96365050613242,19,21,9,0,0.5960055960001771,-26.89236735839884,-11.955632199765464,20
training,all,exit_reason,terminal,6,6,6,100.0,29.037903766309437,22.599240431364453,11.76681414720866,15.987761157598392,6.677905083361507,0,0,0,0,0.0,-6.990306560309656,-7.608131129639418,6
training,all,outcome,win,24,9,24,100.0,30.384381549599212,19.16561714747227,1.6724582841518787,11.240214162972723,12.506587098000342,6,3,5,0,0.0,-11.259544568839475,-15.858583387069835,22
training,all,outcome,nonpositive,26,8,0,0.0,-15.267461265863128,-14.677411426534427,-34.38185233852087,-4.115577998418049,-10.179910090067718,19,22,10,0,0.3734408278906205,-26.89236735839884,-11.486149334152774,19
training,all,profit_to_loss,false,29,9,24,82.75862068965517,20.601609787400573,16.370420922658813,-34.38185233852087,9.529281288634586,10.78770879695316,10,7,5,0,0.13414302745873297,-26.89236735839884,-15.858583387069835,25
training,all,profit_to_loss,true,21,6,0,0.0,-12.627405693175087,-12.0011368775506,-26.9742832525411,-4.111666971732152,-8.144225873884363,15,18,10,0,0.0,-10.741206218291966,-11.486149334152774,16
training,all,symbol,AAOI,7,1,2,28.57142857142857,18.492445518634874,-1.91320485993266,-25.39859610915135,-1.1827056704902001,-0.41569866642280984,4,4,2,0,0.0,-6.650245929355048,-15.858583387069835,6
training,all,symbol,GOOGL,2,1,1,50.0,-3.407421826704576,-3.407421826704576,-23.185264576067965,2.2390472582640735,-7.647221966943542,0,1,0,0,0.6995900100531411,-6.696269900926821,-4.291601562500002,1
training,all,symbol,MRNA,4,1,1,25.0,-5.341523820061918,-8.996874879923045,-22.72557501230831,-2.9597073680003425,-5.21753894724635,2,2,2,0,-0.4293000866563257,-3.8177084090291524,-8.813101247785593,3
training,all,symbol,MSFT,2,1,1,50.0,7.071823888481051,7.071823888481051,-21.59643001259398,8.040714359473313,-4.727066580247525,1,1,0,0,0.2572094443600683,-4.729608379278916,-3.8696123318702424,1
training,all,symbol,NFLX,3,1,3,100.0,33.416352293620236,26.615563913745355,8.481864091411184,11.700723445201703,15.125761271201025,1,0,0,0,0.0,-6.990306560309656,-4.132361397048512,2
training,all,symbol,SNOW,8,1,4,50.0,2.7601827593967165,2.909449490855148,-20.634647434082034,-6.696034680199731,1.3498374661669523,6,4,3,0,0.3353532684938991,-9.885611313136877,-9.293322731036735,7
training,all,symbol,TQQQ,8,1,4,50.0,9.333360938057972,1.6626295779051663,-18.423402686815884,4.242888690148771,-4.294028196911341,2,4,2,0,0.9707737266675665,-8.0309930171088,-11.486149334152774,7
training,all,symbol,TSLA,4,1,3,75.0,13.042173583118089,18.338520266777756,-26.593404828411128,12.691422984587835,3.716452085807121,1,2,2,0,-0.49691016065000326,-4.396922262441539,-11.955632199765464,3
training,all,symbol,YINN,12,1,5,41.66666666666667,-2.6920636657316876,-6.0080959448238715,-34.38185233852087,-6.513278192898117,-3.6571057900633996,8,7,4,0,0.5091044369188733,-26.89236735839884,-9.252577894792413,11
training,B,all,all,25,8,14,56.00000000000001,7.3765837959599425,8.481864091411184,-26.9742832525411,-1.3159447261116715,6.6217650710885385,14,10,7,0,0.0,-11.813641687825227,-8.458028881939272,21
training,B,exit_reason,signal,11,6,9,81.81818181818183,21.273316827835284,16.50919972702114,-7.5571202234804735,9.529281288634586,12.097902008822464,5,2,4,0,0.0,-8.09524172828311,-8.458028881939272,10
training,B,exit_reason,trail,10,7,1,10.0,-17.86208319423173,-21.115538723338005,-26.9742832525411,-11.740927353338847,-7.1763104498151815,9,8,3,0,0.7758722996638152,-11.813641687825227,-7.960198180149181,7
training,B,exit_reason,terminal,4,4,4,100.0,32.25723543378193,26.055249356107446,11.76681414720866,15.524093276473293,10.42949493624386,0,0,0,0,0.0,-6.990306560309656,-4.132361397048512,4
training,B,outcome,win,14,8,14,100.0,26.72701501492006,21.183427605214646,1.6724582841518787,10.615002366918144,13.804013262401549,4,0,3,0,0.0,-9.167245040919914,-8.458028881939272,13
training,B,outcome,nonpositive,11,7,0,0.0,-17.251237755443846,-20.634647434082034,-26.9742832525411,-4.119489025103946,-3.7758758578754046,10,10,4,0,0.5144188887201366,-11.813641687825227,-7.960198180149181,8
training,B,profit_to_loss,false,17,8,14,82.35294117647058,17.618068482585034,16.370420922658813,-26.593404828411128,3.3808322168777813,12.097902008822464,6,2,3,0,0.05109823740980701,-11.813641687825227,-8.458028881939272,15
training,B,profit_to_loss,true,8,5,0,0.0,-14.386571163118372,-15.706881102915027,-26.9742832525411,-7.852707321113062,-3.7628426048511185,8,8,4,0,-0.3202164509883971,-10.741206218291966,-7.150255001651374,6
training,B,symbol,AAOI,3,1,1,33.33333333333333,1.616829323596436,-1.91320485993266,-5.003121316486691,-1.1827056704902001,-0.41569866642280984,2,2,1,0,0.0,-5.046260421738991,-7.150255001651374,3
training,B,symbol,GOOGL,2,1,1,50.0,-3.407421826704576,-3.407421826704576,-23.185264576067965,2.2390472582640735,-7.647221966943542,0,1,0,0,0.6995900100531411,-6.696269900926821,-4.291601562500002,1
training,B,symbol,MRNA,0,0,0,,,,,,,0,0,0,0,,,,0
training,B,symbol,MSFT,2,1,1,50.0,7.071823888481051,7.071823888481051,-21.59643001259398,8.040714359473313,-4.727066580247525,1,1,0,0,0.2572094443600683,-4.729608379278916,-3.8696123318702424,1
training,B,symbol,NFLX,3,1,3,100.0,33.416352293620236,26.615563913745355,8.481864091411184,11.700723445201703,15.125761271201025,1,0,0,0,0.0,-6.990306560309656,-4.132361397048512,2
training,B,symbol,SNOW,4,1,2,50.0,-1.0030999809656493,0.056523891599147724,-20.634647434082034,-9.039996291017534,1.2894172989501733,3,2,2,0,-0.0864138537559791,-9.885611313136877,-6.991783984354905,3
training,B,symbol,TQQQ,3,1,2,66.66666666666666,7.862911872344431,12.172843726286352,-17.082673786856507,-2.1437596619317905,10.78770879695316,2,1,0,0,1.8904492159253259,-4.883143336015627,-6.614102231191565,3
training,B,symbol,TSLA,3,1,2,66.66666666666666,13.783103094108329,25.85765548340815,-26.593404828411128,12.32292585206209,10.875310611145268,1,1,2,0,-1.8051140394940788,-3.498116701032772,-8.458028881939272,3
training,B,symbol,YINN,5,1,2,40.0,2.2121201896599785,-7.5571202234804735,-26.9742832525411,-12.83402756510509,6.6217650710885385,4,2,2,0,0.7404508811335582,-11.813641687825227,-6.258066238895543,5
training,JF,all,all,25,6,10,40.0,5.914262775157648,-3.1678067374243724,-34.38185233852087,1.4456552534783895,-3.4424064395310268,11,15,8,0,0.13414302745873297,-26.89236735839884,-15.858583387069835,20
training,JF,exit_reason,signal,5,4,5,100.0,54.3593384473298,32.27609989487663,6.437643816955396,10.552275214004386,35.380227732748025,1,2,2,0,0.13414302745873297,-6.63101277886865,-15.858583387069835,5
training,JF,exit_reason,trail,18,6,3,16.666666666666664,-9.396589095579817,-10.513505759912533,-34.38185233852087,-3.9407882103635403,-8.96365050613242,10,13,6,0,0.3734408278906205,-26.89236735839884,-11.955632199765464,13
training,JF,exit_reason,terminal,2,2,2,100.0,22.599240431364453,22.599240431364453,18.97800480303782,15.987761157598392,4.543761823050548,0,0,0,0,0.0,-3.1961450847609485,-7.608131129639418,2
training,JF,outcome,win,10,6,10,100.0,35.504694698150026,19.16561714747227,6.437643816955396,11.54428204155814,6.262105105333772,2,3,2,0,0.06707151372936648,-11.259544568839475,-15.858583387069835,9
training,JF,outcome,nonpositive,15,5,0,0.0,-13.8126918401706,-12.0011368775506,-34.38185233852087,-4.111666971732152,-11.325364864625925,9,12,6,0,0.34061657055752903,-26.89236735839884,-11.486149334152774,11
training,JF,profit_to_loss,false,12,6,10,83.33333333333334,24.82829330255592,14.898694926592594,-34.38185233852087,10.665990047374063,4.543761823050548,4,5,2,0,0.27020405634122246,-26.89236735839884,-15.858583387069835,10
training,JF,profit_to_loss,true,13,5,0,0.0,-11.544842327056141,-11.409216181607517,-26.410032710845943,-3.7699094489949285,-9.783075138380477,7,10,6,0,0.0,-8.0309930171088,-11.486149334152774,10
training,JF,symbol,AAOI,4,1,1,25.0,31.1491576649137,-7.364389915323566,-25.39859610915135,4.006069093983237,1.5885763019219001,2,2,1,0,0.5387883912924121,-6.650245929355048,-15.858583387069835,3
training,JF,symbol,GOOGL,0,0,0,,,,,,,0,0,0,0,,,,0
training,JF,symbol,MRNA,4,1,1,25.0,-5.341523820061918,-8.996874879923045,-22.72557501230831,-2.9597073680003425,-5.21753894724635,2,2,2,0,-0.4293000866563257,-3.8177084090291524,-8.813101247785593,3
training,JF,symbol,MSFT,0,0,0,,,,,,,0,0,0,0,,,,0
training,JF,symbol,NFLX,0,0,0,,,,,,,0,0,0,0,,,,0
training,JF,symbol,SNOW,4,1,2,50.0,6.523465499759082,2.909449490855148,-12.0011368775506,-6.279704171126374,1.3498374661669523,3,2,1,0,0.4381223866377404,-6.477700068441461,-9.293322731036735,4
training,JF,symbol,TQQQ,5,1,2,40.0,10.215630377486098,-8.84758457047602,-18.423402686815884,4.397807343760215,-14.0001488752362,0,3,2,0,0.0,-8.0309930171088,-11.486149334152774,4
training,JF,symbol,TSLA,1,1,1,100.0,10.819385050147368,10.819385050147368,10.819385050147368,13.91565934109113,-3.4424064395310268,0,1,0,0,2.732928119810607,-4.396922262441539,-11.955632199765464,0
training,JF,symbol,YINN,7,1,3,42.857142857142854,-6.195052133868592,-4.459071666167269,-34.38185233852087,-3.7699094489949285,-8.144225873884363,4,5,2,0,0.34061657055752903,-26.89236735839884,-9.252577894792413,6
training,B,source,B_BASE_BULL,6,3,4,66.66666666666666,15.626342870623466,17.54871400257827,-21.59643001259398,2.4581722098519823,7.593907787983923,3,2,1,0,0.0,-6.990306560309656,-6.991783984354905,3
training,B,source,B_STAGE_COMPONENT,5,3,3,60.0,4.222049592871786,16.370420922658813,-23.185264576067965,2.445648002702614,5.950823929462357,1,2,0,0,1.3991800201062823,-6.696269900926821,-6.614102231191565,4
training,B,source,B_BEAR_RECOVER,10,5,6,60.0,7.37697240715722,6.71963621568027,-26.593404828411128,-3.4264408656483094,9.409514148227384,7,3,3,0,0.025549118704903506,-11.813641687825227,-8.458028881939272,10
training,B,source,B_CRASH_RECOVER,5,4,2,40.0,12.91769767599049,-5.003121316486691,-26.9742832525411,-1.1827056704902001,-3.37198933156201,3,3,3,0,-0.6404329019767943,-10.741206218291966,-7.150255001651374,5
training,B,source,multiple,1,1,1,100.0,68.81192274062582,68.81192274062582,68.81192274062582,32.23028395104418,20.3313187185823,0,0,0,0,12.741186265782332,-7.872693579718904,-5.52361888965992,1
