window,symbol,trade_id,entry_date,entry_signal_date,entry_open,entry_b,entry_jf,setup_date,B_BASE_BULL,B_STAGE_COMPONENT,B_BEAR_RECOVER,B_CRASH_RECOVER,exit_date,exit_signal_date,exit_reason,exit_price,return_pct,hold_bars,peak_close,peak_close_date,peak_close_gain_pct,exit_gross_pct,giveback_pp,peak_to_exit_drawdown_pct,profit_to_loss,S_BLOWOFF,S_BEAR_RALLY,S_CROSS,S_DELAY,exit_raw_s,exit_s_suppressed,raw_s_count,emitted_s_count,suppressed_s_count,entry_kind,last_held_close_date,worst_overnight_date,worst_intraday_date,previous_trade_id,previous_exit_date,previous_exit_reason,previous_entry_kind,entry_gap_pct,overnight_factor,intraday_factor,cost_factor,overnight_log_pct,intraday_log_pct,cost_log_pct,reconstructed_return_pct,last_held_close,last_close_net_pct,exit_overnight_pct,exit_gap_impact_pp,trail_reference,worst_overnight_pct,worst_intraday_pct,pair_return_pct,chain_return_pct,close_below_trail,flat_bars
training,TQQQ,TQQQ:2022-01-25,2022-01-25,2022-01-24,25.80071632125625,False,True,,False,False,False,False,2022-02-22,2022-02-18,trail,23.36596479330555,-9.61779533821755,19,30.732149124145508,2022-02-02,19.113549955302723,-9.436759420298724,28.550309375601447,23.968985381020826,True,False,False,False,False,False,False,0,0,0,JF,2022-02-18,2022-02-03,2022-02-11,,,,,-5.80967533674891,1.041726778656388,0.8693569411406429,0.998001,4.087970036537326,-14.0001488752362,-0.20010006671670688,-9.617795338217528,24.03301429748535,-7.0375721229710475,-2.7755548926278295,-2.5802232152465017,24.58571929931641,-8.0309930171088,-9.356924318169902,,-9.61779533821755,True,
training,TQQQ,TQQQ:2022-02-25,2022-02-25,2022-02-24,23.823372387867483,False,True,,False,False,False,False,2022-03-15,2022-03-14,trail,19.47322353311365,-18.423402686815884,12,24.9954833984375,2022-02-28,4.920004571506165,-18.2600044356828,23.180009007188964,22.093030878006758,True,False,False,False,False,False,False,0,0,0,JF,2022-03-14,2022-03-10,2022-03-07,TQQQ:2022-01-25,2022-02-22,trail,JF,0.8878009343826765,1.044959442268833,0.7822312738458247,0.998001,4.397807343760215,-24.56048355553188,-0.20010006671670688,-18.423402686815894,18.99199104309082,-20.43936624754106,2.533870666487603,2.015963560725176,19.996386718750003,-3.7306879078534028,-11.092607910483466,-26.269272860279802,-26.269272860279802,True,3
training,TQQQ,TQQQ:2022-06-16,2022-06-16,2022-06-15,10.953987668645077,False,True,,False,False,False,False,2022-08-18,2022-08-17,signal,17.753175708393893,61.74645842324886,43,18.529821395874023,2022-08-15,69.16050991105432,62.070437227266154,7.090072683788165,4.191328512497494,False,False,True,False,False,True,False,1,1,0,JF,2022-08-17,2022-07-13,2022-06-28,TQQQ:2022-02-25,2022-03-15,trail,JF,-7.670673706793085,1.0145615538659787,1.5974431182583069,0.998001,1.4456552534783895,46.84042999115538,-0.20010006671670688,61.74645842324891,17.772235870361328,61.920112632830524,-0.10724684337113377,-0.1736542095816631,14.82385711669922,-5.956594077536693,-9.577564633837666,31.947257056270505,19.25683991820659,False,65
training,TQQQ,TQQQ:2022-10-14,2022-10-14,2022-10-13,9.4578795644804,False,True,,False,False,False,False,2022-11-04,2022-11-03,trail,8.63835374056662,-8.84758457047602,15,10.744339942932127,2022-10-25,13.60199577168546,-8.665005917304713,22.26700168899017,19.60088952463639,True,False,False,False,False,False,False,0,0,0,JF,2022-11-03,2022-10-26,2022-10-14,TQQQ:2022-06-16,2022-08-18,signal,JF,2.7964768357924052,1.073493504150978,0.8508201840954018,0.998001,7.091828722475133,-16.15544722710229,-0.20010006671670688,-8.847584570475986,8.171415328979492,-13.774746081947086,5.714290521143317,4.927161511471066,8.595471954345703,-6.075354807818567,-11.486149334152774,47.435803724502094,8.705490150366057,True,40
training,TQQQ,TQQQ:2023-01-12,2023-01-12,2023-01-11,9.348915741982776,True,False,2023-01-10,False,False,True,False,2023-01-31,2023-01-30,signal,10.50795003748145,12.172843726286352,12,11.17367935180664,2023-01-27,19.51845176686615,12.397526381523027,7.1209253853431225,5.958013411379581,False,False,True,False,False,True,False,1,1,0,B,2023-01-30,2023-01-25,2023-01-18,TQQQ:2022-10-14,2022-11-04,trail,JF,0.5667190449351489,0.9182855975086146,1.2239931311834453,0.998001,-8.524682834864542,20.21185722961573,-0.20010006671670688,12.172843726286375,10.50316333770752,12.121745488876545,0.045573886837946276,0.05109823740980701,8.938943481445312,-4.814820967972611,-5.442180968831156,2.2482565124952725,21.938039588263724,False,46
training,TQQQ,TQQQ:2023-10-10,2023-10-10,2023-10-09,18.433263727541377,True,False,2023-10-06,False,True,False,False,2023-10-27,2023-10-26,trail,15.314984069850167,-17.082673786856507,13,19.078258514404297,2023-10-11,3.499080772653551,-16.916590050367198,20.415670823020747,19.725461009519375,True,False,False,False,False,False,False,0,0,0,B,2023-10-26,2023-10-17,2023-10-25,TQQQ:2023-01-12,2023-01-31,signal,B,0.290233462215328,0.9787905554030298,0.8488374708052031,0.998001,-2.1437596619317905,-16.388754703328097,-0.20010006671670688,-17.082673786856517,14.965814590454102,-18.973123002781833,2.333113759265615,1.8904492159253259,15.262606811523439,-2.9738548749556726,-5.371067146931507,-6.989277244915481,1.1077620633126894,True,174
training,TQQQ,TQQQ:2024-05-06,2024-05-06,2024-05-03,28.06947194188976,True,False,2024-04-26,False,True,False,False,2024-07-22,2024-07-19,signal,36.141114927345455,28.498565677603448,52,41.676368713378906,2024-07-10,48.47578465194693,28.75594881929324,19.71983583265369,13.281516497037149,False,False,False,True,True,True,False,1,1,0,B,2024-07-19,2024-07-17,2024-07-11,TQQQ:2023-10-10,2023-10-27,trail,B,1.2698520664737867,1.1558909928258743,1.1139108239308628,0.998001,14.487146894052641,10.78770879695316,-0.20010006671670688,28.498565677603494,34.87015914916992,23.979723498452856,3.6448235660140105,4.518842179150592,33.341094970703125,-4.883143336015627,-6.614102231191565,6.547574882108886,29.922024040080885,False,130
training,TQQQ,TQQQ:2024-08-06,2024-08-06,2024-08-05,26.562371631652507,False,True,,False,False,False,False,2024-08-26,,terminal,33.59430694580078,26.220476059691087,15,35.248016357421875,2024-08-21,32.69905581555563,26.473296178752403,6.225759636803229,4.691638232495565,False,False,False,False,False,,,0,0,0,JF,2024-08-26,2024-08-16,2024-08-07,TQQQ:2024-05-06,2024-07-22,signal,B,0.9511456841576837,1.198103724918186,1.055612244151805,0.998001,18.074007767998847,5.412092481413516,-0.20010006671670688,26.220476059691002,33.59430694580078,26.220476059691087,,0.0,28.198413085937503,-1.2269756608478177,-7.608131129639418,62.19150132814588,63.988197249776405,False,11
training,MSFT,MSFT:2022-02-01,2022-02-01,2022-01-31,310.4100036621094,True,False,2022-01-24,True,False,False,False,2022-06-14,2022-06-13,trail,243.86000061035156,-21.59643001259398,92,315.4100036621094,2022-03-29,1.6107728298095259,-21.43938734790245,23.050160177711977,22.684760223524016,True,False,False,False,False,False,False,0,0,0,B,2022-06-13,2022-06-13,2022-04-29,,,,,-0.1832938787322269,0.8906005610098795,0.8821082771721503,0.998001,-11.585925617122179,-12.544046727640431,-0.20010006671670688,-21.596430012594002,242.2599945068359,-22.110848901314117,0.6604499875320968,0.5144188887201366,252.3280029296875,-3.1147494808941967,-3.842554624151917,,-21.59643001259398,True,
training,MSFT,MSFT:2023-04-28,2023-04-28,2023-04-27,304.010009765625,True,False,2023-04-26,True,False,False,False,2024-08-26,,terminal,413.489990234375,35.74007778955608,334,467.55999755859375,2024-07-05,53.7975667048124,36.01196570900842,17.785600995803975,11.5642928408226,False,False,False,False,False,,,0,0,0,B,2024-08-26,2024-08-05,2023-08-24,MSFT:2022-02-01,2022-06-14,trail,B,-0.2689947980056173,1.3187357907015058,1.0313814690405587,0.998001,27.667354336068804,3.0899135671453815,-0.20010006671670688,35.74007778955588,413.489990234375,35.740077789556125,,0.0,374.047998046875,-4.729608379278916,-3.8696123318702424,6.425066890693976,6.425066890693976,False,219
training,NFLX,NFLX:2022-12-02,2022-12-02,2022-12-01,31.048999786376953,True,False,2022-11-30,True,False,False,False,2023-02-22,2023-02-21,signal,33.75,8.481864091411184,54,36.79600143432617,2023-01-25,18.509458235336695,8.699153699656815,9.81030453567988,8.278077279029084,False,False,False,False,True,True,False,1,1,0,B,2023-02-21,2022-12-15,2022-12-15,,,,,-2.038176099281541,0.9344064255668405,1.1632962993990166,0.998001,-6.7843790254977385,15.125761271201025,-0.20010006671670688,8.481864091411207,33.75,8.481864091411207,0.0,-2.3092638912203256e-14,29.43680114746094,-4.942897165448246,-3.8759417818002517,,8.481864091411184,False,
training,NFLX,NFLX:2023-03-27,2023-03-27,2023-03-24,32.755001068115234,True,False,2023-03-23,True,False,False,False,2023-07-28,2023-07-27,signal,41.555999755859375,26.615563913745355,85,47.75899887084961,2023-07-19,45.80673885961111,26.869175395360667,18.93756346425044,12.98812634612474,False,False,False,False,True,True,False,1,1,0,B,2023-07-27,2023-07-20,2023-07-27,NFLX:2022-12-02,2023-02-22,signal,B,-0.2557922957265646,1.124127562108029,1.1286012341646392,0.998001,11.700723445201703,12.097902008822464,-0.20010006671670688,26.615563913745554,41.31700134277344,25.887367768179146,0.5784505296092535,0.7281961455662085,38.20719909667969,-6.40507167284291,-3.2162036263841287,37.3549239634831,37.3549239634831,False,23
training,NFLX,NFLX:2023-10-25,2023-10-25,2023-10-24,41.60200119018555,True,False,2023-10-19,True,False,False,False,2024-08-26,,terminal,68.84400177001953,65.15162887570418,210,69.85399627685547,2024-08-20,67.91018287200794,65.48242824977547,2.42775462223247,1.4458650337383472,False,False,False,False,False,,,0,0,0,B,2024-08-26,2024-04-19,2024-07-19,NFLX:2023-03-27,2023-07-28,signal,B,0.5535012821690222,1.4066317215353412,1.1764445925416163,0.998001,34.11979965608095,16.249683291402103,-0.20010006671670688,65.15162887570438,68.84400177001953,65.15162887570416,,0.0,55.88319702148438,-6.990306560309656,-4.132361397048512,109.10766621370875,126.84389426667728,False,62
training,YINN,YINN:2021-09-23,2021-09-23,2021-09-22,206.1999969482422,False,True,,False,False,False,False,2021-11-29,2021-11-26,trail,197.3999938964844,-4.459071666167269,46,259.3999938964844,2021-10-25,25.800192888264583,-4.267702804072615,30.067895692337196,23.901311279421833,True,False,False,False,False,False,False,0,0,0,JF,2021-11-26,2021-11-26,2021-10-26,,,,,-3.0103522914092573,1.0721212771754696,0.8929241423893434,0.998001,6.963918794323785,-11.325364864625925,-0.20010006671670688,-4.459071666167292,196.0,-5.136663969447486,0.7142826002471514,0.6775923032802176,207.5199951171875,-7.015902612671487,-4.92187738418578,,-4.459071666167269,True,
training,YINN,YINN:2021-12-31,2021-12-31,2021-12-30,168.39999389648438,False,True,,False,False,False,False,2022-01-24,2022-01-21,signal,179.60000610351562,6.437643816955396,15,198.8000030517578,2022-01-20,18.052262622978677,6.650838843804174,11.401423779174504,9.657946002769147,False,False,True,False,False,True,False,1,1,0,JF,2022-01-21,2022-01-18,2022-01-21,YINN:2021-09-23,2021-11-29,trail,JF,-2.0930268043695466,1.1112913884925193,0.9597018383133277,0.998001,10.552275214004386,-4.113262785207696,-0.20010006671670688,6.437643816955352,187.3999938964844,11.06020670264989,-4.16221347225727,-4.622562885694493,159.04000244140627,-6.63101277886865,-5.449042995988584,1.691512999377509,1.691512999377509,False,23
training,YINN,YINN:2022-02-25,2022-02-25,2022-02-24,138.60000610351562,False,True,,False,False,False,False,2022-03-08,2022-03-07,trail,102.1999969482422,-26.410032710845943,7,143.1999969482422,2022-02-25,3.318896567212981,-26.262631711637518,29.5815282788505,28.631285526366955,True,False,False,False,False,False,False,0,0,0,JF,2022-03-07,2022-03-07,2022-03-03,YINN:2021-12-31,2022-01-24,signal,JF,-1.8413533292636064,0.8131580934098308,0.9068023658125104,0.998001,-20.68297314999466,-9.783075138380477,-0.20010006671670688,-26.410032710845943,103.8000030517578,-25.257934860199338,-1.541431653636638,-1.152097850646605,114.55999755859375,-7.032587526201506,-5.8558525533556445,-21.672572731756222,-25.165248847912245,True,23
training,YINN,YINN:2022-03-16,2022-03-16,2022-03-15,84.0,False,True,,False,False,False,False,2022-04-12,2022-04-11,trail,90.8000030517578,7.8791593400682425,19,113.0,2022-04-04,34.52380952380953,8.095241728283087,26.428567795526448,19.64601499844443,False,False,False,False,False,False,False,0,0,0,JF,2022-04-11,2022-03-21,2022-03-31,YINN:2022-02-25,2022-03-08,trail,JF,35.0482298547649,0.9147809204226527,1.1816516863768896,0.998001,-8.907067360692288,16.691319398052354,-0.20010006671670688,7.87915934006822,87.4000015258789,3.8396296700341503,3.890161861006569,4.039529670034092,90.4,-11.259544568839475,-7.042253413021871,-20.6117619298294,-19.268899562895704,True,6
training,YINN,YINN:2022-08-12,2022-08-12,2022-08-11,64.45999908447266,False,True,,False,False,False,False,2022-09-07,2022-09-06,trail,57.220001220703125,-11.409216181607517,17,72.1500015258789,2022-08-25,11.929882951640703,-11.231768486812665,23.16165143845337,20.69300067834463,True,False,False,False,False,False,False,0,0,0,JF,2022-09-06,2022-08-16,2022-08-26,YINN:2022-03-16,2022-04-12,trail,JF,-3.5463155493746124,0.9630026701080836,0.9217859333995858,0.998001,-3.7699094489949285,-8.144225873884363,-0.20010006671670688,-11.40921618160754,57.0,-11.749832752165046,0.38596705386513275,0.34061657055752903,57.720001220703125,-4.258814333685468,-9.252577894792413,-4.4290071639409785,-28.479685337555626,True,84
training,YINN,YINN:2022-10-14,2022-10-14,2022-10-13,35.619998931884766,False,True,,False,False,False,False,2022-10-25,2022-10-24,trail,23.420000076293945,-34.38185233852087,7,35.599998474121094,2022-10-17,-0.056149518145465205,-34.25041892595385,34.194269407808385,34.21348011203209,False,False,False,False,False,False,False,0,0,0,JF,2022-10-24,2022-10-24,2022-10-14,YINN:2022-08-12,2022-09-07,trail,JF,4.182510566287867,0.7862535540858833,0.8362389045158357,0.998001,-24.04759506776928,-17.884093577021982,-0.20010006671670688,-34.38185233852088,21.989999771118164,-38.38842667136918,6.502957344519644,4.006574332848309,28.479998779296878,-26.89236735839884,-8.057268438926668,-41.868368659585464,-53.06969431684274,True,27
training,YINN,YINN:2022-11-08,2022-11-08,2022-11-07,28.59000015258789,True,False,2022-11-04,False,False,True,True,2022-12-08,2022-12-07,signal,48.36000061035156,68.81192274062582,21,47.7599983215332,2022-12-06,67.05140981683448,69.15005369796805,-2.098643881133569,-1.256286243519078,False,False,True,False,False,True,False,1,1,0,B,2022-12-07,2022-12-07,2022-12-05,YINN:2022-10-14,2022-10-25,trail,JF,-2.021933332479231,1.3803027228694884,1.2254562053338913,0.998001,32.23028395104418,20.3313187185823,-0.20010006671670688,68.81192274062589,44.709999084472656,56.070736474843486,8.163725342473827,12.741186265782332,38.20799865722656,-7.872693579718904,-5.52361888965992,10.771256734125911,-20.776048628209043,False,10
training,YINN,YINN:2023-01-04,2023-01-04,2023-01-03,56.5,True,False,2022-12-29,False,False,True,False,2023-02-07,2023-02-06,trail,57.560001373291016,1.6724582841518787,23,73.0,2023-01-26,29.20353982300885,1.8761086252938375,27.32743119771501,21.15068305028628,False,False,False,False,False,True,True,3,0,3,B,2023-02-06,2023-01-30,2023-01-18,YINN:2022-11-08,2022-12-08,signal,B,10.762599214102032,0.8795540373954687,1.1582700356531692,0.998001,-12.83402756510509,14.69275433762488,-0.20010006671670688,1.6724582841518787,56.11000061035156,-0.8887845679088957,2.5842109199192276,2.5612428520607744,58.400000000000006,-9.167245040919914,-6.1881557091526656,71.63523172713748,-19.451061090459064,True,17
training,YINN,YINN:2023-06-14,2023-06-14,2023-06-13,38.65999984741211,True,False,2023-06-06,False,False,True,False,2023-06-21,2023-06-20,signal,35.810001373291016,-7.5571202234804735,4,42.779998779296875,2023-06-15,10.657007108499927,-7.371956765053822,18.02896387355375,16.292654522886394,True,False,True,False,False,True,False,1,1,0,B,2023-06-20,2023-06-20,2023-06-20,YINN:2023-01-04,2023-02-07,trail,B,-0.10336153679265658,0.9596420868347401,0.9652353153920981,0.998001,-4.119489025103946,-3.5383357222513947,-0.20010006671670688,-7.557120223480506,36.650001525878906,-5.38867481325892,-2.291951207682108,-2.168445410221554,34.2239990234375,-8.09524172828311,-5.051805765094885,-6.0110516225495125,-25.53824124259092,False,88
training,YINN,YINN:2023-10-12,2023-10-12,2023-10-11,31.0,True,False,2023-10-10,False,False,True,False,2023-11-30,2023-11-29,trail,23.329999923706055,-24.892376600456224,34,30.049999237060547,2023-11-15,-3.064518590127263,-24.74193572998047,21.677417139853205,22.362727068115007,False,False,False,False,False,False,False,0,0,0,B,2023-11-29,2023-11-16,2023-10-12,YINN:2023-06-14,2023-06-21,signal,B,1.0430237667573783,0.7043606462200689,1.0684592427741353,0.998001,-35.046477243290056,6.6217650710885385,-0.20010006671670688,-24.892376600456224,23.100000381469727,-25.632827481589782,0.9956689975677557,0.7404508811335582,24.03999938964844,-11.813641687825227,-6.258066238895543,-30.568349997758702,-44.07354265580838,True,79
training,YINN,YINN:2024-01-02,2024-01-02,2023-12-29,19.420000076293945,True,False,2023-12-28,False,False,False,True,2024-01-17,2024-01-16,trail,14.210000038146973,-26.9742832525411,10,19.969999313354492,2024-01-03,2.832127883109181,-26.82801244942752,29.6601403325367,28.843262259681946,True,False,False,False,False,False,False,0,0,0,B,2024-01-16,2024-01-17,2024-01-16,YINN:2023-10-12,2023-11-30,trail,B,-7.258836766940313,0.7598769524965515,0.9629452151452711,0.998001,-27.45987634195271,-3.7758758578754046,-0.20010006671670688,-26.97428325254112,15.920000076293944,-18.186529692468035,-10.741206218291966,-8.787753560073064,15.975999450683595,-10.741206218291966,-3.631963467578203,-45.152119680501,-59.1593036729422,True,21
training,YINN,YINN:2024-08-06,2024-08-06,2024-08-05,18.6299991607666,False,True,,False,False,False,False,2024-08-26,,terminal,22.209999084472656,18.97800480303782,15,23.190000534057617,2024-08-19,24.476659037613068,19.216318223165942,5.260340814447126,4.225965618869642,False,False,False,False,False,,,0,0,0,JF,2024-08-26,2024-08-26,2024-08-07,YINN:2024-01-02,2024-01-17,trail,B,-4.94898572359308,1.1491415041622592,1.037438103065265,0.998001,13.901514547197936,3.67543116468758,-0.20010006671670688,18.978004803037862,22.209999084472656,18.97800480303784,,0.0,18.552000427246096,-3.1961450847609485,-4.099998474121092,-13.115459220755554,-51.40855436239909,False,139
training,SNOW,SNOW:2021-12-09,2021-12-09,2021-12-08,370.0,True,False,2021-12-02,True,False,False,False,2022-01-06,2022-01-05,trail,294.239990234375,-20.634647434082034,19,371.239990234375,2021-12-10,0.3351324957770352,-20.475678315033786,20.81081081081082,20.7412999745495,True,False,False,False,False,False,False,0,0,0,B,2022-01-05,2021-12-16,2021-12-16,,,,,-0.07561812148102476,0.8839632164560798,0.8996338332242965,0.998001,-12.333982755402914,-10.57674504175496,-0.20010006671670688,-20.634647434082087,296.8699951171875,-19.92525621704101,-0.8859113167615118,-0.7093912170410235,296.9919921875,-3.0332443766614814,-6.991783984354905,,-20.634647434082034,True,
training,SNOW,SNOW:2022-01-25,2022-01-25,2022-01-24,275.2699890136719,False,True,,False,False,False,False,2022-02-14,2022-02-11,signal,294.05999755859375,6.612483502114808,14,311.1099853515625,2022-02-10,13.019943244198174,6.826028733553158,6.193914510645016,5.480373049968746,False,False,True,False,False,True,False,1,1,0,JF,2022-02-11,2022-02-03,2022-01-26,SNOW:2021-12-09,2022-01-06,trail,B,-0.8036075626407624,1.1309846127249712,0.9445400718243967,0.998001,12.308859202372538,-5.705716644568957,-0.20010006671670688,6.612483502114808,293.69000244140625,6.478340474656075,0.12598151592215778,0.13414302745873297,248.88798828125002,-5.248248805397426,-7.119263815223631,-15.38662658926545,-15.38662658926545,False,12
training,SNOW,SNOW:2022-03-17,2022-03-17,2022-03-16,195.0,False,True,,False,False,False,False,2022-04-19,2022-04-18,trail,193.83999633789065,-0.7935845204045111,22,241.22999572753903,2022-04-04,23.707690116686674,-0.5948736728765835,24.30256378956326,19.64515202461544,True,False,False,False,False,False,False,0,0,0,JF,2022-04-18,2022-04-06,2022-04-14,SNOW:2022-01-25,2022-02-14,signal,JF,-1.435501612646728,0.9478926469595041,1.0486960379530215,0.998001,-5.3514024743328354,4.754752379541799,-0.20010006671670688,-0.7935845204045,192.38999938964844,-1.535686266221259,0.7536758422175271,0.7421017458167478,192.98399658203124,-2.5716660496137522,-7.605354530496944,5.766423336223214,-16.05810522284511,True,22
training,SNOW,SNOW:2022-05-27,2022-05-27,2022-05-26,127.9000015258789,False,True,,False,False,False,False,2022-08-10,2022-08-09,signal,169.52000427246094,32.27609989487663,50,170.85000610351562,2022-08-08,33.58092577422396,32.541049452732615,1.0398763214913416,0.778461681908782,False,False,True,False,False,True,False,1,1,0,JF,2022-08-09,2022-06-13,2022-07-22,SNOW:2022-03-17,2022-04-19,trail,JF,0.8675066621820937,0.9304564017187222,1.4244735079247672,0.998001,-7.208005867919912,35.380227732748025,-0.20010006671670688,32.27609989487645,160.5500030517578,25.276826961755038,5.587045188539408,6.999272933121592,136.6800048828125,-6.477700068441461,-9.293322731036735,31.226377241916083,11.035064589081633,False,28
training,SNOW,SNOW:2022-11-11,2022-11-11,2022-11-10,146.63999938964844,False,True,,False,False,False,False,2023-01-05,2023-01-04,trail,129.3000030517578,-12.0011368775506,36,163.49000549316406,2022-11-15,11.490729796542198,-11.824874802280371,23.315604598822567,20.912594833104848,True,False,False,False,False,False,False,0,0,0,JF,2023-01-04,2022-12-15,2022-12-05,SNOW:2022-05-27,2022-08-10,signal,JF,0.8666903731717301,0.9000594020868464,0.9796589535455094,0.998001,-10.529451551716525,-2.055077447207894,-0.20010006671670688,-12.001136877550556,130.44000244140625,-11.225277265163813,-0.8739645571231303,-0.7758596123867871,130.79200439453126,-3.237266709013553,-8.345716449043138,16.40146409020693,-2.2904054943307717,True,66
training,SNOW,SNOW:2023-01-13,2023-01-13,2023-01-12,139.3000030517578,True,False,2023-01-11,False,False,True,False,2023-02-06,2023-02-03,signal,159.74000549316406,14.444136202171842,15,178.0500030517578,2023-02-02,27.81765911778349,14.67336826533423,13.14429085244926,10.28362664687581,False,True,False,False,False,True,False,1,1,0,B,2023-02-03,2023-02-03,2023-01-18,SNOW:2022-11-11,2023-01-05,trail,JF,-1.9980275433274408,0.9400326832338695,1.2198870348937094,0.998001,-6.184063492479551,19.875826010862525,-0.20010006671670688,14.444136202171842,163.2899932861328,16.987489604722896,-2.174038789228261,-2.5433534025510536,142.44000244140625,-5.644483504353747,-4.977956249444415,0.7095387682187537,11.822901418657917,False,6
training,SNOW,SNOW:2023-09-01,2023-09-01,2023-08-31,158.10000610351562,True,False,2023-08-30,False,True,False,False,2024-01-05,2024-01-04,signal,184.57000732421875,16.50919972702114,86,201.22999572753903,2023-12-28,27.280194787458868,16.74256812069441,10.537626666764456,8.279078048521926,False,False,False,True,True,True,False,1,1,0,B,2024-01-04,2023-09-07,2023-10-25,SNOW:2023-01-13,2023-02-06,signal,B,0.7969397203434259,1.0999808965561075,1.0613145054264108,0.998001,9.529281288634586,5.950823929462357,-0.20010006671670688,16.50919972702125,183.72000122070312,15.972636217492076,0.46266388954270266,0.5365635095290653,160.98399658203124,-2.3303054422108116,-5.626619078471884,33.337947223652485,30.283967554414115,False,144
training,SNOW,SNOW:2024-06-28,2024-06-28,2024-06-27,133.5500030517578,True,False,2024-06-26,False,False,False,True,2024-08-06,2024-08-05,trail,114.63999938964844,-14.331088418973547,26,143.02000427246094,2024-07-05,7.090977914117302,-14.159493245972243,21.250471160089546,19.843381369746737,True,False,False,False,False,False,False,0,0,0,B,2024-08-05,2024-08-05,2024-07-24,SNOW:2023-09-01,2024-01-05,signal,B,-0.2762807065758266,0.8878439433580996,0.966842285698909,0.998001,-11.895929089555517,-3.37198933156201,-0.20010006671670688,-14.331088418973536,112.62999725341795,-15.833135664290898,1.7846063972708492,1.5020472453173515,114.41600341796875,-9.885611313136877,-4.106868132380114,-0.1878367020967442,11.61285696844423,True,120
training,TSLA,TSLA:2022-02-25,2022-02-25,2022-02-24,269.74334716796875,False,True,,False,False,False,False,2022-04-27,2022-04-26,trail,299.52667236328125,10.819385050147368,42,381.8166809082031,2022-04-04,41.5481363736643,11.041356722235097,30.506779651429202,21.552229815937807,False,False,False,False,False,False,False,0,0,0,JF,2022-04-26,2022-04-11,2022-04-26,,,,,1.0564858531552535,1.1493040593558417,0.9661617029741569,0.998001,13.91565934109113,-3.4424064395310268,-0.20010006671670688,10.819385050147412,292.1400146484375,8.08645693033676,2.5284648950719246,2.732928119810607,305.45334472656253,-4.396922262441539,-11.955632199765464,,10.819385050147368,True,
training,TSLA,TSLA:2022-12-05,2022-12-05,2022-12-02,189.44000244140625,True,False,2022-11-30,False,False,True,False,2022-12-21,2022-12-20,trail,139.33999633789062,-26.593404828411128,12,182.4499969482422,2022-12-05,-3.6898254872679614,-26.44637112428857,22.75654563702061,23.62839206984536,False,False,False,False,False,False,False,0,0,0,B,2022-12-20,2022-12-07,2022-12-13,TSLA:2022-02-25,2022-04-27,trail,JF,-2.7814831940718876,0.9730362641271547,0.7559186803966803,0.998001,-2.7333927061926726,-27.98214742010562,-0.20010006671670688,-26.593404828411092,137.8000030517578,-27.4046985466052,1.1175567866674063,0.8112937181940723,145.95999755859376,-2.6637795294298994,-7.960198180149181,-18.651262644594034,-18.651262644594034,True,153
training,TSLA,TSLA:2023-01-18,2023-01-18,2023-01-17,136.55999755859375,True,False,2023-01-09,False,False,False,True,2023-02-13,2023-02-10,signal,194.4199981689453,42.08505862732797,18,207.32000732421875,2023-02-09,51.81605962995424,42.369655568810025,9.446404061144214,6.222269293623784,False,False,True,False,False,True,False,1,1,0,B,2023-02-10,2023-02-10,2023-01-30,TSLA:2022-12-05,2022-12-21,trail,B,3.855800329777348,1.139510975110108,1.2493925787336377,0.998001,13.05992011711358,22.26574961954668,-0.20010006671670688,42.08505862732797,196.88999938964844,43.890172666822046,-1.2545082169536426,-1.8051140394940788,165.85600585937502,-2.455147316640627,-6.397079019615326,4.299803785877354,15.584401164019601,False,17
training,TSLA,TSLA:2024-04-30,2024-04-30,2024-04-29,186.97999572753903,True,False,2024-04-25,False,False,True,False,2024-07-12,2024-07-11,signal,235.8000030517578,25.85765548340815,50,263.260009765625,2024-07-10,40.79581547816411,26.109748871402072,14.686066606762036,10.430755031238615,False,True,False,False,False,True,False,1,1,0,B,2024-07-11,2024-05-08,2024-07-11,TSLA:2023-01-18,2023-02-13,signal,B,-3.6433945957388247,1.1311437155584427,1.1148870575578618,0.998001,12.32292585206209,10.875310611145268,-0.20010006671670688,25.857655483407992,241.02999877929688,28.649152480597873,-2.169852613378631,-2.791496997189725,210.6080078125,-3.498116701032772,-8.458028881939272,78.8249235805809,45.47181740957218,False,304
training,MRNA,MRNA:2022-01-11,2022-01-11,2022-01-10,226.0,False,True,,False,False,False,False,2022-01-20,2022-01-19,trail,174.99000549316406,-22.72557501230831,6,222.88999938964844,2022-01-12,-1.3761064647573318,-22.570794029573428,21.194687564816096,21.490418604536533,False,False,False,False,False,False,False,0,0,0,JF,2022-01-19,2022-01-18,2022-01-19,,,,,-3.2948211590895005,0.931747072881433,0.8310109924035106,0.998001,-7.069388215554611,-18.51122562917816,-0.20010006671670688,-22.72557501230831,174.07000732421875,-23.13184009753202,0.5285219338399649,0.40626508522371196,178.31199951171877,-3.8177084090291524,-7.821430470292967,,-22.72557501230831,True,
training,MRNA,MRNA:2022-02-16,2022-02-16,2022-02-15,147.6199951171875,False,True,,False,False,False,False,2022-04-22,2022-04-21,trail,143.22999572753906,-3.1678067374243724,45,186.72000122070312,2022-03-22,26.4869309015193,-2.973851466505917,29.460782368025217,23.291562344067717,True,False,False,False,False,False,False,0,0,0,JF,2022-04-21,2022-04-11,2022-03-25,MRNA:2022-01-11,2022-01-20,trail,JF,-2.3160403077606584,0.9086358041624328,1.0678222021300534,0.998001,-9.58109205753852,6.562124927278451,-0.20010006671670688,-3.1678067374243613,144.5,-2.309206564111721,-0.878895690284387,-0.8586001733126514,149.3760009765625,-3.0091994827721957,-6.917252079133062,-25.17347945337435,-25.17347945337435,True,19
training,MRNA,MRNA:2023-08-18,2023-08-18,2023-08-17,105.9000015258789,False,True,,False,False,False,False,2023-10-17,2023-10-16,trail,90.37999725341795,-14.825943022421717,41,116.62000274658205,2023-08-30,10.122758325063375,-14.655339045173022,24.778097370236395,22.500432923316104,True,False,False,False,False,False,False,0,0,0,JF,2023-10-16,2023-10-16,2023-09-18,MRNA:2022-02-16,2022-04-22,trail,JF,-0.3200266799012752,1.011566110937718,0.8436884157350114,0.998001,1.1499734795539256,-16.99720282177115,-0.20010006671670688,-14.825943022421683,91.94000244140624,-13.355795038300078,-1.696764353451563,-1.4701479841216383,93.29600219726564,-3.0518818991495,-8.813101247785593,-17.52409253789512,-36.267216755277744,True,332
training,MRNA,MRNA:2023-11-03,2023-11-03,2023-11-02,73.08999633789062,False,True,,False,False,False,False,2024-02-12,2024-02-09,trail,87.41000366210938,19.35322949190672,67,115.44000244140624,2024-01-08,57.94227421730067,19.592294488589413,38.34997972871126,24.281010210064768,False,False,False,False,False,False,False,0,0,0,JF,2024-02-09,2024-01-17,2023-11-06,MRNA:2023-08-18,2023-10-17,trail,JF,2.6112493237387735,1.113821671009778,1.0737113274171477,0.998001,10.779704880743742,7.112117729254027,-0.20010006671670688,19.35322949190672,87.41000366210938,19.35322949190672,0.0,0.0,92.352001953125,-3.7783873061696394,-7.649924590807244,1.6579876920163938,-23.932864952347167,True,13
training,GOOGL,GOOGL:2022-02-02,2022-02-02,2022-02-01,151.25,True,False,2022-01-31,False,True,False,False,2022-04-28,2022-04-27,trail,116.41500091552734,-23.185264576067965,59,148.0,2022-02-02,-2.148760330578514,-23.031404353370355,20.88264402279184,21.34121559761666,False,False,False,False,False,False,False,0,0,0,B,2022-04-27,2022-04-27,2022-04-22,,,,,9.884922760997927,1.020532413503592,0.7542004019489059,0.998001,2.032446513825533,-28.209716121065302,-0.20010006671670688,-23.185264576068,114.29450225830078,-24.584444596174247,1.8552936627120653,1.3991800201062823,118.4,-3.523391311801227,-4.291601562500002,,-23.185264576067965,True,
training,GOOGL,GOOGL:2024-03-15,2024-03-15,2024-03-14,142.5,True,False,2024-03-13,False,True,False,False,2024-08-26,,terminal,166.16000366210938,16.370420922658813,113,191.17999267578125,2024-07-10,34.1613983689693,16.603511341831133,17.557887027138168,13.08713776137801,False,False,False,False,False,,,0,0,0,B,2024-08-26,2024-08-05,2024-07-25,GOOGL:2022-02-02,2022-04-28,trail,B,-0.41929145906646204,1.024757992696598,1.137863887599403,0.998001,2.445648002702614,12.915272187178218,-0.20010006671670688,16.370420922658834,166.16000366210938,16.370420922658813,,0.0,152.943994140625,-6.696269900926821,-3.037332114186897,-10.61036905654359,-10.61036905654359,False,472
training,AAOI,AAOI:2022-01-25,2022-01-25,2022-01-24,3.9700000286102295,False,True,,False,False,False,False,2022-02-28,2022-02-25,trail,3.4000000953674316,-14.528879830647135,23,4.369999885559082,2022-02-18,10.075563074715642,-14.357680834635577,24.43324390935122,22.196792118852706,True,False,False,False,False,False,False,0,0,0,JF,2022-02-25,2022-02-25,2022-02-25,,,,,-1.243779914266574,0.8644641026450463,0.9906983864722674,0.998001,-14.56454985554631,-0.9345143678883366,-0.20010006671670688,-14.528879830647167,3.450000047683716,-13.271952826818566,-1.4492739601511984,-1.2569270038285687,3.4959999084472657,-6.650245929355048,-8.970974078930515,,-14.528879830647135,True,
training,AAOI,AAOI:2023-01-13,2023-01-13,2023-01-12,2.3299999237060547,True,False,2023-01-09,False,False,True,False,2023-01-20,2023-01-19,signal,2.2899999618530273,-1.91320485993266,4,2.440000057220459,2023-01-17,4.721035927736872,-1.7167366164289044,6.437772544165776,6.147544747941735,True,False,True,False,False,True,False,1,1,0,B,2023-01-19,2023-01-19,2023-01-18,AAOI:2022-01-25,2022-02-28,trail,JF,-0.851063052687262,0.9869267597053317,0.9958516416447728,0.998001,-1.3159447261116715,-0.41569866642280984,-0.20010006671670688,-1.9132048599326712,2.2899999618530273,-1.91320485993266,0.0,0.0,1.9520000457763673,-2.1097027312509398,-3.6585427313929775,-16.164117455566075,-16.164117455566075,False,221
training,AAOI,AAOI:2023-03-29,2023-03-29,2023-03-28,1.8200000524520872,False,True,,False,False,False,False,2023-05-02,2023-05-01,trail,1.8200000524520872,-0.1998999999999973,23,2.299999952316284,2023-04-12,26.37362011157598,0.0,26.37362011157598,20.86956129632953,True,False,False,False,False,False,False,0,0,0,JF,2023-05-01,2023-04-03,2023-04-25,AAOI:2023-01-13,2023-01-20,signal,B,0.0,0.959717153486789,1.0419736652271532,0.998001,-4.111666971732152,4.111666971732137,-0.20010006671670688,-0.1999000000000084,1.8200000524520872,-0.1998999999999973,0.0,0.0,1.8399999618530274,-3.1674177391187275,-6.5116324974045625,-2.109280363417654,-16.3317053847724,True,47
training,AAOI,AAOI:2023-05-09,2023-05-09,2023-05-08,1.7699999809265137,False,True,,False,False,False,False,2023-06-22,2023-06-21,signal,4.695000171661377,164.7240065994533,30,5.199999809265137,2023-06-20,193.78530312430712,165.25424984489322,28.531053279413896,9.711531848596866,False,True,False,False,False,True,False,1,1,0,JF,2023-06-21,2023-06-21,2023-06-21,AAOI:2023-03-29,2023-05-02,trail,JF,0.0,1.4637184851822862,1.8121944385491553,0.998001,38.098010550657655,59.45385079064862,-0.20010006671670688,164.7240065994534,4.164999961853027,134.84034868483192,12.72509518997811,29.88365791462138,4.159999847412109,-4.807692484037418,-15.858583387069835,164.19482331026097,121.49006175886514,False,5
training,AAOI,AAOI:2024-04-17,2024-04-17,2024-04-16,12.039999961853027,False,True,,False,False,False,False,2024-06-21,2024-06-20,trail,9.0,-25.39859610915135,45,12.539999961853027,2024-05-24,4.1528239334234,-25.249169198378908,29.401993131802307,28.229664853443303,True,False,False,False,False,False,False,0,0,0,JF,2024-06-20,2024-05-08,2024-06-20,AAOI:2023-05-09,2023-06-22,signal,JF,0.41701577722548233,1.128893615311445,0.6621600989478397,0.998001,12.123805159698627,-41.22479109730886,-0.20010006671670688,-25.39859610915135,8.869999885559082,-26.476172891736173,1.4656157397765712,1.0775767825848241,10.031999969482422,-3.7735813562721154,-11.300001144409178,97.48782535929499,65.23469555082109,True,206
training,AAOI,AAOI:2024-07-11,2024-07-11,2024-07-10,9.350000381469728,True,False,2024-07-08,False,False,False,True,2024-07-25,2024-07-24,trail,8.899999618530273,-5.003121316486691,10,11.890000343322754,2024-07-16,27.16577388474675,-4.812842188020527,31.978616072767274,25.147187876000523,True,False,False,False,False,False,False,0,0,0,B,2024-07-24,2024-07-17,2024-07-24,AAOI:2024-04-17,2024-06-21,trail,JF,3.7735865033389437,0.9882426080169057,0.9631962540351336,0.998001,-1.1827056704902001,-3.7498093518268325,-0.20010006671670688,-5.003121316486691,8.960000038146973,-4.362688414509897,-0.6696475375139399,-0.6404329019767943,9.512000274658204,-5.046260421738991,-7.150255001651374,-29.130994849612733,56.96780327548608,True,13
training,AAOI,AAOI:2024-08-20,2024-08-20,2024-08-19,8.59000015258789,True,False,2024-08-15,False,False,True,False,2024-08-26,,terminal,9.619999885559082,11.76681414720866,5,9.710000038146973,2024-08-23,13.03841519981419,11.990683523572287,1.047731676241904,0.926881073473873,False,False,False,False,False,,,0,0,0,B,2024-08-26,2024-08-22,2024-08-26,AAOI:2024-07-11,2024-07-25,trail,B,-0.11628172602623499,1.0343863187987916,1.082677540182709,0.998001,3.3808322168777813,7.943717685309499,-0.20010006671670688,11.766814147208681,9.619999885559082,11.76681414720866,,0.0,7.7680000305175785,0.11211018829935249,-1.6359903045058743,6.174984843851594,75.43791295786863,False,18
