case,rule,symbols,start,end,cost,profit_keep,total,cagr,mdd,sharpe,calmar,trades,win,worst_trade,median_trade,exposure,profit_to_loss,entry_events,entry_win,entry_interference,b_events,b_win,b_interference,jf_events,jf_win,jf_interference,s_events,s_win,s_interference,buy_turns,buy_covered,sell_turns,sell_covered
full5y,v5,"TQQQ,MSFT,NFLX,YINN,SNOW,TSLA,MRNA,NVDA,GOOGL,AAOI",2021-08-27,2026-08-27,0.001,,159.0641809107651,21.062846835890745,14.988696140842784,1.2995444898431363,1.4052487713388542,82,53.65853658536586,-34.38185233852087,2.54671151694289,0.31976095617529876,31,104,60.57692307692307,38.46153846153847,60,55.00000000000001,43.333333333333336,44,68.18181818181817,31.818181818181817,61,54.09836065573771,39.34426229508197,168.0,21.0,72.0,13.0
full5y,P-confirm5-v5profit50,"TQQQ,MSFT,NFLX,YINN,SNOW,TSLA,MRNA,NVDA,GOOGL,AAOI",2021-08-27,2026-08-27,0.001,0.5,148.72621409950182,20.07694439913792,15.069963960161614,1.2407807101360537,1.332248998883645,118,55.08474576271186,-34.38185233852088,6.3048487407673885,0.34637450199203185,41,155,60.0,35.483870967741936,111,56.75675675675676,36.93693693693694,44,68.18181818181817,31.818181818181817,61,54.09836065573771,39.34426229508197,169.0,33.0,76.0,19.0
year2021,v5,"TQQQ,MSFT,NFLX,YINN,SNOW,TSLA,MRNA,NVDA,GOOGL,AAOI",2021-08-27,2022-08-26,0.001,,-2.5412904317033025,-2.5412904317033025,14.988696140842784,-0.07400575394075609,-0.16954713123968973,18,38.88888888888889,-26.410032710845943,-3.8134392017958207,0.2158730158730159,9,20,40.0,60.0,6,0.0,100.0,14,57.14285714285714,42.857142857142854,7,57.14285714285714,28.57142857142857,,,,
year2021,P-confirm5-v5profit50,"TQQQ,MSFT,NFLX,YINN,SNOW,TSLA,MRNA,NVDA,GOOGL,AAOI",2021-08-27,2022-08-26,0.001,0.5,-4.780535567694333,-4.780535567694333,15.069963960161614,-0.2842590867414864,-0.3172227604745423,23,52.17391304347826,-26.410032710845943,6.17205366457938,0.19206349206349208,8,25,40.0,56.00000000000001,11,18.181818181818183,72.72727272727273,14,57.14285714285714,42.857142857142854,7,57.14285714285714,28.57142857142857,,,,
year2022,v5,"TQQQ,MSFT,NFLX,YINN,SNOW,TSLA,MRNA,NVDA,GOOGL,AAOI",2022-08-27,2023-08-26,0.001,,21.232004659474235,21.418880666012143,5.055368329372456,1.606704742206523,4.236858576963661,17,58.82352941176471,-34.38185233852087,5.482767351299778,0.1792,5,18,66.66666666666666,33.33333333333333,13,69.23076923076923,30.76923076923077,5,60.0,40.0,12,50.0,50.0,,,,
year2022,P-confirm5-v5profit50,"TQQQ,MSFT,NFLX,YINN,SNOW,TSLA,MRNA,NVDA,GOOGL,AAOI",2022-08-27,2023-08-26,0.001,0.5,19.47648976456593,19.646697072768447,5.726930251256879,1.4040232618034587,3.4305808191843483,24,54.166666666666664,-34.38185233852087,3.2699050695402576,0.1812,8,26,61.53846153846154,34.61538461538461,21,61.904761904761905,33.33333333333333,5,60.0,40.0,12,50.0,50.0,,,,
year2023,v5,"TQQQ,MSFT,NFLX,YINN,SNOW,TSLA,MRNA,NVDA,GOOGL,AAOI",2023-08-27,2024-08-26,0.001,,10.04583996807109,10.087817447632052,7.648393532408038,0.9142962647165913,1.3189459204586693,16,56.25,-26.97428325254111,14.068617534933747,0.30199203187250995,6,13,46.15384615384615,46.15384615384615,11,45.45454545454545,45.45454545454545,2,50.0,50.0,7,71.42857142857143,28.57142857142857,,,,
year2023,P-confirm5-v5profit50,"TQQQ,MSFT,NFLX,YINN,SNOW,TSLA,MRNA,NVDA,GOOGL,AAOI",2023-08-27,2024-08-26,0.001,0.5,12.779091764654149,12.833140175592161,7.223613805688478,1.0871314257639575,1.7765540241764133,26,57.692307692307686,-26.97428325254111,6.061728049467963,0.3513944223107569,8,27,55.55555555555556,33.33333333333333,25,56.00000000000001,32.0,2,50.0,50.0,7,71.42857142857143,28.57142857142857,,,,
year2024,v5,"TQQQ,MSFT,NFLX,YINN,SNOW,TSLA,MRNA,NVDA,GOOGL,AAOI",2024-08-27,2025-08-26,0.001,,27.106359383333235,27.350489306266603,11.28577658459291,1.4140042904043126,2.423447699966423,17,64.70588235294117,-23.72333142580999,3.7543327154057726,0.3388,5,22,63.63636363636363,36.36363636363637,12,50.0,50.0,10,80.0,20.0,10,50.0,40.0,,,,
year2024,P-confirm5-v5profit50,"TQQQ,MSFT,NFLX,YINN,SNOW,TSLA,MRNA,NVDA,GOOGL,AAOI",2024-08-27,2025-08-26,0.001,0.5,40.26229844813205,40.64246803475014,10.533553373266502,1.890645572133978,3.8583815541200153,27,66.66666666666666,-23.72333142580998,9.730072383504606,0.384,8,31,67.74193548387096,32.25806451612903,21,61.904761904761905,38.095238095238095,10,80.0,20.0,10,50.0,40.0,,,,
year2025,v5,"TQQQ,MSFT,NFLX,YINN,SNOW,TSLA,MRNA,NVDA,GOOGL,AAOI",2025-08-27,2026-08-27,0.001,,35.12259868124299,35.12259868124299,8.854547671476421,2.440729035282876,3.9666169277494663,17,64.70588235294117,-27.047831583052417,16.521418373581742,0.27380952380952384,5,21,76.19047619047619,23.809523809523807,12,75.0,25.0,9,77.77777777777779,22.22222222222222,14,50.0,42.857142857142854,,,,
year2025,P-confirm5-v5profit50,"TQQQ,MSFT,NFLX,YINN,SNOW,TSLA,MRNA,NVDA,GOOGL,AAOI",2025-08-27,2026-08-27,0.001,0.5,31.71418276927287,31.71418276927287,8.695357123682667,1.9843720138297276,3.6472547726528846,29,55.172413793103445,-27.047831583052417,4.926125336961684,0.33015873015873015,10,34,64.70588235294117,29.411764705882355,25,60.0,32.0,9,77.77777777777779,22.22222222222222,14,50.0,42.857142857142854,,,,
early8,v5,"TQQQ,MSFT,NFLX,YINN,TSLA,NVDA,GOOGL,AAOI",2017-09-22,2021-08-26,0.001,,-0.31814622097924294,-0.08116083066103119,22.432693770405866,0.058521612128882905,-0.0036179707837006143,45,46.666666666666664,-33.02304593375068,-6.156136895471365,0.31926188068756317,22,51,47.05882352941176,45.09803921568628,28,64.28571428571429,25.0,23,26.08695652173913,69.56521739130434,40,35.0,50.0,,,,
early8,P-confirm5-v5profit50,"TQQQ,MSFT,NFLX,YINN,TSLA,NVDA,GOOGL,AAOI",2017-09-22,2021-08-26,0.001,0.5,7.925060893558555,1.9623077414186563,22.79074043979965,0.20833563114785764,0.08610109647828128,70,47.14285714285714,-33.02304593375068,-2.4493687618365567,0.3609706774519717,31,84,55.952380952380956,35.714285714285715,61,67.21311475409836,22.950819672131146,23,26.08695652173913,69.56521739130434,40,35.0,50.0,,,,
trusted5,v5,"TQQQ,SNOW,TSLA,NVDA,AAOI",2021-08-27,2026-08-27,0.001,,231.09449977924203,27.175864234033355,17.29593339461474,1.2200922369826235,1.571228543380887,44,52.27272727272727,-27.047831583052417,1.7437695455168045,0.24334661354581674,18,52,57.692307692307686,40.38461538461539,28,46.42857142857143,50.0,24,70.83333333333334,29.166666666666668,40,45.0,45.0,,,,
trusted5,P-confirm5-v5profit50,"TQQQ,SNOW,TSLA,NVDA,AAOI",2021-08-27,2026-08-27,0.001,0.5,238.33895062127812,27.729788783228358,21.277443681521767,1.199958325618721,1.3032481344227493,67,50.74626865671642,-27.047831583052407,4.168451869554812,0.2744223107569721,25,81,60.49382716049383,37.03703703703704,57,56.14035087719298,40.35087719298245,24,70.83333333333334,29.166666666666668,40,45.0,45.0,,,,
unleveraged8,v5,"MSFT,NFLX,SNOW,TSLA,MRNA,NVDA,GOOGL,AAOI",2021-08-27,2026-08-27,0.001,,150.51112816616686,20.249476678342514,14.412227129203458,1.3116610440796896,1.4050206464836412,57,56.14035087719298,-27.047831583052417,3.7543327154057726,0.33247011952191236,20,75,60.0,38.666666666666664,46,52.17391304347826,45.65217391304348,29,72.41379310344827,27.586206896551722,44,56.81818181818182,36.36363636363637,,,,
unleveraged8,P-confirm5-v5profit50,"MSFT,NFLX,SNOW,TSLA,MRNA,NVDA,GOOGL,AAOI",2021-08-27,2026-08-27,0.001,0.5,177.56058555179996,22.750941584933848,12.347492117195769,1.3829730365640496,1.8425556679035808,86,56.97674418604651,-27.047831583052407,6.392268583347094,0.36663346613545816,27,118,57.6271186440678,36.440677966101696,89,52.80898876404494,39.325842696629216,29,72.41379310344827,27.586206896551722,44,56.81818181818182,36.36363636363637,,,,
cost025,v5,"TQQQ,MSFT,NFLX,YINN,SNOW,TSLA,MRNA,NVDA,GOOGL,AAOI",2021-08-27,2026-08-27,0.0025,,152.75941622545943,20.465406672197673,15.229492335198358,1.2680867799226931,1.3438009765366954,82,52.4390243902439,-34.578755896442345,2.238994626563684,0.31976095617529876,32,104,60.57692307692307,38.46153846153847,60,55.00000000000001,43.333333333333336,44,68.18181818181817,31.818181818181817,61,54.09836065573771,39.34426229508197,,,,
cost025,P-confirm5-v5profit50,"TQQQ,MSFT,NFLX,YINN,SNOW,TSLA,MRNA,NVDA,GOOGL,AAOI",2021-08-27,2026-08-27,0.0025,0.5,140.0756627877737,19.226472137032857,15.37422263795525,1.1958059185097978,1.2505654815722087,118,54.23728813559322,-34.57875589644236,5.985854625765108,0.34637450199203185,42,155,60.0,35.483870967741936,111,56.75675675675676,36.93693693693694,44,68.18181818181817,31.818181818181817,61,54.09836065573771,39.34426229508197,,,,
TEM_external,v5,TEM,2025-06-16,2026-08-27,0.001,,1.0350014424368448,0.862906586129708,44.48540505948504,0.22474568333615347,0.019397521163982787,4,50.0,-24.071694192505944,-3.130514874675122,0.39403973509933776,1,3,33.33333333333333,66.66666666666666,2,50.0,50.0,1,0.0,100.0,2,50.0,50.0,,,,
TEM_external,P-confirm5-v5profit50,TEM,2025-06-16,2026-08-27,0.001,0.5,1.0350014424368448,0.862906586129708,44.48540505948504,0.22474568333615347,0.019397521163982787,4,50.0,-24.071694192505944,-3.130514874675122,0.39403973509933776,1,4,25.0,75.0,3,33.33333333333333,66.66666666666666,1,0.0,100.0,2,50.0,50.0,,,,
without_TQQQ,v5,"MSFT,NFLX,YINN,SNOW,TSLA,MRNA,NVDA,GOOGL,AAOI",2021-08-27,2026-08-27,0.001,,160.1979048199869,21.169043160695743,15.512805824672904,1.311999382626203,1.3646172974734636,72,54.166666666666664,-34.38185233852087,2.54671151694289,0.33404161133244803,26,93,58.06451612903226,40.86021505376344,55,52.72727272727272,45.45454545454545,38,65.78947368421053,34.21052631578947,52,57.692307692307686,36.53846153846153,,,,
without_TQQQ,P-confirm5-v5profit50,"MSFT,NFLX,YINN,SNOW,TSLA,MRNA,NVDA,GOOGL,AAOI",2021-08-27,2026-08-27,0.001,0.5,155.90553305172415,20.765003504970814,14.459682606853107,1.293805043689551,1.4360621923422665,101,56.43564356435643,-34.38185233852088,6.437643816955396,0.35794599380256753,32,136,56.61764705882353,38.23529411764706,98,53.06122448979592,39.795918367346935,38,65.78947368421053,34.21052631578947,52,57.692307692307686,36.53846153846153,,,,
only_TQQQ,v5,TQQQ,2021-08-27,2026-08-27,0.001,,94.2966287827349,14.267547380299739,41.142941765421284,0.5453329162225032,0.34677995223693375,10,50.0,-18.423402686815884,1.7713678125236774,0.19123505976095617,5,11,81.81818181818183,18.181818181818183,5,80.0,20.0,6,83.33333333333334,16.666666666666664,9,33.33333333333333,55.55555555555556,,,,
only_TQQQ,P-confirm5-v5profit50,TQQQ,2021-08-27,2026-08-27,0.001,0.5,52.83943458439093,8.89147625015223,46.834318987502556,0.41303987002608333,0.18984958983870065,17,47.05882352941176,-18.423402686815884,-1.594386733820241,0.24223107569721117,9,19,84.21052631578947,15.789473684210526,13,84.61538461538461,15.384615384615385,6,83.33333333333334,16.666666666666664,9,33.33333333333333,55.55555555555556,,,,
without_MSFT,v5,"TQQQ,NFLX,YINN,SNOW,TSLA,MRNA,NVDA,GOOGL,AAOI",2021-08-27,2026-08-27,0.001,,177.7161306488189,22.76475124363828,15.5303727752369,1.3170401106609722,1.4658213021091522,78,53.84615384615385,-34.38185233852087,2.54671151694289,0.29694555112881804,29,98,60.204081632653065,38.775510204081634,55,54.54545454545454,43.63636363636363,43,67.44186046511628,32.55813953488372,60,53.333333333333336,40.0,,,,
without_MSFT,P-confirm5-v5profit50,"TQQQ,NFLX,YINN,SNOW,TSLA,MRNA,NVDA,GOOGL,AAOI",2021-08-27,2026-08-27,0.001,0.5,161.48538174376714,21.289194090207598,15.618202575952111,1.2595045735174826,1.3631014187885684,112,55.35714285714286,-34.38185233852088,6.3048487407673885,0.3092518813634351,38,142,60.56338028169014,36.61971830985916,99,57.57575757575758,38.38383838383838,43,67.44186046511628,32.55813953488372,60,53.333333333333336,40.0,,,,
only_MSFT,v5,MSFT,2021-08-27,2026-08-27,0.001,,25.06134511355913,4.5928526438054895,24.162530104592793,0.3265729431604539,0.19008161082156225,4,50.0,-21.59643001259398,9.7371215662379,0.5250996015936255,2,6,66.66666666666666,33.33333333333333,5,60.0,40.0,1,100.0,0.0,1,100.0,0.0,,,,
only_MSFT,P-confirm5-v5profit50,MSFT,2021-08-27,2026-08-27,0.001,0.5,43.36946111666913,7.501864637854294,27.24527434368299,0.4407907201847706,0.2753455349071812,6,50.0,-21.59643001259399,8.761679903273095,0.6804780876494024,3,13,53.84615384615385,23.076923076923077,12,50.0,25.0,1,100.0,0.0,1,100.0,0.0,,,,
without_NFLX,v5,"TQQQ,MSFT,YINN,SNOW,TSLA,MRNA,NVDA,GOOGL,AAOI",2021-08-27,2026-08-27,0.001,,140.61795650480354,19.280500808384595,16.56043677212634,1.1410802759472907,1.164250742518852,76,50.0,-34.38185233852087,0.06538526366255959,0.2958831341301461,31,94,57.446808510638306,41.48936170212766,52,50.0,48.07692307692308,42,66.66666666666666,33.33333333333333,56,51.78571428571429,41.07142857142857,,,,
without_NFLX,P-confirm5-v5profit50,"TQQQ,MSFT,YINN,SNOW,TSLA,MRNA,NVDA,GOOGL,AAOI",2021-08-27,2026-08-27,0.001,0.5,130.62115536646394,18.268473498848657,16.173090671395794,1.085915792028196,1.1295598268770495,109,53.21100917431193,-34.38185233852088,4.168451869554812,0.32598494909251885,39,138,57.2463768115942,38.405797101449274,96,53.125,40.625,42,66.66666666666666,33.33333333333333,56,51.78571428571429,41.07142857142857,,,,
only_NFLX,v5,NFLX,2021-08-27,2026-08-27,0.001,,328.96703639846294,33.96418538036807,21.57231063446934,1.3162533160342058,1.5744342808645804,6,100.0,7.260260420213327,16.57481672567573,0.5346613545816733,0,10,90.0,10.0,8,87.5,12.5,2,100.0,0.0,5,80.0,20.0,,,,
only_NFLX,P-confirm5-v5profit50,NFLX,2021-08-27,2026-08-27,0.001,0.5,321.0722207552902,33.46543720421617,29.40788810072914,1.3174781302969965,1.1379748552357432,9,77.77777777777779,-18.636438684823165,16.521418373581763,0.5298804780876494,2,17,82.35294117647058,11.76470588235294,15,80.0,13.333333333333334,2,100.0,0.0,5,80.0,20.0,,,,
without_YINN,v5,"TQQQ,MSFT,NFLX,SNOW,TSLA,MRNA,NVDA,GOOGL,AAOI",2021-08-27,2026-08-27,0.001,,150.20298718432076,20.21976165861592,14.235218423150675,1.2896046327239274,1.4204040329815106,67,55.223880597014926,-27.047831583052417,3.7543327154057726,0.31677733510402833,25,86,62.7906976744186,36.04651162790697,51,54.90196078431373,43.13725490196079,35,74.28571428571429,25.71428571428571,53,52.83018867924528,39.62264150943396,,,,
without_YINN,P-confirm5-v5profit50,"TQQQ,MSFT,NFLX,SNOW,TSLA,MRNA,NVDA,GOOGL,AAOI",2021-08-27,2026-08-27,0.001,0.5,166.4758925794998,21.75050037710655,13.279176579300378,1.312429363768834,1.6379404436123923,103,55.33980582524271,-27.047831583052407,6.17205366457938,0.35281097830898633,36,137,61.31386861313869,33.57664233576642,102,56.86274509803921,36.27450980392157,35,74.28571428571429,25.71428571428571,53,52.83018867924528,39.62264150943396,,,,
only_YINN,v5,YINN,2021-08-27,2026-08-27,0.001,,74.02191793496785,11.766720130871278,67.50277009410183,0.48062152735874175,0.1743146261178312,15,46.666666666666664,-34.38185233852087,-4.459071666167269,0.3466135458167331,6,18,50.0,50.0,9,55.55555555555556,44.44444444444444,9,44.44444444444444,55.55555555555556,8,62.5,37.5,,,,
only_YINN,P-confirm5-v5profit50,YINN,2021-08-27,2026-08-27,0.001,0.5,-15.95400636667147,-3.429771859864883,71.17162405797026,0.15064429584167863,-0.0481901587221234,15,53.333333333333336,-34.38185233852088,6.437643816955396,0.28844621513944224,5,18,50.0,50.0,9,55.55555555555556,44.44444444444444,9,44.44444444444444,55.55555555555556,8,62.5,37.5,,,,
without_SNOW,v5,"TQQQ,MSFT,NFLX,YINN,TSLA,MRNA,NVDA,GOOGL,AAOI",2021-08-27,2026-08-27,0.001,,167.3960849111327,21.834804690672406,15.203498039834217,1.3062145074212277,1.4361697968101619,71,54.929577464788736,-34.38185233852087,3.2947802138015847,0.31881363435148297,26,88,64.77272727272727,35.22727272727273,50,60.0,40.0,38,71.05263157894737,28.947368421052634,53,54.71698113207547,39.62264150943396,,,,
without_SNOW,P-confirm5-v5profit50,"TQQQ,MSFT,NFLX,YINN,TSLA,MRNA,NVDA,GOOGL,AAOI",2021-08-27,2026-08-27,0.001,0.5,159.17880187704952,21.07360028099794,16.70468177079778,1.2598256685014635,1.2615385656635294,103,56.310679611650485,-34.38185233852088,6.437643816955396,0.34608233731739707,36,135,62.22222222222222,33.33333333333333,97,58.76288659793815,35.051546391752574,38,71.05263157894737,28.947368421052634,53,54.71698113207547,39.62264150943396,,,,
only_SNOW,v5,SNOW,2021-08-27,2026-08-27,0.001,,45.41179608059094,7.807627623376301,57.86149243006074,0.38101716327201435,0.13493650605043864,11,45.45454545454545,-27.047831583052417,-0.7935845204045111,0.3282868525896414,5,16,37.5,56.25,10,30.0,60.0,6,50.0,50.0,8,50.0,37.5,,,,
only_SNOW,P-confirm5-v5profit50,SNOW,2021-08-27,2026-08-27,0.001,0.5,27.487058348997053,4.997088560737573,56.097583215933625,0.3093589966249755,0.08907849989726882,15,46.666666666666664,-27.047831583052407,-0.6597022778566553,0.349003984063745,5,20,45.0,50.0,14,42.857142857142854,50.0,6,50.0,50.0,8,50.0,37.5,,,,
without_TSLA,v5,"TQQQ,MSFT,NFLX,YINN,SNOW,MRNA,NVDA,GOOGL,AAOI",2021-08-27,2026-08-27,0.001,,161.37140696560596,21.27857674536695,17.489472470639356,1.2676159507253077,1.216650575429796,75,53.333333333333336,-34.38185233852087,1.7986428200841953,0.33253652058432936,29,96,61.458333333333336,37.5,54,57.407407407407405,40.74074074074074,42,66.66666666666666,33.33333333333333,53,52.83018867924528,43.39622641509434,,,,
without_TSLA,P-confirm5-v5profit50,"TQQQ,MSFT,NFLX,YINN,SNOW,MRNA,NVDA,GOOGL,AAOI",2021-08-27,2026-08-27,0.001,0.5,144.44293629013197,19.658844071454418,17.452666177474697,1.1805557650106753,1.126409218599914,107,55.140186915887845,-34.38185233852088,6.437643816955396,0.3574147853032315,38,143,60.83916083916085,34.26573426573427,101,58.415841584158414,34.65346534653465,42,66.66666666666666,33.33333333333333,53,52.83018867924528,43.39622641509434,,,,
only_TSLA,v5,TSLA,2021-08-27,2026-08-27,0.001,,101.84649770517531,15.145584436916447,46.48102029656914,0.6476669109800594,0.3258444918007614,7,57.14285714285714,-26.593404828411128,10.819385050147368,0.2047808764940239,2,8,50.0,50.0,6,33.33333333333333,66.66666666666666,2,100.0,0.0,8,62.5,12.5,,,,
only_TSLA,P-confirm5-v5profit50,TSLA,2021-08-27,2026-08-27,0.001,0.5,142.30863275895445,19.448320418038122,40.58105783951332,0.7605182166321709,0.4792462654608651,11,54.54545454545454,-26.593404828411117,6.17205366457938,0.24701195219123506,3,12,50.0,50.0,10,40.0,60.0,2,100.0,0.0,8,62.5,12.5,,,,
without_MRNA,v5,"TQQQ,MSFT,NFLX,YINN,SNOW,TSLA,NVDA,GOOGL,AAOI",2021-08-27,2026-08-27,0.001,,179.60361371437443,22.931835744927298,14.09380487357421,1.3465982428870389,1.6270862233891386,74,55.4054054054054,-34.38185233852087,3.8748542635758443,0.3244798583444002,27,90,61.111111111111114,37.77777777777778,54,57.407407407407405,40.74074074074074,36,66.66666666666666,33.33333333333333,56,51.78571428571429,41.07142857142857,,,,
without_MRNA,P-confirm5-v5profit50,"TQQQ,MSFT,NFLX,YINN,SNOW,TSLA,NVDA,GOOGL,AAOI",2021-08-27,2026-08-27,0.001,0.5,158.76790172061615,21.035033054196695,14.977487053082184,1.2440367873490086,1.4044434142821003,105,53.333333333333336,-34.38185233852088,6.437643816955396,0.35334218680832225,38,138,60.86956521739131,34.05797101449276,102,58.82352941176471,34.31372549019608,36,66.66666666666666,33.33333333333333,56,51.78571428571429,41.07142857142857,,,,
only_MRNA,v5,MRNA,2021-08-27,2026-08-27,0.001,,-4.730592954989454,-0.9683711498738035,49.13825050293683,0.1534022872766261,-0.019707074223489645,8,37.5,-22.72557501230831,-6.488471745151742,0.27729083665338644,4,14,57.14285714285714,42.857142857142854,6,33.33333333333333,66.66666666666666,8,75.0,25.0,5,80.0,20.0,,,,
only_MRNA,P-confirm5-v5profit50,MRNA,2021-08-27,2026-08-27,0.001,0.5,27.57425086997751,5.011504022072133,36.908705117993655,0.3129631765806189,0.13578108487010926,13,69.23076923076923,-22.72557501230831,4.926125336961706,0.2836653386454183,3,17,52.94117647058824,47.05882352941176,9,33.33333333333333,66.66666666666666,8,75.0,25.0,5,80.0,20.0,,,,
without_NVDA,v5,"TQQQ,MSFT,NFLX,YINN,SNOW,TSLA,MRNA,GOOGL,AAOI",2021-08-27,2026-08-27,0.001,,173.4777056905902,22.386222556570836,16.56043677212634,1.3004476911551865,1.3517893799908798,79,53.16455696202531,-34.38185233852087,1.7986428200841953,0.32819831783975206,31,100,60.0,39.0,58,55.172413793103445,43.103448275862064,42,66.66666666666666,33.33333333333333,54,55.55555555555556,37.03703703703704,,,,
without_NVDA,P-confirm5-v5profit50,"TQQQ,MSFT,NFLX,YINN,SNOW,TSLA,MRNA,GOOGL,AAOI",2021-08-27,2026-08-27,0.001,0.5,161.91471193479538,21.329155259340162,16.647195533243774,1.2559384390403976,1.281246154449661,111,55.85585585585585,-34.38185233852088,6.437643816955396,0.3540504648074369,38,145,60.689655172413794,35.172413793103445,103,58.252427184466015,35.92233009708738,42,66.66666666666666,33.33333333333333,54,55.55555555555556,37.03703703703704,,,,
only_NVDA,v5,NVDA,2021-08-27,2026-08-27,0.001,,39.68970412991748,6.942060685270346,29.312222852966695,0.4129156063402117,0.2368316016186312,3,66.66666666666666,-23.72333142580999,14.06175833620351,0.24382470119521912,0,4,75.0,25.0,2,50.0,50.0,2,100.0,0.0,7,42.857142857142854,57.14285714285714,,,,
only_NVDA,P-confirm5-v5profit50,NVDA,2021-08-27,2026-08-27,0.001,0.5,37.0002644525738,6.525411973560202,40.37082014432,0.38493992933730437,0.16163684438990275,7,42.857142857142854,-23.72333142580999,-1.509372585492097,0.27729083665338644,3,10,50.0,40.0,8,37.5,50.0,2,100.0,0.0,7,42.857142857142854,57.14285714285714,,,,
without_GOOGL,v5,"TQQQ,MSFT,NFLX,YINN,SNOW,TSLA,MRNA,NVDA,AAOI",2021-08-27,2026-08-27,0.001,,186.9725952782627,23.575648479860934,14.846608670089957,1.3437277917776786,1.5879483997821362,77,53.246753246753244,-34.38185233852087,1.7986428200841953,0.32226648959716686,30,100,60.0,39.0,56,53.57142857142857,44.642857142857146,44,68.18181818181817,31.818181818181817,59,54.23728813559322,38.983050847457626,,,,
without_GOOGL,P-confirm5-v5profit50,"TQQQ,MSFT,NFLX,YINN,SNOW,TSLA,MRNA,NVDA,AAOI",2021-08-27,2026-08-27,0.001,0.5,172.90989050665928,22.335156179713223,14.935149434817541,1.2733676590590093,1.4954759091760026,110,55.45454545454545,-34.38185233852088,6.5250636595351015,0.35050907481186366,38,146,60.273972602739725,35.61643835616438,102,56.86274509803921,37.254901960784316,44,68.18181818181817,31.818181818181817,59,54.23728813559322,38.983050847457626,,,,
only_GOOGL,v5,GOOGL,2021-08-27,2026-08-27,0.001,,-6.063822826241793,-1.2482207269816414,28.194142102145637,0.010635528408310673,-0.04427234290227434,5,60.0,-23.185264576067965,3.995375811745916,0.2972111553784861,1,4,75.0,25.0,4,75.0,25.0,0,,,2,50.0,50.0,,,,
only_GOOGL,P-confirm5-v5profit50,GOOGL,2021-08-27,2026-08-27,0.001,0.5,-2.4865443724335856,-0.5043265624266158,29.14945108900865,0.05740020877724134,-0.01730140855437177,8,50.0,-23.185264576067965,-0.3195108496812038,0.30916334661354583,3,9,55.55555555555556,33.33333333333333,9,55.55555555555556,33.33333333333333,0,,,2,50.0,50.0,,,,
without_AAOI,v5,"TQQQ,MSFT,NFLX,YINN,SNOW,TSLA,MRNA,NVDA,GOOGL",2021-08-27,2026-08-27,0.001,,97.28079376165009,14.617805386469351,15.322781853012978,1.0064012386759058,0.9539916137091643,69,53.62318840579711,-34.38185233852087,3.995375811745916,0.32766710934041604,25,91,60.43956043956044,38.46153846153847,55,54.54545454545454,43.63636363636363,36,69.44444444444444,30.555555555555557,53,56.60377358490566,35.84905660377358,,,,
without_AAOI,P-confirm5-v5profit50,"TQQQ,MSFT,NFLX,YINN,SNOW,TSLA,MRNA,NVDA,GOOGL",2021-08-27,2026-08-27,0.001,0.5,82.14199504699292,12.79491360175411,15.410827502547841,0.910892427147838,0.8302548062158733,101,54.45544554455446,-34.38185233852088,6.17205366457938,0.3563523683045595,36,135,59.25925925925925,35.55555555555556,99,55.55555555555556,37.37373737373738,36,69.44444444444444,30.555555555555557,53,56.60377358490566,35.84905660377358,,,,
only_AAOI,v5,AAOI,2021-08-27,2026-08-27,0.001,,1285.5202504003153,69.52440440608933,40.88018136185644,1.1316482924763211,1.7006872790187668,13,53.84615384615385,-25.39859610915135,0.19275887723202434,0.24860557768924302,6,13,61.53846153846154,38.46153846153847,5,60.0,40.0,8,62.5,37.5,8,37.5,62.5,,,,
only_AAOI,P-confirm5-v5profit50,AAOI,2021-08-27,2026-08-27,0.001,0.5,1680.906508224371,78.28908288949188,38.51533003214803,1.18670075688394,2.0326732972077726,17,58.82352941176471,-25.398596109151363,10.218788058805828,0.25657370517928285,5,20,65.0,35.0,12,66.66666666666666,33.33333333333333,8,62.5,37.5,8,37.5,62.5,,,,
