window,symbol,trade_id,date,close,running_peak_close,running_trough_close,trail_reference,close_gross_pct,close_net_pct,mfe_close_r,mae_close_r,above_entry,net_positive,ever_net_positive,returned_to_be,trail_covers_be
recent,MSFT,MSFT:2026-06-29,2026-06-29,368.5700073242187,368.5700073242187,368.5700073242187,294.856005859375,-2.365560973716907,-2.5607322173304414,0.0,0.3155475804834093,False,False,False,False,False
recent,MSFT,MSFT:2026-06-29,2026-06-30,373.0199890136719,373.0199890136719,368.5700073242187,298.41599121093753,-1.186757877173017,-1.3842855481765448,0.0,0.3155475804834093,False,False,False,False,False
recent,MSFT,MSFT:2026-06-29,2026-07-01,384.2799987792969,384.2799987792969,368.5700073242187,307.42399902343755,1.796026166701159,1.5925359103939218,0.2395760319367132,0.3155475804834093,True,True,True,False,False
recent,MSFT,MSFT:2026-06-29,2026-07-02,390.489990234375,390.489990234375,368.5700073242187,312.3919921875,3.441057015728477,3.234278342754049,0.4590104536229665,0.3155475804834093,True,True,True,False,False
recent,MSFT,MSFT:2026-06-29,2026-07-06,386.739990234375,390.489990234375,368.5700073242187,312.3919921875,2.4476795322847744,2.242886620899731,0.4590104536229665,0.3155475804834093,True,True,True,False,False
recent,MSFT,MSFT:2026-06-29,2026-07-07,388.8399963378906,390.489990234375,368.5700073242187,312.3919921875,3.003972539838573,2.7980675987314463,0.4590104536229665,0.3155475804834093,True,True,True,False,False
recent,MSFT,MSFT:2026-06-29,2026-07-08,383.3399963378906,390.489990234375,368.5700073242187,312.3919921875,1.5470188974544774,1.344026406678478,0.4590104536229665,0.3155475804834093,True,True,True,False,False
recent,MSFT,MSFT:2026-06-29,2026-07-09,384.3599853515625,390.489990234375,368.5700073242187,312.3919921875,1.817214662665556,1.6136820505548988,0.4590104536229665,0.3155475804834093,True,True,True,False,False
recent,MSFT,MSFT:2026-06-29,2026-07-10,385.1000061035156,390.489990234375,368.5700073242187,312.3919921875,2.0132466499379165,1.8093221698846973,0.4590104536229665,0.3155475804834093,True,True,True,False,False
recent,MSFT,MSFT:2026-06-29,2026-07-13,390.989990234375,390.989990234375,368.5700073242187,312.7919921875,3.57350734685431,3.366463905667949,0.4766783057668542,0.3155475804834093,True,True,True,False,False
recent,MSFT,MSFT:2026-06-29,2026-07-14,384.9299926757813,390.989990234375,368.5700073242187,312.7919921875,1.9682099803394193,1.7643755285887242,0.4766783057668542,0.3155475804834093,True,True,True,False,False
recent,MSFT,MSFT:2026-06-29,2026-07-15,395.6300048828125,395.6300048828125,368.5700073242187,316.50400390625003,4.802650300082778,4.593149802132923,0.6406364912749883,0.3155475804834093,True,True,True,False,False
recent,MSFT,MSFT:2026-06-29,2026-07-16,401.1000061035156,401.1000061035156,368.5700073242187,320.8800048828125,6.251657245964415,6.039260183129724,0.8339228368635249,0.3155475804834093,True,True,True,False,False
recent,MSFT,MSFT:2026-06-29,2026-07-17,393.8200073242187,401.1000061035156,368.5700073242187,320.8800048828125,4.323180748137401,4.114638709821872,0.8339228368635249,0.3155475804834093,True,True,True,False,False
recent,MSFT,MSFT:2026-06-29,2026-07-20,402.2900085449219,402.2900085449219,368.5700073242187,321.83200683593753,6.566889680774013,6.3538624683021405,0.8759724112347871,0.3155475804834093,True,True,True,False,False
recent,MSFT,MSFT:2026-06-29,2026-07-21,397.75,402.2900085449219,368.5700073242187,321.83200683593753,5.364238410596034,5.153615298013259,0.8759724112347871,0.3155475804834093,True,True,True,False,False
recent,MSFT,MSFT:2026-06-29,2026-07-22,390.3399963378906,402.2900085449219,368.5700073242187,321.83200683593753,3.4013235332160496,3.1946242874731468,0.8759724112347871,0.3155475804834093,True,True,True,False,False
recent,MSFT,MSFT:2026-06-29,2026-07-23,381.5799865722656,402.2900085449219,368.5700073242187,321.83200683593753,1.0807911449710161,0.8787306434722142,0.8759724112347871,0.3155475804834093,True,True,True,False,False
recent,MSFT,MSFT:2026-06-29,2026-07-24,381.7000122070313,402.2900085449219,368.5700073242187,321.83200683593753,1.1125860151076417,0.9104619556634441,0.8759724112347871,0.3155475804834093,True,True,True,False,False
recent,MSFT,MSFT:2026-06-29,2026-07-27,389.1000061035156,402.2900085449219,368.5700073242187,321.83200683593753,3.0728492989445355,2.866806673195943,0.8759724112347871,0.3155475804834093,True,True,True,False,False
recent,MSFT,MSFT:2026-06-29,2026-07-28,393.3500061035156,402.2900085449219,368.5700073242187,321.83200683593753,4.198677113514071,3.990383957964161,0.8759724112347871,0.3155475804834093,True,True,True,False,False
recent,MSFT,MSFT:2026-06-29,2026-07-29,390.5400085449219,402.2900085449219,368.5700073242187,321.83200683593753,3.45430689931705,3.247501739825309,0.8759724112347871,0.3155475804834093,True,True,True,False,False
recent,MSFT,MSFT:2026-06-29,2026-07-30,451.1000061035156,451.1000061035156,368.5700073242187,360.8800048828125,19.496690358547177,19.25781647452045,2.6007080512522998,0.3155475804834093,True,True,True,False,False
recent,MSFT,MSFT:2026-06-29,2026-07-31,464.7200012207031,464.7200012207031,368.5700073242187,371.7760009765625,23.10463608495448,22.858549917420667,3.0819801711141834,0.3155475804834093,True,True,True,False,False
recent,MSFT,MSFT:2026-06-29,2026-08-03,487.6499938964844,487.6499938964844,368.5700073242187,390.1199951171875,29.17880633019454,28.920577896340482,3.8922276116264474,0.3155475804834093,True,True,True,False,True
recent,MSFT,MSFT:2026-06-29,2026-08-04,492.80999755859375,492.80999755859375,368.5700073242187,394.247998046875,30.545694717508276,30.284733873767976,4.074559975154583,0.3155475804834093,True,True,True,False,True
recent,MSFT,MSFT:2026-06-29,2026-08-05,487.4599914550781,492.80999755859375,368.5700073242187,394.247998046875,29.128474557636586,28.870346736995867,4.074559975154583,0.3155475804834093,True,True,True,False,True
recent,MSFT,MSFT:2026-06-29,2026-08-06,499.8599853515625,499.8599853515625,368.5700073242187,399.88798828125005,32.413241152731786,32.14854708366748,4.323676259039353,0.3155475804834093,True,True,True,False,True
recent,MSFT,MSFT:2026-06-29,2026-08-07,499.989990234375,499.989990234375,368.5700073242187,399.99199218750005,32.44767953228478,32.18291662089974,4.328270073134383,0.3155475804834093,True,True,True,False,True
recent,MSFT,MSFT:2026-06-29,2026-08-10,506.05999755859375,506.05999755859375,368.5700073242187,404.84799804687503,34.05562849234271,33.78765129098653,4.5427580569676085,0.3155475804834093,True,True,True,False,True
recent,MSFT,MSFT:2026-06-29,2026-08-11,503.80999755859375,506.05999755859375,368.5700073242187,404.84799804687503,33.45960200227649,33.192816257873936,4.5427580569676085,0.3155475804834093,True,True,True,False,True
recent,MSFT,MSFT:2026-06-29,2026-08-12,492.4299926757813,506.05999755859375,368.5700073242187,404.84799804687503,30.44503117239239,30.18427155507879,4.5427580569676085,0.3155475804834093,True,True,True,False,True
recent,MSFT,MSFT:2026-06-29,2026-08-13,496.8800048828125,506.05999755859375,368.5700073242187,404.84799804687503,31.623842353062905,31.360726292199125,4.5427580569676085,0.3155475804834093,True,True,True,False,True
recent,MSFT,MSFT:2026-06-29,2026-08-14,495.3999938964844,506.05999755859375,368.5700073242187,404.84799804687503,31.231786462644862,30.969454121506047,4.5427580569676085,0.3155475804834093,True,True,True,False,True
recent,MSFT,MSFT:2026-06-29,2026-08-17,480.3500061035156,506.05999755859375,368.5700073242187,404.84799804687503,27.24503472940811,26.990671904984033,4.5427580569676085,0.3155475804834093,True,True,True,False,True
recent,MSFT,MSFT:2026-06-29,2026-08-18,481.6300048828125,506.05999755859375,368.5700073242187,404.84799804687503,27.584107253725175,27.329066623324994,4.5427580569676085,0.3155475804834093,True,True,True,False,True
recent,MSFT,MSFT:2026-06-29,2026-08-19,484.30999755859375,506.05999755859375,368.5700073242187,404.84799804687503,28.294039088369203,28.037579304231564,4.5427580569676085,0.3155475804834093,True,True,True,False,True
recent,MSFT,MSFT:2026-06-29,2026-08-20,481.1499938964844,506.05999755859375,368.5700073242187,404.84799804687503,27.456952025558778,27.20216557845969,4.5427580569676085,0.3155475804834093,True,True,True,False,True
recent,MSFT,MSFT:2026-06-29,2026-08-21,483.239990234375,506.05999755859375,368.5700073242187,404.84799804687503,28.010593439569533,27.754700263283837,4.5427580569676085,0.3155475804834093,True,True,True,False,True
recent,MSFT,MSFT:2026-06-29,2026-08-24,487.30999755859375,506.05999755859375,368.5700073242187,404.84799804687503,29.08874107512418,28.830692681715007,4.5427580569676085,0.3155475804834093,True,True,True,False,True
recent,MSFT,MSFT:2026-06-29,2026-08-25,491.7099914550781,506.05999755859375,368.5700073242187,404.84799804687503,30.25430237220612,29.993924021764084,4.5427580569676085,0.3155475804834093,True,True,True,False,True
recent,MSFT,MSFT:2026-06-29,2026-08-26,496.3699951171875,506.05999755859375,368.5700073242187,404.84799804687503,31.488740428394046,31.225894436277702,4.5427580569676085,0.3155475804834093,True,True,True,False,True
recent,MSFT,MSFT:2026-06-29,2026-08-27,505.05999755859375,506.05999755859375,368.5700073242187,404.84799804687503,33.79072783009105,33.52328016515871,4.5427580569676085,0.3155475804834093,True,True,True,False,True
recent,NFLX,NFLX:2026-02-26,2026-02-26,84.58999633789062,84.58999633789062,84.58999633789062,67.6719970703125,1.670672404607343,1.4674327304705415,0.16971920270447768,0.0,True,True,True,False,False
recent,NFLX,NFLX:2026-02-26,2026-02-27,96.23999786376952,96.23999786376952,84.58999633789062,76.99199829101562,15.673078598355449,15.441848114237345,1.5921867125486369,0.0,True,True,True,False,False
recent,NFLX,NFLX:2026-02-26,2026-03-02,97.08999633789062,97.08999633789062,84.58999633789062,77.6719970703125,16.694711417224273,16.461438689101236,1.6959716957667546,0.0,True,True,True,False,False
recent,NFLX,NFLX:2026-02-26,2026-03-03,97.6999969482422,97.6999969482422,84.58999633789062,78.15999755859377,17.427885254635655,17.193146912011635,1.770452891952243,0.0,True,True,True,False,False
recent,NFLX,NFLX:2026-02-26,2026-03-04,98.66000366210938,98.66000366210938,84.58999633789062,78.92800292968751,18.58173952035682,18.344694623055634,1.8876699031839468,0.0,True,True,True,False,False
recent,NFLX,NFLX:2026-02-26,2026-03-05,99.16999816894533,99.16999816894533,84.58999633789062,79.33599853515626,19.194713709710708,18.956443477005003,1.9499403341844619,0.0,True,True,True,False,False
recent,NFLX,NFLX:2026-02-26,2026-03-06,99.0199966430664,99.16999816894533,84.58999633789062,79.33599853515626,19.014423407570156,18.77651357517842,1.9499403341844619,0.0,True,True,True,False,False
recent,NFLX,NFLX:2026-02-26,2026-03-09,98.31999969482422,99.16999816894533,84.58999633789062,79.33599853515626,18.173080890841888,17.936852902141087,1.9499403341844619,0.0,True,True,True,False,False
recent,NFLX,NFLX:2026-02-26,2026-03-10,96.94000244140624,99.16999816894533,84.58999633789062,79.33599853515626,16.514430285029412,16.281517938889635,1.9499403341844619,0.0,True,True,True,False,False
recent,NFLX,NFLX:2026-02-26,2026-03-11,94.88999938964844,99.16999816894533,84.58999633789062,79.33599853515626,14.050484218981962,13.822497301028225,1.9499403341844619,0.0,True,True,True,False,False
recent,NFLX,NFLX:2026-02-26,2026-03-12,94.30999755859376,99.16999816894533,84.58999633789062,79.33599853515626,13.353366608009587,13.126773228160182,1.9499403341844619,0.0,True,True,True,False,False
recent,NFLX,NFLX:2026-02-26,2026-03-13,95.30999755859376,99.16999816894533,84.58999633789062,79.33599853515626,14.555289729018961,14.326293704850656,1.9499403341844619,0.0,True,True,True,False,False
recent,NFLX,NFLX:2026-02-26,2026-03-16,95.1999969482422,99.16999816894533,84.58999633789062,79.33599853515626,14.423077452112265,14.194345720285506,1.9499403341844619,0.0,True,True,True,False,False
recent,NFLX,NFLX:2026-02-26,2026-03-17,94.36000061035156,99.16999816894533,84.58999633789062,79.33599853515626,13.413466432038312,13.186752912640664,1.9499403341844619,0.0,True,True,True,False,False
recent,NFLX,NFLX:2026-02-26,2026-03-18,94.6999969482422,99.16999816894533,84.58999633789062,79.33599853515626,13.8221158916076,13.59458548194028,1.9499403341844619,0.0,True,True,True,False,False
recent,NFLX,NFLX:2026-02-26,2026-03-19,91.73999786376952,99.16999816894533,84.58999633789062,79.33599853515626,10.264424553813356,10.044005969130287,1.9499403341844619,0.0,True,True,True,False,False
recent,NFLX,NFLX:2026-02-26,2026-03-20,91.81999969482422,99.16999816894533,84.58999633789062,79.33599853515626,10.36058060428109,10.139969803653127,1.9499403341844619,0.0,True,True,True,False,False
recent,NFLX,NFLX:2026-02-26,2026-03-23,93.37999725341795,99.16999816894533,84.58999633789062,79.33599853515626,12.235577738673031,12.011218818773429,1.9499403341844619,0.0,True,True,True,False,False
recent,NFLX,NFLX:2026-02-26,2026-03-24,90.91999816894533,99.16999816894533,84.58999633789062,79.33599853515626,9.27884796138354,9.060399544308728,1.9499403341844619,0.0,True,True,True,False,False
recent,NFLX,NFLX:2026-02-26,2026-03-25,92.27999877929688,99.16999816894533,84.58999633789062,79.33599853515626,10.913464139551898,10.691748124736943,1.9499403341844619,0.0,True,True,True,False,False
recent,NFLX,NFLX:2026-02-26,2026-03-26,93.31999969482422,99.16999816894533,84.58999633789062,79.33599853515626,12.163465285795105,11.939250518688805,1.9499403341844619,0.0,True,True,True,False,False
recent,NFLX,NFLX:2026-02-26,2026-03-27,93.43000030517578,99.16999816894533,84.58999633789062,79.33599853515626,12.295677562701801,12.071198503253955,1.9499403341844619,0.0,True,True,True,False,False
recent,NFLX,NFLX:2026-02-26,2026-03-30,92.97000122070312,99.16999816894533,84.58999633789062,79.33599853515626,11.74279402743097,11.519420182170137,1.9499403341844619,0.0,True,True,True,False,False
recent,NFLX,NFLX:2026-02-26,2026-03-31,96.1500015258789,99.16999816894533,84.58999633789062,79.33599853515626,15.564909919038538,15.333895664110386,1.9499403341844619,0.0,True,True,True,False,False
recent,NFLX,NFLX:2026-02-26,2026-04-01,95.5500030517578,99.16999816894533,84.58999633789062,79.33599853515626,14.843757880422048,14.614185208419084,1.9499403341844619,0.0,True,True,True,False,False
recent,NFLX,NFLX:2026-02-26,2026-04-02,98.66000366210938,99.16999816894533,84.58999633789062,79.33599853515626,18.58173952035682,18.344694623055634,1.9499403341844619,0.0,True,True,True,False,False
recent,NFLX,NFLX:2026-02-26,2026-04-06,98.93000030517578,99.16999816894533,84.58999633789062,79.33599853515626,18.906254728253245,18.668561125051465,1.9499403341844619,0.0,True,True,True,False,False
recent,NFLX,NFLX:2026-02-26,2026-04-07,98.81999969482422,99.16999816894533,84.58999633789062,79.33599853515626,18.774042451346553,18.536613140486313,1.9499403341844619,0.0,True,True,True,False,False
recent,NFLX,NFLX:2026-02-26,2026-04-08,99.38999938964844,99.38999938964844,84.58999633789062,79.51199951171876,19.459138263524057,19.22033944613528,1.9768025271104512,0.0,True,True,True,False,False
recent,NFLX,NFLX:2026-02-26,2026-04-09,102.0500030517578,102.0500030517578,84.58999633789062,81.64000244140624,22.656258166982866,22.41106830690707,2.301589504778387,0.0,True,True,True,False,False
recent,NFLX,NFLX:2026-02-26,2026-04-10,103.01000213623048,103.01000213623048,84.58999633789062,82.40800170898439,23.810103262758386,23.562606866336132,2.418805584459502,0.0,True,True,True,False,False
recent,NFLX,NFLX:2026-02-26,2026-04-13,103.16000366210938,103.16000366210938,84.58999633789062,82.5280029296875,23.990393564898916,23.742536768162694,2.4371208006863663,0.0,True,True,True,False,False
recent,NFLX,NFLX:2026-02-26,2026-04-14,106.27999877929688,106.27999877929688,84.58999633789062,85.02399902343751,27.740387833682867,27.48503479840334,2.8180728267623305,0.0,True,True,True,False,True
recent,NFLX,NFLX:2026-02-26,2026-04-15,107.70999908447266,107.70999908447266,84.58999633789062,86.16799926757812,29.459138263524064,29.200349446135277,2.992676149230679,0.0,True,True,True,False,True
recent,NFLX,NFLX:2026-02-26,2026-04-16,107.79000091552734,107.79000091552734,84.58999633789062,86.23200073242188,29.555294313991777,29.296313280658115,3.0024443887584202,0.0,True,True,True,False,True
recent,NFLX,NFLX:2026-02-26,2026-04-17,97.30999755859376,107.79000091552734,84.58999633789062,86.23200073242188,16.959135971037664,16.72533465823156,3.0024443887584202,0.0,True,True,True,False,True
recent,NFLX,NFLX:2026-07-20,2026-07-20,67.5999984741211,67.5999984741211,67.5999984741211,54.07999877929688,-1.053865960069189,-1.2516592820150052,0.0,0.2222227455006558,False,False,False,False,False
recent,NFLX,NFLX:2026-07-20,2026-07-21,68.66999816894531,68.66999816894531,67.5999984741211,54.93599853515625,0.5122928508262348,0.3113687774174423,0.10802429163144349,0.2222227455006558,True,True,True,False,False
recent,NFLX,NFLX:2026-07-20,2026-07-22,68.52999877929688,68.66999816894531,67.5999984741211,54.93599853515625,0.30737571049574974,0.10686126645047533,0.10802429163144349,0.2222227455006558,True,True,True,False,False
recent,NFLX,NFLX:2026-07-20,2026-07-23,68.88999938964844,68.88999938964844,67.5999984741211,55.11199951171875,0.8343086905303387,0.6327409074579737,0.17592594772919398,0.2222227455006558,True,True,True,False,False
recent,NFLX,NFLX:2026-07-20,2026-07-24,70.08999633789062,70.08999633789062,67.5999984741211,56.071997070312506,2.5907445125479045,2.3856656142673183,0.5462956203949862,0.2222227455006558,True,True,True,False,False
recent,NFLX,NFLX:2026-07-20,2026-07-27,70.4000015258789,70.4000015258789,67.5999984741211,56.320001220703126,3.0444991808339594,2.838513226971484,0.6419762970567943,0.2222227455006558,True,True,True,False,False
recent,NFLX,NFLX:2026-07-20,2026-07-28,72.38999938964844,72.38999938964844,67.5999984741211,57.911999511718754,5.957259533085968,5.745450971279342,1.256173573549531,0.2222227455006558,True,True,True,False,False
recent,NFLX,NFLX:2026-07-20,2026-07-29,73.62999725341797,73.62999725341797,67.5999984741211,58.90399780273438,7.772244704790343,7.55680798762548,1.6388892159379098,0.2222227455006558,True,True,True,False,False
recent,NFLX,NFLX:2026-07-20,2026-07-30,73.16999816894531,73.62999725341797,67.5999984741211,58.90399780273438,7.098943934112056,6.884853145187764,1.6388892159379098,0.2222227455006558,True,True,True,False,False
recent,NFLX,NFLX:2026-07-20,2026-07-31,71.70999908447266,73.62999725341797,67.5999984741211,58.90399780273438,4.961942922703577,4.752123998801094,1.6388892159379098,0.2222227455006558,True,True,True,False,False
recent,NFLX,NFLX:2026-07-20,2026-08-03,73.33000183105469,73.62999725341797,67.5999984741211,58.90399780273438,7.33314133285925,7.1185823833348705,1.6388892159379098,0.2222227455006558,True,True,True,False,False
recent,NFLX,NFLX:2026-07-20,2026-08-04,73.56999969482422,73.62999725341797,67.5999984741211,58.90399780273438,7.684426263833433,7.469165095732033,1.6388892159379098,0.2222227455006558,True,True,True,False,False
recent,NFLX,NFLX:2026-07-20,2026-08-05,74.19999694824219,74.19999694824219,67.5999984741211,59.359997558593754,8.606553395320681,8.38944889508344,1.814815163667104,0.2222227455006558,True,True,True,False,False
recent,NFLX,NFLX:2026-07-20,2026-08-06,73.69000244140625,74.19999694824219,67.5999984741211,59.359997558593754,7.860074312893839,7.644462024342369,1.814815163667104,0.2222227455006558,True,True,True,False,False
recent,NFLX,NFLX:2026-07-20,2026-08-07,74.13999938964844,74.19999694824219,67.5999984741211,59.359997558593754,8.518734954363772,8.301806003189993,1.814815163667104,0.2222227455006558,True,True,True,False,False
recent,NFLX,NFLX:2026-07-20,2026-08-10,76.29000091552734,76.29000091552734,67.5999984741211,61.03200073242188,11.665692705362996,11.44247298564498,2.4598785418427824,0.2222227455006558,True,True,True,False,False
recent,NFLX,NFLX:2026-07-20,2026-08-11,74.79000091552734,76.29000091552734,67.5999984741211,61.03200073242188,9.470142344267728,9.25131152972154,2.4598785418427824,0.2222227455006558,True,True,True,False,False
recent,NFLX,NFLX:2026-07-20,2026-08-12,74.20999908447266,76.29000091552734,67.5999984741211,61.03200073242188,8.621193524529037,8.40405975867351,2.4598785418427824,0.2222227455006558,True,True,True,False,False
recent,NFLX,NFLX:2026-07-20,2026-08-13,78.23999786376953,78.23999786376953,67.5999984741211,62.59199829101563,14.519903707928194,14.290978420416046,3.061729848612933,0.2222227455006558,True,True,True,False,False
recent,NFLX,NFLX:2026-07-20,2026-08-14,78.16000366210938,78.23999786376953,67.5999984741211,62.59199829101563,14.402816175701204,14.174124946165989,3.061729848612933,0.2222227455006558,True,True,True,False,False
recent,NFLX,NFLX:2026-07-20,2026-08-17,76.0199966430664,78.23999786376953,67.5999984741211,62.59199829101563,11.270487386763728,11.048057682477586,3.061729848612933,0.2222227455006558,True,True,True,False,False
recent,NFLX,NFLX:2026-07-20,2026-08-18,77.7699966430664,78.23999786376953,67.5999984741211,62.59199829101563,13.831962808041553,13.604412714388282,3.061729848612933,0.2222227455006558,True,True,True,False,False
recent,NFLX,NFLX:2026-07-20,2026-08-19,80.22000122070312,80.22000122070312,67.5999984741211,64.1760009765625,17.418035098118455,17.18331644595732,3.672842398739736,0.2222227455006558,True,True,True,False,False
recent,NFLX,NFLX:2026-07-20,2026-08-20,80.13999938964844,80.22000122070312,67.5999984741211,64.1760009765625,17.30093639874486,17.066451826883778,3.672842398739736,0.2222227455006558,True,True,True,False,False
recent,NFLX,NFLX:2026-07-20,2026-08-21,79.58999633789062,80.22000122070312,67.5999984741211,64.1760009765625,16.495896799484623,16.263021501782447,3.672842398739736,0.2222227455006558,True,True,True,False,False
recent,NFLX,NFLX:2026-07-20,2026-08-24,80.01000213623047,80.22000122070312,67.5999984741211,64.1760009765625,17.110659387622707,16.87655517950686,3.672842398739736,0.2222227455006558,True,True,True,False,False
recent,NFLX,NFLX:2026-07-20,2026-08-25,82.2300033569336,82.2300033569336,67.5999984741211,65.78400268554688,20.36007570878717,20.119475917445317,4.293213837470242,0.2222227455006558,True,True,True,False,False
recent,NFLX,NFLX:2026-07-20,2026-08-26,81.45999908447266,82.2300033569336,67.5999984741211,65.78400268554688,19.23302026982283,18.994673462303457,4.293213837470242,0.2222227455006558,True,True,True,False,False
recent,NFLX,NFLX:2026-07-20,2026-08-27,79.83999633789062,82.2300033569336,67.5999984741211,65.78400268554688,16.86182185966716,16.62821507776968,4.293213837470242,0.2222227455006558,True,True,True,False,False
recent,SNOW,SNOW:2026-02-26,2026-02-26,173.05999755859375,173.05999755859375,173.05999755859375,138.447998046875,-3.015021749161384,-3.2088947206848073,0.0,0.22590822302241245,False,False,False,False,False
recent,SNOW,SNOW:2026-02-26,2026-02-27,168.41000366210938,173.05999755859375,168.41000366210938,138.447998046875,-5.62093624863651,-5.8095999970754875,0.0,0.4211630380460551,False,False,False,False,False
recent,SNOW,SNOW:2026-02-26,2026-03-02,170.3300018310547,173.05999755859375,168.41000366210938,138.447998046875,-4.544945359443497,-4.735760013669966,0.0,0.4211630380460551,False,False,False,False,False
recent,SNOW,SNOW:2026-02-26,2026-03-03,165.7899932861328,173.05999755859375,165.7899932861328,138.447998046875,-7.0892226979358375,-7.274951341762659,0.0,0.531178159078386,False,False,False,False,False
recent,SNOW,SNOW:2026-02-26,2026-03-04,168.25999450683594,173.05999755859375,165.7899932861328,138.447998046875,-5.705003247751628,-5.893498946259368,0.0,0.531178159078386,False,False,False,False,False
recent,SNOW,SNOW:2026-02-26,2026-03-05,177.4499969482422,177.4499969482422,165.7899932861328,141.95999755859376,-0.5548114097841617,-0.7536023417760052,0.0,0.531178159078386,False,False,False,False,False
recent,SNOW,SNOW:2026-02-26,2026-03-06,180.47999572753903,180.47999572753903,165.7899932861328,144.38399658203124,1.1432376475127182,0.9410523154553374,0.08566000743237064,0.531178159078386,True,True,True,False,False
recent,SNOW,SNOW:2026-02-26,2026-03-09,182.83999633789065,182.83999633789065,165.7899932861328,146.27199707031252,2.4658113854987285,2.2609822285391212,0.1847572305444865,0.531178159078386,True,True,True,False,False
recent,SNOW,SNOW:2026-02-26,2026-03-10,175.32000732421875,182.83999633789065,165.7899932861328,146.27199707031252,-1.748484126036709,-1.9448889062687602,0.1847572305444865,0.531178159078386,False,False,True,True,False
recent,SNOW,SNOW:2026-02-26,2026-03-11,179.42999267578125,182.83999633789065,165.7899932861328,146.27199707031252,0.5548028585687037,0.35379380765443447,0.1847572305444865,0.531178159078386,True,True,True,True,False
recent,SNOW,SNOW:2026-02-26,2026-03-12,177.25,182.83999633789065,165.7899932861328,146.27199707031252,-0.6668921907222014,-0.8654590732329437,0.1847572305444865,0.531178159078386,False,False,True,True,False
recent,SNOW,SNOW:2026-02-26,2026-03-13,178.66000366210938,182.83999633789065,165.7899932861328,146.27199707031252,0.12329142439648777,-0.07685503516088321,0.1847572305444865,0.531178159078386,True,False,True,True,False
recent,SNOW,SNOW:2026-02-26,2026-03-16,174.39999389648438,182.83999633789065,165.7899932861328,146.27199707031252,-2.2640711105395117,-2.4594452323895455,0.1847572305444865,0.531178159078386,False,False,True,True,False
recent,SNOW,SNOW:2026-02-26,2026-03-17,174.60000610351562,182.83999633789065,165.7899932861328,146.27199707031252,-2.151981778386014,-2.3475799668110198,0.1847572305444865,0.531178159078386,False,False,True,True,False
recent,SNOW,SNOW:2026-02-26,2026-03-18,173.25,182.83999633789065,165.7899932861328,146.27199707031252,-2.9085420143448393,-3.102627838858163,0.1847572305444865,0.531178159078386,False,False,True,True,False
recent,SNOW,SNOW:2026-02-26,2026-03-19,175.39999389648438,182.83999633789065,165.7899932861328,146.27199707031252,-1.703658654633855,-1.9001530409832434,0.1847572305444865,0.531178159078386,False,False,True,True,False
recent,SNOW,SNOW:2026-02-26,2026-03-20,168.02000427246094,182.83999633789065,165.7899932861328,146.27199707031252,-5.839496764391095,-6.02772361035907,0.1847572305444865,0.531178159078386,False,False,True,True,False
recent,SNOW,SNOW:2026-02-26,2026-03-23,174.1999969482422,182.83999633789065,165.7899932861328,146.27199707031252,-2.3761518914775515,-2.571301963846484,0.1847572305444865,0.531178159078386,False,False,True,True,False
recent,SNOW,SNOW:2026-02-26,2026-03-24,161.33999633789062,182.83999633789065,161.33999633789062,146.27199707031252,-9.583056416472925,-9.76379988669639,0.1847572305444865,0.7180350346630444,False,False,True,True,False
recent,SNOW,SNOW:2026-02-26,2026-03-25,160.61000061035156,182.83999633789065,160.61000061035156,146.27199707031252,-9.992155114943724,-10.172080796868954,0.1847572305444865,0.7486878019401053,False,False,True,True,False
recent,SNOW,SNOW:2026-02-26,2026-03-26,162.3300018310547,182.83999633789065,160.61000061035156,146.27199707031252,-9.028245006688762,-9.210097544920393,0.1847572305444865,0.7486878019401053,False,False,True,True,False
recent,SNOW,SNOW:2026-02-26,2026-03-27,152.8000030517578,182.83999633789065,152.8000030517578,146.27199707031252,-14.368975027372443,-14.540151446292725,0.1847572305444865,1.0766322385535068,False,False,True,True,False
recent,SNOW,SNOW:2026-02-26,2026-03-30,153.6699981689453,182.83999633789065,152.8000030517578,146.27199707031252,-13.881418927123468,-14.053569970688152,0.1847572305444865,1.0766322385535068,False,False,True,True,False
recent,SNOW,SNOW:2026-02-26,2026-03-31,150.82000732421875,182.83999633789065,150.82000732421875,146.27199707031252,-15.478589295725321,-15.647547595723166,0.1847572305444865,1.1597729282263542,False,False,True,True,False
recent,SNOW,SNOW:2026-02-26,2026-04-01,153.1199951171875,182.83999633789065,150.82000732421875,146.27199707031252,-14.189647488114666,-14.36118238278592,0.1847572305444865,1.1597729282263542,False,False,True,True,False
recent,SNOW,SNOW:2026-02-26,2026-04-02,151.85000610351562,182.83999633789065,150.82000732421875,146.27199707031252,-14.90136515023972,-15.071477321304394,0.1847572305444865,1.1597729282263542,False,False,True,True,False
recent,SNOW,SNOW:2026-02-26,2026-04-06,149.3800048828125,182.83999633789065,149.3800048828125,146.27199707031252,-16.28558460042393,-16.452929716807684,0.1847572305444865,1.2202391173417737,False,False,True,True,False
recent,SNOW,SNOW:2026-02-26,2026-04-07,149.24000549316406,182.83999633789065,149.24000549316406,146.27199707031252,-16.364042002202105,-16.531230282239704,0.1847572305444865,1.2261177390212334,False,False,True,True,False
recent,SNOW,SNOW:2026-02-26,2026-04-08,149.99000549316406,182.83999633789065,149.24000549316406,146.27199707031252,-15.943732660272868,-16.111761138684976,0.1847572305444865,1.2261177390212334,False,False,True,True,False
recent,SNOW,SNOW:2026-02-26,2026-04-09,132.24000549316406,182.83999633789065,132.24000549316406,146.27199707031252,-25.891053752598292,-26.03919753614684,0.1847572305444865,1.9399534836039314,False,False,True,True,False
recent,SNOW,SNOW:2026-04-14,2026-04-14,135.47000122070312,135.47000122070312,135.47000122070312,108.37600097656251,-0.6089521734929826,-0.8076348780981624,0.0,0.04611121283637149,False,False,False,False,False
recent,SNOW,SNOW:2026-04-14,2026-04-15,144.47999572753906,144.47999572753906,135.47000122070312,115.58399658203126,6.001461843456468,5.789564921231394,0.4544440375434024,0.04611121283637149,True,True,True,False,False
recent,SNOW,SNOW:2026-04-14,2026-04-16,143.5500030517578,144.47999572753906,135.47000122070312,115.58399658203126,5.319148817074448,5.108615838589126,0.4544440375434024,0.04611121283637149,True,True,True,False,False
recent,SNOW,SNOW:2026-04-14,2026-04-17,143.97999572753906,144.47999572753906,135.47000122070312,115.58399658203126,5.634623994003052,5.423460380639034,0.4544440375434024,0.04611121283637149,True,True,True,False,False
recent,SNOW,SNOW:2026-04-14,2026-04-20,150.44000244140625,150.44000244140625,135.47000122070312,120.35200195312501,10.374173934742315,10.153535961046778,0.7855555216471348,0.04611121283637149,True,True,True,False,False
recent,SNOW,SNOW:2026-04-14,2026-04-21,150.83999633789062,150.83999633789062,135.47000122070312,120.6719970703125,10.667639736303958,10.446415124471088,0.8077774047851556,0.04611121283637149,True,True,True,False,False
recent,SNOW,SNOW:2026-04-14,2026-04-22,155.57000732421875,155.57000732421875,135.47000122070312,124.45600585937501,14.137933852535166,13.909772122763941,1.0705557929144958,0.04611121283637149,True,True,True,False,False
recent,SNOW,SNOW:2026-04-14,2026-04-23,146.39999389648438,155.57000732421875,135.47000122070312,124.45600585937501,7.410117841957242,7.1954050163911765,1.0705557929144958,0.04611121283637149,True,True,True,False,False
recent,SNOW,SNOW:2026-04-14,2026-04-24,140.32000732421875,155.57000732421875,135.47000122070312,124.45600585937501,2.9493794442061683,2.7435836346972,1.0705557929144958,0.04611121283637149,True,True,True,False,False
recent,SNOW,SNOW:2026-04-14,2026-04-27,144.25,155.57000732421875,135.47000122070312,124.45600585937501,5.832719567308664,5.621159960893607,1.0705557929144958,0.04611121283637149,True,True,True,False,False
recent,SNOW,SNOW:2026-04-14,2026-04-28,142.55999755859375,155.57000732421875,135.47000122070312,124.45600585937501,4.592805844955716,4.3837248260716555,1.0705557929144958,0.04611121283637149,True,True,True,False,False
recent,SNOW,SNOW:2026-04-14,2026-04-29,141.22000122070312,155.57000732421875,135.47000122070312,124.45600585937501,3.6096830952212278,3.402567338713891,1.0705557929144958,0.04611121283637149,True,True,True,False,False
recent,SNOW,SNOW:2026-04-14,2026-04-30,136.47000122070312,155.57000732421875,135.47000122070312,124.45600585937501,0.12472352541383902,-0.07542579691346418,1.0705557929144958,0.04611121283637149,True,False,True,True,False
recent,SNOW,SNOW:2026-04-14,2026-05-01,141.0,155.57000732421875,135.47000122070312,124.45600585937501,3.448273545861502,3.2414804470433323,1.0705557929144958,0.04611121283637149,True,True,True,True,False
recent,SNOW,SNOW:2026-04-14,2026-05-04,144.2100067138672,155.57000732421875,135.47000122070312,124.45600585937501,5.803377465153603,5.5918765136007575,1.0705557929144958,0.04611121283637149,True,True,True,True,False
recent,SNOW,SNOW:2026-04-14,2026-05-05,141.7100067138672,155.57000732421875,135.47000122070312,124.45600585937501,3.9691882178865434,3.761353810639001,1.0705557929144958,0.04611121283637149,True,True,True,True,False
recent,SNOW,SNOW:2026-04-14,2026-05-06,139.74000549316406,155.57000732421875,135.47000122070312,124.45600585937501,2.523846195439905,2.318901026895226,1.0705557929144958,0.04611121283637149,True,True,True,True,False
recent,SNOW,SNOW:2026-04-14,2026-05-07,153.72000122070312,155.57000732421875,135.47000122070312,124.45600585937501,12.780629331556458,12.555180853522675,1.0705557929144958,0.04611121283637149,True,True,True,True,False
recent,SNOW,SNOW:2026-04-14,2026-05-08,152.4499969482422,155.57000732421875,135.47000122070312,124.45600585937501,11.848858059344035,11.625272192083402,1.0705557929144958,0.04611121283637149,True,True,True,True,False
recent,SNOW,SNOW:2026-04-14,2026-05-11,151.5,155.57000732421875,135.47000122070312,124.45600585937501,11.151868384383112,10.929675799482741,1.0705557929144958,0.04611121283637149,True,True,True,True,False
recent,SNOW,SNOW:2026-04-14,2026-05-12,151.97999572753906,155.57000732421875,135.47000122070312,124.45600585937501,11.504029585257625,11.281133030116708,1.0705557929144958,0.04611121283637149,True,True,True,True,False
recent,SNOW,SNOW:2026-04-14,2026-05-13,152.3699951171875,155.57000732421875,135.47000122070312,124.45600585937501,11.790162660031168,11.566694124873766,1.0705557929144958,0.04611121283637149,True,True,True,True,False
recent,SNOW,SNOW:2026-04-14,2026-05-14,150.75999450683594,155.57000732421875,135.47000122070312,124.45600585937501,10.608944336991065,10.387837057261429,1.0705557929144958,0.04611121283637149,True,True,True,True,False
recent,SNOW,SNOW:2026-04-14,2026-05-15,157.47000122070312,157.47000122070312,135.47000122070312,125.9760009765625,15.531913202457037,15.30096490796533,1.1761110093858498,0.04611121283637149,True,True,True,True,False
recent,SNOW,SNOW:2026-04-14,2026-05-18,164.24000549316406,164.24000549316406,135.47000122070312,131.39200439453126,20.498900818656974,20.258023515920478,1.5522223578559016,0.04611121283637149,True,True,True,True,False
recent,SNOW,SNOW:2026-04-14,2026-05-19,169.5500030517578,169.5500030517578,135.47000122070312,135.64000244140627,24.394716988651744,24.146051949391435,1.8472222222222208,0.04611121283637149,True,True,True,True,False
recent,SNOW,SNOW:2026-04-14,2026-05-20,166.97000122070312,169.5500030517578,135.47000122070312,135.64000244140627,22.501832342071815,22.256951179220017,1.8472222222222208,0.04611121283637149,True,True,True,True,False
recent,SNOW,SNOW:2026-04-14,2026-05-21,165.5399932861328,169.5500030517578,135.47000122070312,135.64000244140627,21.452670271233654,21.209886383361454,1.8472222222222208,0.04611121283637149,True,True,True,True,False
recent,SNOW,SNOW:2026-04-14,2026-05-22,172.1999969482422,172.1999969482422,135.47000122070312,137.75999755859377,26.338953112753714,26.08640154548132,1.9944441053602415,0.04611121283637149,True,True,True,True,True
recent,SNOW,SNOW:2026-04-14,2026-05-26,177.60000610351562,177.60000610351562,135.47000122070312,142.08000488281252,30.300808603852182,30.040337287453077,2.2944446139865433,0.04611121283637149,True,True,True,True,True
recent,SNOW,SNOW:2026-04-14,2026-05-27,175.25999450683594,177.60000610351562,135.47000122070312,142.08000488281252,28.583998960208156,28.3269595462867,2.2944446139865433,0.04611121283637149,True,True,True,True,True
recent,SNOW,SNOW:2026-04-14,2026-05-28,239.1999969482422,239.1999969482422,135.47000122070312,191.35999755859376,75.49522493951059,75.14440998485652,5.716666327582461,0.04611121283637149,True,True,True,True,True
recent,SNOW,SNOW:2026-04-14,2026-05-29,255.5500030517578,255.5500030517578,135.47000122070312,204.44000244140625,87.49082709463818,87.11603293127601,6.624999999999995,0.04611121283637149,True,True,True,True,True
recent,SNOW,SNOW:2026-04-14,2026-06-01,280.1600036621094,280.1600036621094,135.47000122070312,224.1280029296875,105.54658649253513,105.13569886613654,7.992222256130636,0.04611121283637149,True,True,True,True,True
recent,SNOW,SNOW:2026-04-14,2026-06-02,261.1400146484375,280.1600036621094,135.47000122070312,224.1280029296875,91.5920827597294,91.20909018629268,7.992222256130636,0.04611121283637149,True,True,True,True,True
recent,SNOW,SNOW:2026-04-14,2026-06-03,241.27999877929688,280.1600036621094,135.47000122070312,224.1280029296875,77.0212717366371,76.66740621443557,7.992222256130636,0.04611121283637149,True,True,True,True,True
recent,SNOW,SNOW:2026-04-14,2026-06-04,244.17999267578125,280.1600036621094,135.47000122070312,224.1280029296875,79.14892678546579,78.79080808082163,7.992222256130636,0.04611121283637149,True,True,True,True,True
recent,SNOW,SNOW:2026-04-14,2026-06-05,238.2599945068359,280.1600036621094,135.47000122070312,224.1280029296875,74.80556799133772,74.45613166092303,7.992222256130636,0.04611121283637149,True,True,True,True,True
recent,SNOW,SNOW:2026-04-14,2026-06-08,240.4499969482422,280.1600036621094,135.47000122070312,224.1280029296875,76.41231956314411,76.0596713363374,7.992222256130636,0.04611121283637149,True,True,True,True,True
recent,SNOW,SNOW:2026-04-14,2026-06-09,239.66000366210935,280.1600036621094,135.47000122070312,224.1280029296875,75.83272068680891,75.48123107815599,7.992222256130636,0.04611121283637149,True,True,True,True,True
recent,SNOW,SNOW:2026-04-14,2026-06-10,239.8999938964844,280.1600036621094,135.47000122070312,224.1280029296875,76.00879568974486,75.65695410716107,7.992222256130636,0.04611121283637149,True,True,True,True,True
recent,SNOW,SNOW:2026-04-14,2026-06-11,240.38999938964844,280.1600036621094,135.47000122070312,224.1280029296875,76.36830081241015,76.01574057908616,7.992222256130636,0.04611121283637149,True,True,True,True,True
recent,SNOW,SNOW:2026-04-14,2026-06-12,232.77999877929688,280.1600036621094,135.47000122070312,224.1280029296875,70.78502829592914,70.44362902436558,7.992222256130636,0.04611121283637149,True,True,True,True,True
recent,SNOW,SNOW:2026-04-14,2026-06-15,240.77999877929688,280.1600036621094,135.47000122070312,224.1280029296875,76.6544338871837,76.30130167384321,7.992222256130636,0.04611121283637149,True,True,True,True,True
recent,SNOW,SNOW:2026-04-14,2026-06-16,238.32000732421875,280.1600036621094,135.47000122070312,224.1280029296875,74.84959793707446,74.50007359079827,7.992222256130636,0.04611121283637149,True,True,True,True,True
recent,SNOW,SNOW:2026-04-14,2026-06-17,234.52000427246097,280.1600036621094,135.47000122070312,224.1280029296875,72.06162804222802,71.71767684777161,7.992222256130636,0.04611121283637149,True,True,True,True,True
recent,SNOW,SNOW:2026-04-14,2026-06-18,232.2899932861328,280.1600036621094,135.47000122070312,224.1280029296875,70.42552317326383,70.08484255244048,7.992222256130636,0.04611121283637149,True,True,True,True,True
recent,SNOW,SNOW:2026-04-14,2026-06-22,226.58999633789065,280.1600036621094,135.47000122070312,224.1280029296875,66.24357392849551,65.91125302421246,7.992222256130636,0.04611121283637149,True,True,True,True,True
recent,SNOW,SNOW:2026-04-14,2026-06-23,230.41000366210935,280.1600036621094,135.47000122070312,224.1280029296875,69.04622047192083,68.70829707719747,7.992222256130636,0.04611121283637149,True,True,True,True,True
recent,SNOW,SNOW:2026-04-14,2026-06-24,225.9499969482422,280.1600036621094,135.47000122070312,224.1280029296875,65.77402192899524,65.44263965915917,7.992222256130636,0.04611121283637149,True,True,True,True,True
recent,SNOW,SNOW:2026-04-14,2026-06-25,227.05999755859375,280.1600036621094,135.47000122070312,224.1280029296875,66.58840240258192,66.25539218617918,7.992222256130636,0.04611121283637149,True,True,True,True,True
recent,SNOW,SNOW:2026-04-14,2026-06-26,248.9600067138672,280.1600036621094,135.47000122070312,224.1280029296875,82.65590692564291,82.29077776769856,7.992222256130636,0.04611121283637149,True,True,True,True,True
recent,SNOW,SNOW:2026-04-14,2026-06-29,251.6499938964844,280.1600036621094,135.47000122070312,224.1280029296875,84.62948515189998,84.26041081108133,7.992222256130636,0.04611121283637149,True,True,True,True,True
recent,SNOW,SNOW:2026-04-14,2026-06-30,254.5,280.1600036621094,135.47000122070312,224.1280029296875,86.72046537178548,86.3472111615073,7.992222256130636,0.04611121283637149,True,True,True,True,True
recent,SNOW,SNOW:2026-04-14,2026-07-01,261.19000244140625,280.1600036621094,135.47000122070312,224.1280029296875,91.62875758867253,91.24569170225278,7.992222256130636,0.04611121283637149,True,True,True,True,True
recent,SNOW,SNOW:2026-04-14,2026-07-02,260.1499938964844,280.1600036621094,135.47000122070312,224.1280029296875,90.86572859260791,90.4841880011513,7.992222256130636,0.04611121283637149,True,True,True,True,True
recent,SNOW,SNOW:2026-04-14,2026-07-06,262.0899963378906,280.1600036621094,135.47000122070312,224.1280029296875,92.28906123968758,91.90467540626945,7.992222256130636,0.04611121283637149,True,True,True,True,True
recent,SNOW,SNOW:2026-04-14,2026-07-07,262.739990234375,280.1600036621094,135.47000122070312,224.1280029296875,92.76594596597592,92.38060683998994,7.992222256130636,0.04611121283637149,True,True,True,True,True
recent,SNOW,SNOW:2026-04-14,2026-07-08,261.30999755859375,280.1600036621094,135.47000122070312,224.1280029296875,91.71679509014048,91.33355321675529,7.992222256130636,0.04611121283637149,True,True,True,True,True
recent,SNOW,SNOW:2026-04-14,2026-07-09,267.489990234375,280.1600036621094,135.47000122070312,224.1280029296875,96.2509055357833,95.85859997561728,7.992222256130636,0.04611121283637149,True,True,True,True,True
recent,SNOW,SNOW:2026-04-14,2026-07-10,261.45001220703125,280.1600036621094,135.47000122070312,224.1280029296875,91.81952043519006,91.43607321384013,7.992222256130636,0.04611121283637149,True,True,True,True,True
recent,SNOW,SNOW:2026-04-14,2026-07-13,268.6499938964844,280.1600036621094,135.47000122070312,224.1280029296875,97.10197203331587,96.70796519122129,7.992222256130636,0.04611121283637149,True,True,True,True,True
recent,SNOW,SNOW:2026-04-14,2026-07-14,275.94000244140625,280.1600036621094,135.47000122070312,224.1280029296875,102.45047414754814,102.04577564972719,7.992222256130636,0.04611121283637149,True,True,True,True,True
recent,SNOW,SNOW:2026-04-14,2026-07-15,271.8699951171875,280.1600036621094,135.47000122070312,224.1280029296875,99.46440867939606,99.06567932644595,7.992222256130636,0.04611121283637149,True,True,True,True,True
recent,SNOW,SNOW:2026-04-14,2026-07-16,270.0199890136719,280.1600036621094,135.47000122070312,224.1280029296875,98.10710415841734,97.71108805720468,7.992222256130636,0.04611121283637149,True,True,True,True,True
recent,SNOW,SNOW:2026-04-14,2026-07-17,268.8999938964844,280.1600036621094,135.47000122070312,224.1280029296875,97.28539095804258,96.89101746151746,7.992222256130636,0.04611121283637149,True,True,True,True,True
recent,SNOW,SNOW:2026-04-14,2026-07-20,274.3399963378906,280.1600036621094,135.47000122070312,224.1280029296875,101.27658855129611,100.87423665078208,7.992222256130636,0.04611121283637149,True,True,True,True,True
recent,SNOW,SNOW:2026-04-14,2026-07-21,271.7300109863281,280.1600036621094,135.47000122070312,224.1280029296875,99.36170572435195,98.96318167460898,7.992222256130636,0.04611121283637149,True,True,True,True,True
recent,SNOW,SNOW:2026-04-14,2026-07-22,267.79998779296875,280.1600036621094,135.47000122070312,224.1280029296875,96.478343211244,96.08558300316471,7.992222256130636,0.04611121283637149,True,True,True,True,True
recent,SNOW,SNOW:2026-04-14,2026-07-23,265.1300048828125,280.1600036621094,135.47000122070312,224.1280029296875,94.51944163356585,94.13059726974036,7.992222256130636,0.04611121283637149,True,True,True,True,True
recent,SNOW,SNOW:2026-04-14,2026-07-24,268.05999755859375,280.1600036621094,135.47000122070312,224.1280029296875,96.66910605776151,96.27596451475205,7.992222256130636,0.04611121283637149,True,True,True,True,True
recent,SNOW,SNOW:2026-04-14,2026-07-27,272.9200134277344,280.1600036621094,135.47000122070312,224.1280029296875,100.23478159725147,99.83451226883857,7.992222256130636,0.04611121283637149,True,True,True,True,True
recent,SNOW,SNOW:2026-04-14,2026-07-28,270.3599853515625,280.1600036621094,135.47000122070312,224.1280029296875,98.356551209245,97.96003646337772,7.992222256130636,0.04611121283637149,True,True,True,True,True
recent,SNOW,SNOW:2026-04-14,2026-07-29,282.8999938964844,282.8999938964844,135.47000122070312,226.31999511718752,107.55685074273806,107.14194459810335,8.144443935818137,0.04611121283637149,True,True,True,True,True
recent,SNOW,SNOW:2026-04-14,2026-07-30,298.1000061035156,298.1000061035156,135.47000122070312,238.48000488281252,118.70873032212388,118.27153157020996,8.988889058430983,0.04611121283637149,True,True,True,True,True
recent,SNOW,SNOW:2026-04-14,2026-07-31,293.2799987792969,298.1000061035156,135.47000122070312,238.48000488281252,115.1724080797917,114.74227843604021,8.988889058430983,0.04611121283637149,True,True,True,True,True
recent,SNOW,SNOW:2026-04-14,2026-08-03,307.5299987792969,307.5299987792969,135.47000122070312,246.0239990234375,125.62728678921387,125.17625784292221,9.51277754041883,0.04611121283637149,True,True,True,True,True
recent,SNOW,SNOW:2026-04-14,2026-08-04,316.7699890136719,316.7699890136719,135.47000122070312,253.4159912109375,132.40644308231114,131.94186260258957,10.02611033121744,0.04611121283637149,True,True,True,True,True
recent,SNOW,SNOW:2026-04-14,2026-08-05,316.8399963378906,316.8399963378906,135.47000122070312,253.4719970703125,132.45780575483593,131.99312260113203,10.02999962700737,0.04611121283637149,True,True,True,True,True
recent,SNOW,SNOW:2026-04-14,2026-08-06,318.0,318.0,135.47000122070312,254.4,133.3088722523685,132.84248781673602,10.094444274902337,0.04611121283637149,True,True,True,True,True
recent,SNOW,SNOW:2026-04-14,2026-08-07,330.489990234375,330.489990234375,135.47000122070312,264.3919921875,142.47247456691295,141.98777209025369,10.788332621256503,0.04611121283637149,True,True,True,True,True
recent,SNOW,SNOW:2026-04-14,2026-08-10,334.70001220703125,334.70001220703125,135.47000122070312,267.760009765625,145.56126538011455,145.0703884106197,11.022222730848515,0.04611121283637149,True,True,True,True,True
recent,SNOW,SNOW:2026-04-14,2026-08-11,334.1400146484375,334.70001220703125,135.47000122070312,267.760009765625,145.15040877992718,144.6603531127761,11.022222730848515,0.04611121283637149,True,True,True,True,True
recent,SNOW,SNOW:2026-04-14,2026-08-12,332.260009765625,334.70001220703125,135.47000122070312,267.760009765625,143.7710948835815,143.28379646490924,11.022222730848515,0.04611121283637149,True,True,True,True,True
recent,SNOW,SNOW:2026-04-14,2026-08-13,337.3800048828125,337.3800048828125,135.47000122070312,269.90400390625,147.52751087958353,147.03270338533528,11.171111212836363,0.04611121283637149,True,True,True,True,True
recent,SNOW,SNOW:2026-04-14,2026-08-14,328.9200134277344,337.3800048828125,135.47000122070312,269.90400390625,141.32062073603336,140.838220815182,11.171111212836363,0.04611121283637149,True,True,True,True,True
recent,SNOW,SNOW:2026-04-14,2026-08-17,330.1099853515625,337.3800048828125,135.47000122070312,269.90400390625,142.19367421892747,141.7095290641638,11.171111212836363,0.04611121283637149,True,True,True,True,True
recent,SNOW,SNOW:2026-04-14,2026-08-18,325.3299865722656,337.3800048828125,135.47000122070312,269.90400390625,138.6867052737531,138.20957054991086,11.171111212836363,0.04611121283637149,True,True,True,True,True
recent,SNOW,SNOW:2026-04-14,2026-08-19,325.010009765625,337.3800048828125,135.47000122070312,269.90400390625,138.45194606650705,137.97528062632009,11.171111212836363,0.04611121283637149,True,True,True,True,True
recent,SNOW,SNOW:2026-04-14,2026-08-20,321.2900085449219,337.3800048828125,135.47000122070312,269.90400390625,135.72267157097343,135.25146195050306,11.171111212836363,0.04611121283637149,True,True,True,True,True
recent,SNOW,SNOW:2026-04-14,2026-08-21,332.7799987792969,337.3800048828125,135.47000122070312,269.90400390625,144.15259818661104,143.66453714283605,11.171111212836363,0.04611121283637149,True,True,True,True,True
recent,SNOW,SNOW:2026-04-14,2026-08-24,322.7799987792969,337.3800048828125,135.47000122070312,269.90400390625,136.81584119754285,136.34244633098896,11.171111212836363,0.04611121283637149,True,True,True,True,True
recent,SNOW,SNOW:2026-04-14,2026-08-25,317.0199890136719,337.3800048828125,135.47000122070312,269.90400390625,132.58986200703785,132.1249148728858,11.171111212836363,0.04611121283637149,True,True,True,True,True
recent,SNOW,SNOW:2026-04-14,2026-08-26,315.3699951171875,337.3800048828125,135.47000122070312,269.90400390625,131.3793015818427,130.91677435798061,11.171111212836363,0.04611121283637149,True,True,True,True,True
recent,SNOW,SNOW:2026-04-14,2026-08-27,329.1099853515625,337.3800048828125,135.47000122070312,269.90400390625,141.45999852002063,140.97731998297908,11.171111212836363,0.04611121283637149,True,True,True,True,True
recent,AAOI,AAOI:2025-11-24,2025-11-24,22.469999313354492,22.469999313354492,22.469999313354492,17.975999450683595,7.976933637739214,7.761087747397366,0.7186148186986264,0.0,True,True,True,False,False
recent,AAOI,AAOI:2025-11-24,2025-11-25,22.729999542236328,22.729999542236328,22.469999313354492,18.183999633789064,9.226334096914401,9.007990655054666,0.8311690563576238,0.0,True,True,True,False,False
recent,AAOI,AAOI:2025-11-24,2025-11-26,25.56999969482422,25.56999969482422,22.469999313354492,20.455999755859377,22.87362013954899,22.62799577289003,2.0606066360885307,0.0,True,True,True,False,False
recent,AAOI,AAOI:2025-11-24,2025-11-28,26.780000686645508,26.780000686645508,22.469999313354492,21.424000549316407,28.68813730857427,28.43088972209442,2.5844167103595477,0.0,True,True,True,False,True
recent,AAOI,AAOI:2025-11-24,2025-12-01,26.530000686645508,26.780000686645508,22.469999313354492,21.424000549316407,27.48679177077573,27.23194567402596,2.5844167103595477,0.0,True,True,True,False,True
recent,AAOI,AAOI:2025-11-24,2025-12-02,26.020000457763672,26.780000686645508,22.469999313354492,21.424000549316407,25.03604577380201,24.786098718300174,2.5844167103595477,0.0,True,True,True,False,True
recent,AAOI,AAOI:2025-11-24,2025-12-03,25.649999618530273,26.780000686645508,22.469999313354492,21.424000549316407,23.258050345022973,23.011657502383276,2.5844167103595477,0.0,True,True,True,False,True
recent,AAOI,AAOI:2025-11-24,2025-12-04,26.239999771118164,26.780000686645508,22.469999313354492,21.424000549316407,26.09322654747066,25.841166187602262,2.5844167103595477,0.0,True,True,True,False,True
recent,AAOI,AAOI:2025-11-24,2025-12-05,26.59000015258789,26.780000686645508,22.469999313354492,21.424000549316407,27.77511213349644,27.519689684341575,2.5844167103595477,0.0,True,True,True,False,True
recent,AAOI,AAOI:2025-11-24,2025-12-08,27.84000015258789,27.84000015258789,22.469999313354492,22.272000122070313,33.78183982248917,33.51440992468402,3.0432910441291217,0.0,True,True,True,False,True
recent,AAOI,AAOI:2025-11-24,2025-12-09,30.3799991607666,30.3799991607666,22.469999313354492,24.303999328613283,45.98750572044208,45.695676696506915,4.142857968549382,0.0,True,True,True,False,True
recent,AAOI,AAOI:2025-11-24,2025-12-10,34.97999954223633,34.97999954223633,22.469999313354492,27.983999633789065,68.09226544904313,67.75624901041049,6.134200585415798,0.0,True,True,True,False,True
recent,AAOI,AAOI:2025-11-24,2025-12-11,36.31999969482422,36.31999969482422,22.469999313354492,29.055999755859375,74.53147826488646,74.18258983983496,6.714287365670193,0.0,True,True,True,False,True
recent,AAOI,AAOI:2025-11-24,2025-12-12,32.060001373291016,36.31999969482422,22.469999313354492,29.055999755859375,54.06055836647363,53.75259131029906,6.714287365670193,0.0,True,True,True,False,True
recent,AAOI,AAOI:2026-07-31,2026-07-31,94.31999969482422,94.31999969482422,94.31999969482422,75.45599975585938,-5.774224642761794,-5.962581967700908,0.0,0.23993356820090678,False,False,False,False,False
recent,AAOI,AAOI:2026-07-31,2026-08-03,110.20999908447266,110.20999908447266,94.31999969482422,88.16799926757812,10.099900863600219,9.879811161773876,0.4196763033313444,0.23993356820090678,True,True,True,False,False
recent,AAOI,AAOI:2026-07-31,2026-08-04,131.6300048828125,131.6300048828125,94.31999969482422,105.30400390625,31.498508380939573,31.235642862686074,1.3088423080869693,0.23993356820090678,True,True,True,False,True
recent,AAOI,AAOI:2026-07-31,2026-08-05,128.55999755859375,131.6300048828125,94.31999969482422,105.30400390625,28.431567950353596,28.174833246020835,1.3088423080869693,0.23993356820090678,True,True,True,False,True
recent,AAOI,AAOI:2026-07-31,2026-08-06,124.22000122070312,131.6300048828125,94.31999969482422,105.30400390625,24.09590720704935,23.847839488542455,1.3088423080869693,0.23993356820090678,True,True,True,False,True
recent,AAOI,AAOI:2026-07-31,2026-08-07,135.6300048828125,135.6300048828125,94.31999969482422,108.50400390625,35.49451243785682,35.22365890749355,1.474886334989061,0.23993356820090678,True,True,True,False,True
recent,AAOI,AAOI:2026-07-31,2026-08-10,132.80999755859375,135.6300048828125,94.31999969482422,108.50400390625,32.6773222608282,32.4121002936288,1.474886334989061,0.23993356820090678,True,True,True,False,True
recent,AAOI,AAOI:2026-07-31,2026-08-11,134.3300018310547,135.6300048828125,94.31999969482422,108.50400390625,34.19580807064957,33.92755065031634,1.474886334989061,0.23993356820090678,True,True,True,False,True
recent,AAOI,AAOI:2026-07-31,2026-08-12,138.0800018310547,138.0800018310547,94.31999969482422,110.46400146484376,37.942061874009504,37.66631569232337,1.5765881747850532,0.23993356820090678,True,True,True,False,True
recent,AAOI,AAOI:2026-07-31,2026-08-13,130.0800018310547,138.0800018310547,94.31999969482422,110.46400146484376,29.950053760174967,29.690283602708377,1.5765881747850532,0.23993356820090678,True,True,True,False,True
recent,AAOI,AAOI:2026-07-31,2026-08-14,150.27999877929688,150.27999877929688,94.31999969482422,120.2239990234375,50.12987119889802,49.829761586371426,2.0830223301548934,0.23993356820090678,True,True,True,False,True
recent,AAOI,AAOI:2026-07-31,2026-08-17,154.88999938964844,154.88999938964844,94.31999969482422,123.91199951171876,54.73526648423699,54.425950686534996,2.274388096495862,0.23993356820090678,True,True,True,False,True
recent,AAOI,AAOI:2026-07-31,2026-08-18,131.41000366210938,154.88999938964844,94.31999969482422,123.91199951171876,31.278726938325452,31.016300763175742,2.274388096495862,0.23993356820090678,True,True,True,False,True
