window,symbol,trade_id,entry_date,entry_signal_date,entry_open,entry_b,entry_jf,setup_date,B_BASE_BULL,B_STAGE_COMPONENT,B_BEAR_RECOVER,B_CRASH_RECOVER,exit_date,exit_signal_date,exit_reason,exit_price,return_pct,hold_bars,peak_close,peak_close_date,peak_close_gain_pct,exit_gross_pct,giveback_pp,peak_to_exit_drawdown_pct,profit_to_loss,S_BLOWOFF,S_BEAR_RALLY,S_CROSS,S_DELAY,exit_raw_s,exit_s_suppressed,raw_s_count,emitted_s_count,suppressed_s_count,entry_kind,last_held_close_date,worst_overnight_date,worst_intraday_date,previous_trade_id,previous_exit_date,previous_exit_reason,previous_entry_kind,entry_gap_pct,overnight_factor,intraday_factor,cost_factor,overnight_log_pct,intraday_log_pct,cost_log_pct,reconstructed_return_pct,last_held_close,last_close_net_pct,exit_overnight_pct,exit_gap_impact_pp,trail_reference,worst_overnight_pct,worst_intraday_pct,pair_return_pct,chain_return_pct,close_below_trail,flat_bars,source_trusted,first_pressure_date,first_recovery_date,first_return_date,first_return_recovery_date,first_pressure_bar,first_recovery_bar,first_return_bar,first_return_recovery_bar,first_pressure_net_pct,first_return_net_pct,first_pressure_after_net_positive,first_return_after_net_positive,pressure_observed,recovered,recovery_censored,return_observed,return_censored,recovery_bars,observed_bars_after_pressure,pressure_bars,max_pressure_streak,return_recovery_bars,observed_bars_after_return,post_pressure_peak_intraday_factor,post_pressure_peak_net_pct,post_return_peak_intraday_factor,post_return_peak_net_pct
full,TQQQ,TQQQ:2022-01-25,2022-01-25,2022-01-24,25.80071632125625,False,True,,False,False,False,False,2022-02-22,2022-02-18,trail,23.36596479330555,-9.61779533821755,19,30.732149124145508,2022-02-02,19.113549955302723,-9.436759420298724,28.550309375601447,23.968985381020826,True,False,False,False,False,False,False,0,0,0,JF,2022-02-18,2022-02-03,2022-02-11,,,,,-5.80967533674891,1.041726778656388,0.8693569411406429,0.998001,4.087970036537326,-14.0001488752362,-0.20010006671670688,-9.617795338217528,24.03301429748535,-7.0375721229710475,-2.7755548926278295,-2.5802232152465017,24.58571929931641,-8.0309930171088,-9.356924318169902,,-9.61779533821755,True,,True,2022-01-25,2022-02-01,2022-02-02,2022-02-09,1,6,7,12,-1.8586301893231072,18.875441968942063,False,True,True,True,False,True,False,5,18,16,6,5,12,1.0181448501636206,18.875441968942063,1.0181448501636206,16.11090590049169
full,TQQQ,TQQQ:2022-02-25,2022-02-25,2022-02-24,23.823372387867483,False,True,,False,False,False,False,2022-03-15,2022-03-14,trail,19.47322353311365,-18.423402686815884,12,24.9954833984375,2022-02-28,4.920004571506165,-18.2600044356828,23.180009007188964,22.093030878006758,True,False,False,False,False,False,False,0,0,0,JF,2022-03-14,2022-03-10,2022-03-07,TQQQ:2022-01-25,2022-02-22,trail,JF,0.8878009343826765,1.044959442268833,0.7822312738458247,0.998001,4.397807343760215,-24.56048355553188,-0.20010006671670688,-18.423402686815894,18.99199104309082,-20.43936624754106,2.533870666487603,2.015963560725176,19.996386718750003,-3.7306879078534028,-11.092607910483466,-26.269272860279802,-26.269272860279802,True,3.0,True,2022-03-04,,2022-03-04,,6,,6,,-4.0122517297291544,-4.0122517297291544,True,True,True,False,True,True,True,,6,7,7,,6,0.898014256966353,-6.9064631024429275,0.898014256966353,-6.9064631024429275
full,TQQQ,TQQQ:2022-06-16,2022-06-16,2022-06-15,10.953987668645077,False,True,,False,False,False,False,2022-08-18,2022-08-17,signal,17.753175708393893,61.74645842324886,43,18.529821395874023,2022-08-15,69.16050991105432,62.070437227266154,7.090072683788165,4.191328512497494,False,False,True,False,False,True,False,1,1,0,JF,2022-08-17,2022-07-13,2022-06-28,TQQQ:2022-02-25,2022-03-15,trail,JF,-7.670673706793085,1.0145615538659787,1.5974431182583069,0.998001,1.4456552534783895,46.84042999115538,-0.20010006671670688,61.74645842324891,17.772235870361328,61.920112632830524,-0.10724684337113377,-0.1736542095816631,14.82385711669922,-5.956594077536693,-9.577564633837666,31.947257056270505,19.25683991820659,False,65.0,True,2022-06-16,2022-06-22,2022-06-28,2022-07-01,1,4,8,11,-5.105251473126082,7.7875604040599455,False,True,True,True,False,True,False,3,42,6,3,3,35,1.606436726815759,68.82235805174221,1.606436726815759,68.82235805174221
full,TQQQ,TQQQ:2022-10-14,2022-10-14,2022-10-13,9.4578795644804,False,True,,False,False,False,False,2022-11-04,2022-11-03,trail,8.63835374056662,-8.84758457047602,15,10.744339942932127,2022-10-25,13.60199577168546,-8.665005917304713,22.26700168899017,19.60088952463639,True,False,False,False,False,False,False,0,0,0,JF,2022-11-03,2022-10-26,2022-10-14,TQQQ:2022-06-16,2022-08-18,signal,JF,2.7964768357924052,1.073493504150978,0.8508201840954018,0.998001,7.091828722475133,-16.15544722710229,-0.20010006671670688,-8.847584570475986,8.171415328979492,-13.774746081947086,5.714290521143317,4.927161511471066,8.595471954345703,-6.075354807818567,-11.486149334152774,47.435803724502094,8.705490150366057,True,40.0,True,2022-10-14,2022-10-25,2022-10-27,2022-10-28,1,8,10,11,-11.663088521633803,0.05149429016753082,False,True,True,True,False,True,False,7,14,11,7,1,5,1.0563804649797568,13.374905382137925,1.0563804649797568,9.101364693892776
full,TQQQ,TQQQ:2023-01-12,2023-01-12,2023-01-11,9.348915741982776,True,False,2023-01-10,False,False,True,False,2023-01-31,2023-01-30,signal,10.50795003748145,12.172843726286352,12,11.17367935180664,2023-01-27,19.51845176686615,12.397526381523027,7.1209253853431225,5.958013411379581,False,False,True,False,False,True,False,1,1,0,B,2023-01-30,2023-01-25,2023-01-18,TQQQ:2022-10-14,2022-11-04,trail,JF,0.5667190449351489,0.9182855975086146,1.2239931311834453,0.998001,-8.524682834864542,20.21185722961573,-0.20010006671670688,12.172843726286375,10.50316333770752,12.121745488876545,0.045573886837946276,0.05109823740980701,8.938943481445312,-4.814820967972611,-5.442180968831156,2.2482565124952725,21.938039588263724,False,46.0,True,2023-01-19,2023-01-20,2023-01-19,2023-01-20,5,6,5,6,-3.6254063643468393,-3.6254063643468393,True,True,True,True,False,True,False,1,7,1,1,1,7,1.258597528055657,19.27953438178416,1.258597528055657,19.27953438178416
full,TQQQ,TQQQ:2023-10-10,2023-10-10,2023-10-09,18.433263727541377,True,False,2023-10-06,False,True,False,False,2023-10-27,2023-10-26,trail,15.314984069850167,-17.082673786856507,13,19.078258514404297,2023-10-11,3.499080772653551,-16.916590050367198,20.415670823020747,19.725461009519375,True,False,False,False,False,False,False,0,0,0,B,2023-10-26,2023-10-17,2023-10-25,TQQQ:2023-01-12,2023-01-31,signal,B,0.290233462215328,0.9787905554030298,0.8488374708052031,0.998001,-2.1437596619317905,-16.388754703328097,-0.20010006671670688,-17.082673786856517,14.965814590454102,-18.973123002781833,2.333113759265615,1.8904492159253259,15.262606811523439,-2.9738548749556726,-5.371067146931507,-6.989277244915481,1.1077620633126894,True,174.0,True,2023-10-13,2023-10-17,2023-10-13,2023-10-17,4,6,4,6,-1.7752691816403376,-1.7752691816403376,True,True,True,True,False,True,False,2,9,9,7,2,9,1.007387556545575,1.5329922240191918,1.007387556545575,1.5329922240191918
full,TQQQ,TQQQ:2024-05-06,2024-05-06,2024-05-03,28.06947194188976,True,False,2024-04-26,False,True,False,False,2024-07-22,2024-07-19,signal,36.141114927345455,28.498565677603448,52,41.676368713378906,2024-07-10,48.47578465194693,28.75594881929324,19.71983583265369,13.281516497037149,False,False,False,True,True,True,False,1,1,0,B,2024-07-19,2024-07-17,2024-07-11,TQQQ:2023-10-10,2023-10-27,trail,B,1.2698520664737867,1.1558909928258743,1.1139108239308628,0.998001,14.487146894052641,10.78770879695316,-0.20010006671670688,28.498565677603494,34.87015914916992,23.979723498452856,3.6448235660140105,4.518842179150592,33.341094970703125,-4.883143336015627,-6.614102231191565,6.547574882108886,29.922024040080885,False,130.0,True,,,,,,,,,,,,,False,False,False,False,False,,,0,0,,,,,,
full,TQQQ,TQQQ:2024-08-06,2024-08-06,2024-08-05,26.562371631652507,False,True,,False,False,False,False,2024-09-09,2024-09-06,trail,28.741143977393293,7.986179955415418,23,35.248016357421875,2024-08-21,32.69905581555563,8.20247670635139,24.49657910920424,18.460251249453606,False,False,False,False,False,False,False,0,0,0,JF,2024-09-06,2024-09-04,2024-08-07,TQQQ:2024-05-06,2024-07-22,signal,B,0.9511456841576837,1.1883822496356238,0.9105022962058535,0.998001,17.259292813968777,-9.37588579001876,-0.20010006671670688,7.986179955415329,27.9658145904541,5.073113629016124,2.7724183911447486,2.913066326399294,28.198413085937503,-2.1010399047148076,-7.608131129639418,38.76069237274453,40.29783068163984,True,11.0,True,2024-08-07,2024-08-09,2024-08-07,2024-08-09,2,4,2,4,-1.9329999028544265,-1.9329999028544265,True,True,True,True,False,True,False,2,21,6,4,2,21,1.1491077964351517,32.433790402980264,1.1491077964351517,32.433790402980264
full,TQQQ,TQQQ:2025-04-08,2025-04-08,2025-04-07,22.485656201619356,False,True,,False,False,False,False,2025-04-22,2025-04-21,trail,21.529556168763804,-4.443444330368063,9,26.062355041503903,2025-04-09,15.906579767180485,-4.252044166657221,20.158623933837706,17.392130778364756,True,False,False,False,False,False,False,0,0,0,JF,2025-04-21,2025-04-10,2025-04-08,TQQQ:2024-08-06,2024-09-09,trail,JF,10.036367649053712,0.9372010498690792,1.02163730873667,0.998001,-6.485745213030279,2.140654497604243,-0.20010006671670688,-4.443444330368096,20.736936569213867,-7.961398824902533,3.8222598449120238,3.51795449453447,20.849884033203125,-7.470063837847574,-14.29829907697604,3.1878741646054642,34.06377467858712,True,145.0,True,2025-04-08,2025-04-09,,,1,2,,,-14.469616777121164,,False,,True,True,False,False,False,1,8,1,1,,,1.1728096845471578,15.674882514225864,,
full,TQQQ,TQQQ:2026-04-10,2026-04-10,2026-04-09,49.24661095122487,True,False,2026-04-08,False,False,True,False,2026-06-10,2026-06-09,signal,71.5153377892768,44.928508277909906,42,87.01964569091797,2026-06-02,76.7017953318747,45.21880066043011,31.482994671444594,17.81702025851769,False,False,False,True,True,True,False,1,1,0,B,2026-06-09,2026-06-05,2026-06-05,TQQQ:2025-04-08,2025-04-22,trail,JF,0.8169923499769416,1.1413173729223836,1.272378780046011,0.998001,13.21831855086879,24.08882036443965,-0.20010006671670688,44.92850827790986,73.55065155029297,49.05314778014835,-2.7672273706840667,-4.124639502238445,69.61571655273438,-4.283036691121533,-10.445012473877725,38.48869069374812,94.29662878273462,False,243.0,True,2026-04-10,2026-04-13,,,1,2,,,-0.5840625287300005,,False,,True,True,False,False,False,1,41,1,1,,,1.5242176115916812,76.34856844300622,,
full,MSFT,MSFT:2022-02-01,2022-02-01,2022-01-31,310.4100036621094,True,False,2022-01-24,True,False,False,False,2022-06-14,2022-06-13,trail,243.86000061035156,-21.59643001259398,92,315.4100036621094,2022-03-29,1.6107728298095259,-21.43938734790245,23.050160177711977,22.684760223524016,True,False,False,False,False,False,False,0,0,0,B,2022-06-13,2022-06-13,2022-04-29,,,,,-0.1832938787322269,0.8906005610098795,0.8821082771721503,0.998001,-11.585925617122179,-12.544046727640431,-0.20010006671670688,-21.596430012594002,242.2599945068359,-22.110848901314117,0.6604499875320968,0.5144188887201366,252.3280029296875,-3.1147494808941967,-3.842554624151917,,-21.59643001259398,True,,False,2022-02-01,2022-02-02,2022-02-03,2022-02-28,1,2,3,19,-0.7303904929796601,-3.1449380809053573,False,True,True,True,False,True,False,1,91,73,44,16,89,1.0441667899730442,1.4076528949226397,1.0441667899730442,1.4076528949226397
full,MSFT,MSFT:2023-04-28,2023-04-28,2023-04-27,304.010009765625,True,False,2023-04-26,True,False,False,False,2025-04-04,2025-04-03,trail,364.1300048828125,19.536231482382703,485,467.55999755859375,2024-07-05,53.7975667048124,19.77566303278524,34.02190367202716,22.121223632442934,False,False,False,False,False,False,False,0,0,0,B,2025-04-03,2025-01-30,2023-08-24,MSFT:2022-02-01,2022-06-14,trail,B,-0.2689947980056173,1.1462606247574538,1.0449252154860462,0.998001,13.650501369057718,4.394531872775449,-0.20010006671670688,19.536231482382703,373.1099853515625,22.48417043172921,-2.4067917829346253,-2.947938949346508,374.047998046875,-5.326339672597491,-3.8696123318702424,-6.279327089402409,-6.279327089402409,True,219.0,False,2023-05-02,2023-05-05,2023-05-02,2023-05-05,3,6,3,6,0.25968858715295084,0.25968858715295084,True,True,True,True,False,True,False,3,482,109,46,3,482,1.1576867117632783,53.49012536896915,1.1576867117632783,53.49012536896915
full,MSFT,MSFT:2026-04-15,2026-04-15,2026-04-14,398.0,True,False,2026-04-13,False,False,True,False,2026-06-10,2026-06-09,signal,398.5499877929687,-0.06198834990690516,39,460.5199890136719,2026-06-01,15.708539953183887,0.13818788768058532,15.570352065503302,13.456527989898703,True,False,False,True,True,True,False,1,1,0,B,2026-06-09,2026-04-30,2026-05-19,MSFT:2023-04-28,2025-04-04,trail,B,1.2439304089577607,0.9466979221231878,1.0577628359328983,0.998001,-5.477522071271088,5.615614567359746,-0.20010006671670688,-0.06198834990694957,403.4100036621094,1.1566801670323645,-1.2047336022959376,-1.2186685169392697,368.41599121093753,-3.2158493547745803,-2.902996195844343,19.462132944945875,-6.337422988061336,False,257.0,False,,,,,,,,,,,,,False,False,False,False,False,,,0,0,,,,,,
full,MSFT,MSFT:2026-06-29,2026-06-29,2026-06-26,377.5,False,True,,False,False,False,False,2026-08-26,,terminal,496.3699951171875,31.225894436277656,42,506.05999755859375,2026-08-10,34.05562849234271,31.488740428394046,2.5668880639486673,1.9147932039983662,False,False,False,False,False,,,0,0,0,JF,2026-08-26,2026-07-09,2026-06-29,MSFT:2026-04-15,2026-06-10,signal,B,1.2145745675176345,1.1334561088921482,1.160069096605007,0.998001,12.52714684620112,14.847956938308629,-0.20010006671670688,31.225894436277702,496.3699951171875,31.225894436277702,,0.0,404.84799804687503,-2.319085985231595,-2.365560973716907,31.14454966966602,22.909554435983903,False,12.0,False,2026-06-29,2026-07-02,2026-07-07,2026-07-09,1,4,6,8,-2.5607322173304414,2.7980675987314685,False,True,True,True,False,True,False,3,41,5,3,2,36,1.160069096605007,33.787651290986574,1.160069096605007,33.787651290986574
full,NFLX,NFLX:2022-12-02,2022-12-02,2022-12-01,31.048999786376953,True,False,2022-11-30,True,False,False,False,2023-02-22,2023-02-21,signal,33.75,8.481864091411184,54,36.79600143432617,2023-01-25,18.509458235336695,8.699153699656815,9.81030453567988,8.278077279029084,False,False,False,False,True,True,False,1,1,0,B,2023-02-21,2022-12-15,2022-12-15,,,,,-2.038176099281541,0.9344064255668405,1.1632962993990166,0.998001,-6.7843790254977385,15.125761271201025,-0.20010006671670688,8.481864091411207,33.75,8.481864091411207,0.0,-2.3092638912203256e-14,29.43680114746094,-4.942897165448246,-3.8759417818002517,,8.481864091411184,False,,False,2022-12-12,2023-01-04,2022-12-12,2023-01-04,7,22,7,22,1.3075956847749648,1.3075956847749648,True,True,True,True,False,True,False,15,47,15,15,15,47,1.2137284398320498,18.27255782832422,1.2137284398320498,18.27255782832422
full,NFLX,NFLX:2023-03-27,2023-03-27,2023-03-24,32.755001068115234,True,False,2023-03-23,True,False,False,False,2023-07-28,2023-07-27,signal,41.555999755859375,26.615563913745355,85,47.75899887084961,2023-07-19,45.80673885961111,26.869175395360667,18.93756346425044,12.98812634612474,False,False,False,False,True,True,False,1,1,0,B,2023-07-27,2023-07-20,2023-07-27,NFLX:2022-12-02,2023-02-22,signal,B,-0.2557922957265646,1.124127562108029,1.1286012341646392,0.998001,11.700723445201703,12.097902008822464,-0.20010006671670688,26.615563913745554,41.31700134277344,25.887367768179146,0.5784505296092535,0.7281961455662085,38.20719909667969,-6.40507167284291,-3.2162036263841287,37.3549239634831,37.3549239634831,False,23.0,False,2023-03-28,2023-03-29,2023-03-28,2023-03-29,2,3,2,3,-1.4277866373331172,-1.4277866373331172,False,False,True,True,False,True,False,1,83,16,6,1,83,1.2124682270025768,45.51527118863103,1.2124682270025768,45.51527118863103
full,NFLX,NFLX:2023-10-25,2023-10-25,2023-10-24,41.60200119018555,True,False,2023-10-19,True,False,False,False,2025-01-03,2025-01-02,signal,89.31300354003906,114.25523844028564,299,93.65599822998048,2024-12-11,125.12378143019514,114.68439254097507,10.43938888922007,4.637177299927786,False,False,False,False,True,True,False,1,1,0,B,2025-01-02,2024-04-19,2024-07-19,NFLX:2023-03-27,2023-07-28,signal,B,0.5535012821690222,1.6239482392165991,1.3219903649425442,0.998001,48.48603688279784,27.913845315977646,-0.20010006671670688,114.25523844028595,88.6729965209961,112.71990930529543,0.72176090146161,1.5353291349902065,74.92479858398438,-6.990306560309656,-4.132361397048512,171.28047836590738,194.29011984743374,False,62.0,False,2023-10-25,2023-11-03,2023-11-07,2023-11-08,1,8,10,11,-1.3441903013970191,4.259696067979135,False,True,True,True,False,True,False,7,298,10,7,1,289,1.389038549445953,124.67375899111634,1.389038549445953,124.67375899111634
full,NFLX,NFLX:2025-03-25,2025-03-25,2025-03-24,97.81800079345705,True,False,2025-03-17,False,True,False,False,2025-11-21,2025-11-20,trail,105.12999725341795,7.260260420213327,168,133.91299438476562,2025-06-30,36.90015467349741,7.475103151412998,29.425051522084413,21.493804438908228,False,False,False,False,False,False,False,0,0,0,B,2025-11-20,2025-10-22,2025-11-20,NFLX:2023-10-25,2025-01-03,signal,B,0.6368412348224162,0.8940228065041307,1.2021516942243307,0.998001,-11.202399350299485,18.41130296680202,-0.20010006671670688,7.260260420213482,105.66999816894533,7.811203446369808,-0.5110257640622007,-0.5509430261564807,107.13039550781251,-7.930882548258921,-4.801803451400611,129.8107267149994,215.65634893931534,True,54.0,False,2025-03-26,2025-04-03,2025-03-26,2025-04-03,2,8,2,8,-0.9681564581664581,-0.9681564581664581,True,True,True,True,False,True,False,6,166,8,6,6,166,1.4567717884132463,36.62649126430517,1.4567717884132463,36.62649126430517
full,NFLX,NFLX:2026-02-26,2026-02-26,2026-02-25,83.19999694824219,False,True,,False,False,False,False,2026-04-20,2026-04-17,signal,97.13999938964844,16.521418373581763,36,107.79000091552734,2026-04-16,29.555294313991777,16.75481124125302,12.800483072738757,9.880324181669764,False,False,True,False,False,True,False,1,1,0,JF,2026-04-17,2026-04-17,2026-03-19,NFLX:2025-03-25,2025-11-21,trail,B,0.6045949437131437,0.9918702305952057,1.177117808760026,0.998001,-0.8162996186666888,16.306891567366932,-0.20010006671670688,16.521418373581763,97.30999755859376,16.72533465823156,-0.1746975369544823,-0.2039162846497966,86.23200073242188,-10.594673041978076,-2.7250554144352845,24.981176792830095,267.80725497035274,False,64.0,False,,,,,,,,,,,,,False,False,False,False,False,,,0,0,,,,,,
full,NFLX,NFLX:2026-07-20,2026-07-20,2026-07-17,68.31999969482422,False,True,,False,False,False,False,2026-08-26,,terminal,81.45999908447266,18.994673462303457,28,82.2300033569336,2026-08-25,20.36007570878717,19.23302026982283,1.1270554389643408,0.9364030658233102,False,False,False,False,False,,,0,0,0,JF,2026-08-26,2026-07-30,2026-08-17,NFLX:2026-02-26,2026-04-20,signal,JF,-0.9137016407569698,1.059988358175758,1.1248521679523267,0.998001,5.82579252106054,11.765162075722532,-0.20010006671670688,18.994673462303503,81.45999908447266,18.994673462303457,,0.0,65.78400268554688,-2.9199972520501105,-2.287925885436315,38.65428130728807,337.6710420226331,False,62.0,False,2026-07-20,2026-07-21,2026-07-22,2026-07-23,1,2,3,4,-1.2516592820150052,0.10686126645047533,False,True,True,True,False,True,False,1,27,2,1,1,25,1.1329993229874376,20.119475917445385,1.1329993229874376,20.119475917445385
full,YINN,YINN:2021-09-23,2021-09-23,2021-09-22,206.1999969482422,False,True,,False,False,False,False,2021-11-29,2021-11-26,trail,197.3999938964844,-4.459071666167269,46,259.3999938964844,2021-10-25,25.800192888264583,-4.267702804072615,30.067895692337196,23.901311279421833,True,False,False,False,False,False,False,0,0,0,JF,2021-11-26,2021-11-26,2021-10-26,,,,,-3.0103522914092573,1.0721212771754696,0.8929241423893434,0.998001,6.963918794323785,-11.325364864625925,-0.20010006671670688,-4.459071666167292,196.0,-5.136663969447486,0.7142826002471514,0.6775923032802176,207.5199951171875,-7.015902612671487,-4.92187738418578,,-4.459071666167269,True,,False,2021-09-24,2021-09-27,2021-09-24,2021-09-27,2,3,2,3,-5.9110615033696075,-5.9110615033696075,True,True,True,True,False,True,False,1,44,26,9,1,44,1.0683862501244152,25.548718302680907,1.0683862501244152,25.548718302680907
full,YINN,YINN:2021-12-31,2021-12-31,2021-12-30,168.39999389648438,False,True,,False,False,False,False,2022-01-24,2022-01-21,signal,179.60000610351562,6.437643816955396,15,198.8000030517578,2022-01-20,18.052262622978677,6.650838843804174,11.401423779174504,9.657946002769147,False,False,True,False,False,True,False,1,1,0,JF,2022-01-21,2022-01-18,2022-01-21,YINN:2021-09-23,2021-11-29,trail,JF,-2.0930268043695466,1.1112913884925193,0.9597018383133277,0.998001,10.552275214004386,-4.113262785207696,-0.20010006671670688,6.437643816955352,187.3999938964844,11.06020670264989,-4.16221347225727,-4.622562885694493,159.04000244140627,-6.63101277886865,-5.449042995988584,1.691512999377509,1.691512999377509,False,23.0,False,2021-12-31,2022-01-11,2022-01-21,,1,8,15,,-1.2666397164365906,11.060206702649822,False,True,True,True,False,True,True,7,14,8,7,,0,1.052708201938333,17.816276149995257,,
full,YINN,YINN:2022-02-25,2022-02-25,2022-02-24,138.60000610351562,False,True,,False,False,False,False,2022-03-08,2022-03-07,trail,102.1999969482422,-26.410032710845943,7,143.1999969482422,2022-02-25,3.318896567212981,-26.262631711637518,29.5815282788505,28.631285526366955,True,False,False,False,False,False,False,0,0,0,JF,2022-03-07,2022-03-07,2022-03-03,YINN:2021-12-31,2022-01-24,signal,JF,-1.8413533292636064,0.8131580934098308,0.9068023658125104,0.998001,-20.68297314999466,-9.783075138380477,-0.20010006671670688,-26.410032710845943,103.8000030517578,-25.257934860199338,-1.541431653636638,-1.152097850646605,114.55999755859375,-7.032587526201506,-5.8558525533556445,-21.672572731756222,-25.165248847912245,True,23.0,False,2022-03-03,,2022-03-03,,5,,5,,-9.704674306176509,-9.704674306176509,True,True,True,False,True,True,True,,2,3,3,,2,0.9469881979553767,-16.04119051029419,0.9469881979553767,-16.04119051029419
full,YINN,YINN:2022-03-16,2022-03-16,2022-03-15,84.0,False,True,,False,False,False,False,2022-04-12,2022-04-11,trail,90.8000030517578,7.8791593400682425,19,113.0,2022-04-04,34.52380952380953,8.095241728283087,26.428567795526448,19.64601499844443,False,False,False,False,False,False,False,0,0,0,JF,2022-04-11,2022-03-21,2022-03-31,YINN:2022-02-25,2022-03-08,trail,JF,35.0482298547649,0.9147809204226527,1.1816516863768896,0.998001,-8.907067360692288,16.691319398052354,-0.20010006671670688,7.87915934006822,87.4000015258789,3.8396296700341503,3.890161861006569,4.039529670034092,90.4,-11.259544568839475,-7.042253413021871,-20.6117619298294,-19.268899562895704,True,6.0,False,,,,,,,,,,,,,False,False,False,False,False,,,0,0,,,,,,
full,YINN,YINN:2022-08-12,2022-08-12,2022-08-11,64.45999908447266,False,True,,False,False,False,False,2022-09-07,2022-09-06,trail,57.220001220703125,-11.409216181607517,17,72.1500015258789,2022-08-25,11.929882951640703,-11.231768486812665,23.16165143845337,20.69300067834463,True,False,False,False,False,False,False,0,0,0,JF,2022-09-06,2022-08-16,2022-08-26,YINN:2022-03-16,2022-04-12,trail,JF,-3.5463155493746124,0.9630026701080836,0.9217859333995858,0.998001,-3.7699094489949285,-8.144225873884363,-0.20010006671670688,-11.40921618160754,57.0,-11.749832752165046,0.38596705386513275,0.34061657055752903,57.720001220703125,-4.258814333685468,-9.252577894792413,-4.4290071639409785,-28.479685337555626,True,84.0,False,2022-08-30,,2022-08-30,,13,,13,,-2.677095314692435,-2.677095314692435,True,True,True,False,True,True,True,,4,5,5,,4,0.9871621819053579,3.469453311643722,0.9871621819053579,3.469453311643722
full,YINN,YINN:2022-10-14,2022-10-14,2022-10-13,35.619998931884766,False,True,,False,False,False,False,2022-10-25,2022-10-24,trail,23.420000076293945,-34.38185233852087,7,35.599998474121094,2022-10-17,-0.056149518145465205,-34.25041892595385,34.194269407808385,34.21348011203209,False,False,False,False,False,False,False,0,0,0,JF,2022-10-24,2022-10-24,2022-10-14,YINN:2022-08-12,2022-09-07,trail,JF,4.182510566287867,0.7862535540858833,0.8362389045158357,0.998001,-24.04759506776928,-17.884093577021982,-0.20010006671670688,-34.38185233852088,21.989999771118164,-38.38842667136918,6.502957344519644,4.006574332848309,28.479998779296878,-26.89236735839884,-8.057268438926668,-41.868368659585464,-53.06969431684274,True,27.0,False,2022-10-14,,,,1,,,,-8.241061959317253,,False,,True,False,True,False,False,,6,7,7,,,0.9378684699637146,-0.2559372752586997,,
full,YINN,YINN:2022-11-08,2022-11-08,2022-11-07,28.59000015258789,True,False,2022-11-04,False,False,True,True,2022-12-08,2022-12-07,signal,48.36000061035156,68.81192274062582,21,47.7599983215332,2022-12-06,67.05140981683448,69.15005369796805,-2.098643881133569,-1.256286243519078,False,False,True,False,False,True,False,1,1,0,B,2022-12-07,2022-12-07,2022-12-05,YINN:2022-10-14,2022-10-25,trail,JF,-2.021933332479231,1.3803027228694884,1.2254562053338913,0.998001,32.23028395104418,20.3313187185823,-0.20010006671670688,68.81192274062589,44.709999084472656,56.070736474843486,8.163725342473827,12.741186265782332,38.20799865722656,-7.872693579718904,-5.52361888965992,10.771256734125911,-20.776048628209043,False,10.0,False,2022-11-09,2022-11-11,2022-11-09,2022-11-11,2,4,2,4,-10.497569449812294,-10.497569449812294,True,True,True,True,False,True,False,2,19,5,3,2,19,1.285058013181482,66.71747404861068,1.285058013181482,66.71747404861068
full,YINN,YINN:2023-01-04,2023-01-04,2023-01-03,56.5,True,False,2022-12-29,False,False,True,False,2023-02-07,2023-02-06,trail,57.560001373291016,1.6724582841518787,23,73.0,2023-01-26,29.20353982300885,1.8761086252938375,27.32743119771501,21.15068305028628,False,False,False,False,False,True,True,3,0,3,B,2023-02-06,2023-01-30,2023-01-18,YINN:2022-11-08,2022-12-08,signal,B,10.762599214102032,0.8795540373954687,1.1582700356531692,0.998001,-12.83402756510509,14.69275433762488,-0.20010006671670688,1.6724582841518787,56.11000061035156,-0.8887845679088957,2.5842109199192276,2.5612428520607744,58.400000000000006,-9.167245040919914,-6.1881557091526656,71.63523172713748,-19.451061090459064,True,17.0,False,,,,,,,,,,,,,False,False,False,False,False,,,0,0,,,,,,
full,YINN,YINN:2023-06-14,2023-06-14,2023-06-13,38.65999984741211,True,False,2023-06-06,False,False,True,False,2023-06-21,2023-06-20,signal,35.810001373291016,-7.5571202234804735,4,42.779998779296875,2023-06-15,10.657007108499927,-7.371956765053822,18.02896387355375,16.292654522886394,True,False,True,False,False,True,False,1,1,0,B,2023-06-20,2023-06-20,2023-06-20,YINN:2023-01-04,2023-02-07,trail,B,-0.10336153679265658,0.9596420868347401,0.9652353153920981,0.998001,-4.119489025103946,-3.5383357222513947,-0.20010006671670688,-7.557120223480506,36.650001525878906,-5.38867481325892,-2.291951207682108,-2.168445410221554,34.2239990234375,-8.09524172828311,-5.051805765094885,-6.0110516225495125,-25.53824124259092,False,88.0,False,2023-06-20,,2023-06-20,,4,,4,,-5.388674813258943,-5.388674813258943,True,True,True,False,True,True,True,,0,1,1,,0,,,,
full,YINN,YINN:2023-10-12,2023-10-12,2023-10-11,31.0,True,False,2023-10-10,False,False,True,False,2023-11-30,2023-11-29,trail,23.329999923706055,-24.892376600456224,34,30.049999237060547,2023-11-15,-3.064518590127263,-24.74193572998047,21.677417139853205,22.362727068115007,False,False,False,False,False,False,False,0,0,0,B,2023-11-29,2023-11-16,2023-10-12,YINN:2023-06-14,2023-06-21,signal,B,1.0430237667573783,0.7043606462200689,1.0684592427741353,0.998001,-35.046477243290056,6.6217650710885385,-0.20010006671670688,-24.892376600456224,23.100000381469727,-25.632827481589782,0.9956689975677557,0.7404508811335582,24.03999938964844,-11.813641687825227,-6.258066238895543,-30.568349997758702,-44.07354265580838,True,79.0,False,2023-10-12,2023-10-24,2023-10-30,2023-11-01,1,9,13,15,-6.445456364483992,-15.363073536460636,False,False,True,True,False,True,False,8,33,12,8,2,21,1.1047212511966003,-3.258292617465619,1.1047212511966003,-3.258292617465619
full,YINN,YINN:2024-01-02,2024-01-02,2023-12-29,19.420000076293945,True,False,2023-12-28,False,False,False,True,2024-01-17,2024-01-16,trail,14.210000038146973,-26.9742832525411,10,19.969999313354492,2024-01-03,2.832127883109181,-26.82801244942752,29.6601403325367,28.843262259681946,True,False,False,False,False,False,False,0,0,0,B,2024-01-16,2024-01-17,2024-01-16,YINN:2023-10-12,2023-11-30,trail,B,-7.258836766940313,0.7598769524965515,0.9629452151452711,0.998001,-27.45987634195271,-3.7758758578754046,-0.20010006671670688,-26.97428325254112,15.920000076293944,-18.186529692468035,-10.741206218291966,-8.787753560073064,15.975999450683595,-10.741206218291966,-3.631963467578203,-45.152119680501,-59.1593036729422,True,21.0,False,2024-01-02,2024-01-03,2024-01-05,2024-01-08,1,2,4,5,-2.4096875019557262,-3.2319326465994336,False,True,True,True,False,True,False,1,9,4,2,1,6,1.0311289708735167,2.626566459470836,1.0311289708735167,-6.623696318738581
full,YINN,YINN:2024-08-06,2024-08-06,2024-08-05,18.6299991607666,False,True,,False,False,False,False,2024-10-09,2024-10-08,signal,36.900001525878906,97.67171273084114,45,58.56999969482422,2024-10-07,214.38541241680946,98.06764996311743,116.31776245369203,36.998460443666815,False,True,False,False,False,True,False,1,1,0,JF,2024-10-08,2024-10-08,2024-09-30,YINN:2024-01-02,2024-01-17,trail,B,-4.94898572359308,1.6400849777990585,1.2076669967974327,0.998001,49.474805622485164,18.869039660728227,-0.20010006671670688,97.67171273084104,40.7599983215332,118.34954867069673,-9.470061223273142,-20.677835939855598,46.85599975585938,-28.30800427308622,-8.972145469630888,44.3511850286747,-19.26949607910313,True,139.0,False,2024-08-07,2024-08-08,2024-08-07,2024-08-08,2,3,2,3,2.7464323502314203,2.7464323502314203,True,True,True,True,False,True,False,1,43,19,16,1,43,1.2441104345130327,213.75695597738815,1.2441104345130327,213.75695597738815
full,YINN,YINN:2025-01-28,2025-01-28,2025-01-27,30.290000915527344,True,False,2025-01-24,False,True,False,False,2025-02-25,2025-02-24,signal,41.959999084472656,38.25064305242771,19,44.959999084472656,2025-02-21,48.43181817609368,38.5275596441564,9.90425853193728,6.672598000643815,False,True,False,False,False,True,False,1,1,0,B,2025-02-24,2025-02-13,2025-02-24,YINN:2024-08-06,2024-10-09,signal,JF,-0.8185985347266111,1.363818771917425,1.0157329001227722,0.998001,31.028868543073457,1.5610421013766662,-0.20010006671670688,38.25064305242771,40.40999984741211,33.143674607957685,3.835682363061954,5.106968444470027,35.96799926757813,-5.669825461495903,-6.846475674446461,173.28241398313548,11.610440810105294,False,74.0,False,,,,,,,,,,,,,False,False,False,False,False,,,0,0,,,,,,
full,YINN,YINN:2025-04-10,2025-04-10,2025-04-09,27.3799991607666,False,True,,False,False,False,False,2025-10-13,2025-10-10,signal,48.04999923706055,75.14225258742859,127,56.619998931884766,2025-10-02,106.79328220366347,75.49306322080696,31.300218982856506,15.13599409483235,False,False,False,True,True,True,False,1,1,0,JF,2025-10-10,2025-08-27,2025-10-10,YINN:2025-01-28,2025-02-25,signal,B,2.1641788814083185,1.9659882196457397,0.8926455482649319,0.998001,67.5995029665181,-11.356569933588542,-0.20010006671670688,75.14225258742849,43.41999816894531,58.265898176865846,10.663291716641954,16.87635441056274,45.295999145507814,-7.418952148934288,-15.377125303397044,142.13529045862722,95.47704015757708,True,32.0,False,2025-04-10,2025-04-11,2025-04-17,2025-07-15,1,2,6,65,-2.8242975776183954,4.137652079591714,False,True,True,True,False,True,False,1,126,71,59,59,121,1.1791385848888634,106.37990243253826,1.1791385848888634,106.37990243253826
full,YINN,YINN:2025-12-29,2025-12-29,2025-12-26,42.5099983215332,True,False,2025-12-19,False,True,False,False,2026-02-27,2026-02-26,trail,37.91999816894531,-10.97577608363296,41,50.40999984741211,2026-01-29,18.583866943784866,-10.797460206585917,29.381327150370783,24.776833398677333,True,False,False,False,False,False,False,0,0,0,B,2026-02-26,2026-02-26,2026-02-12,YINN:2025-04-10,2025-10-13,signal,JF,-5.344024791879853,0.7748684548918631,1.1511959124192608,0.998001,-25.506199965891373,14.080132587177488,-0.20010006671670688,-10.975776083632915,38.18000030517578,-10.365372879197388,-0.6809903985129706,-0.6104032044355723,40.32799987792969,-7.6089572364432705,-4.199594878986501,55.91903111560155,74.02191793496813,True,53.0,False,2025-12-31,2026-01-02,2025-12-31,2026-01-02,3,4,3,4,-0.012080873801711967,-0.012080873801711967,True,True,True,True,False,True,False,1,38,1,1,1,38,1.1623042213050065,18.34681779376428,1.1623042213050065,18.34681779376428
full,SNOW,SNOW:2021-12-09,2021-12-09,2021-12-08,370.0,True,False,2021-12-02,True,False,False,False,2022-01-06,2022-01-05,trail,294.239990234375,-20.634647434082034,19,371.239990234375,2021-12-10,0.3351324957770352,-20.475678315033786,20.81081081081082,20.7412999745495,True,False,False,False,False,False,False,0,0,0,B,2022-01-05,2021-12-16,2021-12-16,,,,,-0.07561812148102476,0.8839632164560798,0.8996338332242965,0.998001,-12.333982755402914,-10.57674504175496,-0.20010006671670688,-20.634647434082087,296.8699951171875,-19.92525621704101,-0.8859113167615118,-0.7093912170410235,296.9919921875,-3.0332443766614814,-6.991783984354905,,-20.634647434082034,True,,True,2021-12-09,2021-12-15,2021-12-16,2021-12-21,1,5,6,9,-2.5411544244384854,-12.343141636657718,False,True,True,True,False,True,False,4,18,10,4,3,13,1.0551249423869615,0.13456256591797278,1.0551249423869615,-3.4096853536987437
full,SNOW,SNOW:2022-01-25,2022-01-25,2022-01-24,275.2699890136719,False,True,,False,False,False,False,2022-02-14,2022-02-11,signal,294.05999755859375,6.612483502114808,14,311.1099853515625,2022-02-10,13.019943244198174,6.826028733553158,6.193914510645016,5.480373049968746,False,False,True,False,False,True,False,1,1,0,JF,2022-02-11,2022-02-03,2022-01-26,SNOW:2021-12-09,2022-01-06,trail,B,-0.8036075626407624,1.1309846127249712,0.9445400718243967,0.998001,12.308859202372538,-5.705716644568957,-0.20010006671670688,6.612483502114808,293.69000244140625,6.478340474656075,0.12598151592215778,0.13414302745873297,248.88798828125002,-5.248248805397426,-7.119263815223631,-15.38662658926545,-15.38662658926545,False,12.0,True,2022-01-25,2022-02-10,2022-02-11,,1,13,14,,-4.492532199954169,6.478340474656075,False,True,True,True,False,True,True,12,13,13,12,,0,1.0034270828405414,12.794016377653028,,
full,SNOW,SNOW:2022-03-17,2022-03-17,2022-03-16,195.0,False,True,,False,False,False,False,2022-04-19,2022-04-18,trail,193.83999633789065,-0.7935845204045111,22,241.22999572753903,2022-04-04,23.707690116686674,-0.5948736728765835,24.30256378956326,19.64515202461544,True,False,False,False,False,False,False,0,0,0,JF,2022-04-18,2022-04-06,2022-04-14,SNOW:2022-01-25,2022-02-14,signal,JF,-1.435501612646728,0.9478926469595041,1.0486960379530215,0.998001,-5.3514024743328354,4.754752379541799,-0.20010006671670688,-0.7935845204045,192.38999938964844,-1.535686266221259,0.7536758422175271,0.7421017458167478,192.98399658203124,-2.5716660496137522,-7.605354530496944,5.766423336223214,-16.05810522284511,True,22.0,True,,,,,,,,,,,,,False,False,False,False,False,,,0,0,,,,,,
full,SNOW,SNOW:2022-05-27,2022-05-27,2022-05-26,127.9000015258789,False,True,,False,False,False,False,2022-08-10,2022-08-09,signal,169.52000427246094,32.27609989487663,50,170.85000610351562,2022-08-08,33.58092577422396,32.541049452732615,1.0398763214913416,0.778461681908782,False,False,True,False,False,True,False,1,1,0,JF,2022-08-09,2022-06-13,2022-07-22,SNOW:2022-03-17,2022-04-19,trail,JF,0.8675066621820937,0.9304564017187222,1.4244735079247672,0.998001,-7.208005867919912,35.380227732748025,-0.20010006671670688,32.27609989487645,160.5500030517578,25.276826961755038,5.587045188539408,6.999272933121592,136.6800048828125,-6.477700068441461,-9.293322731036735,31.226377241916083,11.035064589081633,False,28.0,True,2022-05-31,2022-06-02,2022-05-31,2022-06-02,2,4,2,4,-0.3949744699166424,-0.3949744699166424,True,True,True,True,False,True,False,2,48,7,3,2,48,1.4911056350895335,33.31389750360118,1.4911056350895335,33.31389750360118
full,SNOW,SNOW:2022-11-11,2022-11-11,2022-11-10,146.63999938964844,False,True,,False,False,False,False,2023-01-05,2023-01-04,trail,129.3000030517578,-12.0011368775506,36,163.49000549316406,2022-11-15,11.490729796542198,-11.824874802280371,23.315604598822567,20.912594833104848,True,False,False,False,False,False,False,0,0,0,JF,2023-01-04,2022-12-15,2022-12-05,SNOW:2022-05-27,2022-08-10,signal,JF,0.8666903731717301,0.9000594020868464,0.9796589535455094,0.998001,-10.529451551716525,-2.055077447207894,-0.20010006671670688,-12.001136877550556,130.44000244140625,-11.225277265163813,-0.8739645571231303,-0.7758596123867871,130.79200439453126,-3.237266709013553,-8.345716449043138,16.40146409020693,-2.2904054943307717,True,66.0,True,2022-11-18,2022-11-23,2022-11-18,2022-11-23,6,9,6,9,-0.49935640913365553,-0.49935640913365553,True,True,True,True,False,True,False,3,30,12,3,3,30,1.1145778391449577,4.836380236923299,1.1145778391449577,4.836380236923299
full,SNOW,SNOW:2023-01-13,2023-01-13,2023-01-12,139.3000030517578,True,False,2023-01-11,False,False,True,False,2023-02-06,2023-02-03,signal,159.74000549316406,14.444136202171842,15,178.0500030517578,2023-02-02,27.81765911778349,14.67336826533423,13.14429085244926,10.28362664687581,False,True,False,False,False,True,False,1,1,0,B,2023-02-03,2023-02-03,2023-01-18,SNOW:2022-11-11,2023-01-05,trail,JF,-1.9980275433274408,0.9400326832338695,1.2198870348937094,0.998001,-6.184063492479551,19.875826010862525,-0.20010006671670688,14.444136202171842,163.2899932861328,16.987489604722896,-2.174038789228261,-2.5433534025510536,142.44000244140625,-5.644483504353747,-4.977956249444415,0.7095387682187537,11.822901418657917,False,6.0,True,2023-01-18,2023-01-20,2023-01-18,2023-01-20,3,5,3,5,0.3804146846836387,0.3804146846836387,True,True,True,True,False,True,False,2,12,2,2,2,12,1.2550739805777646,27.5621516172071,1.2550739805777646,27.5621516172071
full,SNOW,SNOW:2023-09-01,2023-09-01,2023-08-31,158.10000610351562,True,False,2023-08-30,False,True,False,False,2024-01-05,2024-01-04,signal,184.57000732421875,16.50919972702114,86,201.22999572753903,2023-12-28,27.280194787458868,16.74256812069441,10.537626666764456,8.279078048521926,False,False,False,True,True,True,False,1,1,0,B,2024-01-04,2023-09-07,2023-10-25,SNOW:2023-01-13,2023-02-06,signal,B,0.7969397203434259,1.0999808965561075,1.0613145054264108,0.998001,9.529281288634586,5.950823929462357,-0.20010006671670688,16.50919972702125,183.72000122070312,15.972636217492076,0.46266388954270266,0.5365635095290653,160.98399658203124,-2.3303054422108116,-5.626619078471884,33.337947223652485,30.283967554414115,False,144.0,True,2023-09-01,2023-09-05,2023-09-21,2023-09-28,1,2,14,19,-0.843774285022969,-5.925311783761044,False,True,True,True,False,True,False,1,85,38,27,5,72,1.1019941367564148,27.02576167807884,1.1019941367564148,27.02576167807884
full,SNOW,SNOW:2024-06-28,2024-06-28,2024-06-27,133.5500030517578,True,False,2024-06-26,False,False,False,True,2024-08-06,2024-08-05,trail,114.63999938964844,-14.331088418973547,26,143.02000427246094,2024-07-05,7.090977914117302,-14.159493245972243,21.250471160089546,19.843381369746737,True,False,False,False,False,False,False,0,0,0,B,2024-08-05,2024-08-05,2024-07-24,SNOW:2023-09-01,2024-01-05,signal,B,-0.2762807065758266,0.8878439433580996,0.966842285698909,0.998001,-11.895929089555517,-3.37198933156201,-0.20010006671670688,-14.331088418973536,112.62999725341795,-15.833135664290898,1.7846063972708492,1.5020472453173515,114.41600341796875,-9.885611313136877,-4.106868132380114,-0.1878367020967442,11.61285696844423,True,120.0,True,2024-07-18,,2024-07-18,,14,,14,,-2.9723375333867708,-2.9723375333867708,True,True,True,False,True,True,True,,12,13,13,,12,0.9945887704806775,-0.9098197923456119,0.9945887704806775,-0.9098197923456119
full,SNOW,SNOW:2026-01-07,2026-01-07,2026-01-06,234.0,True,False,2026-01-05,False,True,False,False,2026-02-04,2026-02-03,trail,171.0500030517578,-27.047831583052417,19,233.5,2026-01-07,-0.21367521367521292,-26.9017080975394,26.68803288386419,26.745180705885307,False,False,False,False,False,False,False,0,0,0,B,2026-02-03,2026-01-29,2026-02-03,SNOW:2024-06-28,2024-08-06,trail,B,-0.2259833633460384,0.9838502694913673,0.7429818760963605,0.998001,-1.628155865922424,-29.708362743354368,-0.20010006671670688,-27.047831583052428,173.24000549316406,-26.113803964878958,-1.2641435996102346,-0.9340276181734595,186.8,-4.986113089102295,-8.435513590121335,-37.50267134244367,-18.576000609413747,True,356.0,True,2026-01-07,,,,1,,,,-0.41314807692307554,,False,,True,False,True,False,False,,18,19,19,,,0.9469185761181157,-4.554428594207771,,
full,SNOW,SNOW:2026-02-26,2026-02-26,2026-02-25,178.44000244140625,False,True,,False,False,False,False,2026-04-10,2026-04-09,trail,132.5050048828125,-25.89098544678904,30,182.83999633789065,2026-03-09,2.4658113854987285,-25.7425447938319,28.20835617933063,27.529529896761996,True,False,False,False,False,False,False,0,0,0,JF,2026-04-09,2026-03-03,2026-04-09,SNOW:2026-01-07,2026-02-04,trail,B,5.454757615574657,0.9029029337199708,0.8224301022062973,0.998001,-10.214022445483199,-19.549178207379832,-0.20010006671670688,-25.890985446789006,132.24000549316406,-26.03919753614684,0.20039275456786854,0.14821208935780206,146.27199707031252,-3.1585773645143034,-12.045227718769013,-45.93586689100134,-39.65747644182402,True,15.0,True,2026-02-26,2026-03-03,2026-03-25,,1,4,20,,-3.2088947206848073,-10.172080796868933,False,True,True,True,False,True,True,3,29,14,11,,10,1.154759775593139,2.2609822285391434,0.9980805308453826,-9.210097544920348
full,SNOW,SNOW:2026-04-14,2026-04-14,2026-04-13,136.3000030517578,False,True,,False,False,False,False,2026-08-26,,terminal,315.3699951171875,130.91677435798056,94,337.3800048828125,2026-08-13,147.52751087958353,131.3793015818427,16.148209297740834,6.523803855320375,False,False,False,False,False,,,0,0,0,JF,2026-08-26,2026-06-02,2026-06-03,SNOW:2026-02-26,2026-04-10,trail,JF,1.534563076801021,1.3147091718638393,1.7599276443308012,0.998001,27.361547908905788,56.527269702929175,-0.20010006671670688,130.91677435798044,315.3699951171875,130.91677435798061,,0.0,269.90400390625,-5.25056798357959,-7.841564100202936,71.1301459147611,39.34100896674446,False,2.0,True,2026-04-14,2026-04-15,2026-04-16,2026-04-20,1,2,3,5,-0.8076348780981624,5.108615838589103,False,True,True,True,False,True,False,1,93,6,3,2,91,1.8056624148596612,147.03270338533522,1.8056624148596612,147.03270338533522
full,TSLA,TSLA:2022-02-25,2022-02-25,2022-02-24,269.74334716796875,False,True,,False,False,False,False,2022-04-27,2022-04-26,trail,299.52667236328125,10.819385050147368,42,381.8166809082031,2022-04-04,41.5481363736643,11.041356722235097,30.506779651429202,21.552229815937807,False,False,False,False,False,False,False,0,0,0,JF,2022-04-26,2022-04-11,2022-04-26,,,,,1.0564858531552535,1.1493040593558417,0.9661617029741569,0.998001,13.91565934109113,-3.4424064395310268,-0.20010006671670688,10.819385050147412,292.1400146484375,8.08645693033676,2.5284648950719246,2.732928119810607,305.45334472656253,-4.396922262441539,-11.955632199765464,,10.819385050147368,True,,True,2022-03-07,2022-03-09,2022-03-07,2022-03-09,7,9,7,9,-0.7733783972191155,-0.7733783972191155,True,True,True,True,False,True,False,2,35,8,5,2,35,1.2572845081697006,41.26518164905335,1.2572845081697006,41.26518164905335
full,TSLA,TSLA:2022-12-05,2022-12-05,2022-12-02,189.44000244140625,True,False,2022-11-30,False,False,True,False,2022-12-21,2022-12-20,trail,139.33999633789062,-26.593404828411128,12,182.4499969482422,2022-12-05,-3.6898254872679614,-26.44637112428857,22.75654563702061,23.62839206984536,False,False,False,False,False,False,False,0,0,0,B,2022-12-20,2022-12-07,2022-12-13,TSLA:2022-02-25,2022-04-27,trail,JF,-2.7814831940718876,0.9730362641271547,0.7559186803966803,0.998001,-2.7333927061926726,-27.98214742010562,-0.20010006671670688,-26.593404828411092,137.8000030517578,-27.4046985466052,1.1175567866674063,0.8112937181940723,145.95999755859376,-2.6637795294298994,-7.960198180149181,-18.651262644594034,-18.651262644594034,True,153.0,True,2022-12-05,,,,1,,,,-3.882349526118911,,False,,True,False,True,False,False,,11,12,12,,,0.98578312635484,-5.267871190465834,,
full,TSLA,TSLA:2023-01-18,2023-01-18,2023-01-17,136.55999755859375,True,False,2023-01-09,False,False,False,True,2023-02-13,2023-02-10,signal,194.4199981689453,42.08505862732797,18,207.32000732421875,2023-02-09,51.81605962995424,42.369655568810025,9.446404061144214,6.222269293623784,False,False,True,False,False,True,False,1,1,0,B,2023-02-10,2023-02-10,2023-01-30,TSLA:2022-12-05,2022-12-21,trail,B,3.855800329777348,1.139510975110108,1.2493925787336377,0.998001,13.05992011711358,22.26574961954668,-0.20010006671670688,42.08505862732797,196.88999938964844,43.890172666822046,-1.2545082169536426,-1.8051140394940788,165.85600585937502,-2.455147316640627,-6.397079019615326,4.299803785877354,15.584401164019601,False,17.0,True,2023-01-18,2023-01-23,,,1,4,,,-5.88564011463758,,False,,True,True,False,False,False,3,17,3,3,,,1.286125534966868,51.51257932675395,,
full,TSLA,TSLA:2024-04-30,2024-04-30,2024-04-29,186.97999572753903,True,False,2024-04-25,False,False,True,False,2024-07-12,2024-07-11,signal,235.8000030517578,25.85765548340815,50,263.260009765625,2024-07-10,40.79581547816411,26.109748871402072,14.686066606762036,10.430755031238615,False,True,False,False,False,True,False,1,1,0,B,2024-07-11,2024-05-08,2024-07-11,TSLA:2023-01-18,2023-02-13,signal,B,-3.6433945957388247,1.1311437155584427,1.1148870575578618,0.998001,12.32292585206209,10.875310611145268,-0.20010006671670688,25.857655483407992,241.02999877929688,28.649152480597873,-2.169852613378631,-2.791496997189725,210.6080078125,-3.498116701032772,-8.458028881939272,78.8249235805809,45.47181740957218,False,304.0,True,2024-04-30,2024-07-01,,,1,43,,,-2.174764016856301,,False,,True,True,False,False,False,42,49,42,42,,,1.217897150280939,40.514364643023114,,
full,TSLA,TSLA:2024-10-28,2024-10-28,2024-10-25,270.0,True,False,2024-10-24,True,False,False,False,2024-12-19,2024-12-18,signal,451.8800048828125,67.02840620483397,37,479.8599853515625,2024-12-17,77.7259205005787,67.36296477141204,10.362955729166657,5.830863444104606,False,True,False,False,False,True,False,1,1,0,B,2024-12-18,2024-12-18,2024-11-25,TSLA:2024-04-30,2024-07-12,signal,B,0.3009017984499929,1.564158019586423,1.0699875759078628,0.998001,44.73476725605641,6.764703710534029,-0.20010006671670688,67.02840620483397,440.1300048828125,62.685253704834,2.669665750947492,4.343152499999974,383.88798828125005,-2.7841424080764954,-5.983788924866795,110.21803604070746,142.9792580964146,False,75.0,True,2024-10-28,2024-11-08,2024-11-12,2024-12-06,1,10,12,29,-2.9684250903320275,21.419755090332004,False,True,True,True,False,True,False,9,36,27,17,17,25,1.134094923371379,77.37064638549805,1.134094923371379,77.37064638549805
full,TSLA,TSLA:2025-03-13,2025-03-13,2025-03-12,248.1300048828125,False,True,,False,False,False,False,2025-04-09,2025-04-08,trail,224.69000244140625,-9.627677945506463,19,288.1400146484375,2025-03-25,16.124615716878353,-9.44666182248961,25.571277539367962,22.020548685140884,True,False,False,False,False,False,False,0,0,0,JF,2025-04-08,2025-04-07,2025-04-08,TSLA:2024-10-28,2024-12-19,signal,B,0.01612662562473499,0.8329683253933685,1.087116225394845,0.998001,-18.275966227610596,8.352852550954056,-0.20010006671670688,-9.627677945506463,221.86000061035156,-10.765929910934124,1.2755800158970265,1.1382519654276617,230.51201171875002,-6.536354832402502,-9.444897710060584,50.94744917792022,119.58599765251088,True,55.0,True,2025-03-13,2025-03-21,,,1,7,,,-3.196361325239916,,False,,True,True,False,False,False,6,18,6,6,,,1.2282776444574006,15.892482610060332,,
full,TSLA,TSLA:2026-02-12,2026-02-12,2026-02-11,430.2999877929687,True,False,2026-02-10,False,True,False,False,2026-06-08,2026-06-05,signal,396.3299865722656,-8.078611631424515,79,445.2699890136719,2026-05-13,3.478968544127814,-7.894492722376545,11.373461266504359,10.991084880841484,True,False,False,False,True,True,False,1,1,0,B,2026-06-05,2026-04-02,2026-06-05,TSLA:2025-03-13,2025-04-09,trail,JF,0.47399977382771574,0.9265610753554508,0.9940575934758502,0.998001,-7.6275314916215375,-0.5960132881499299,-0.20010006671670688,-8.078611631424437,391.0,-9.314803144324802,1.3631679212955605,1.2361915129002874,356.21599121093755,-4.474635975874087,-7.015457788347201,-16.9285068665892,101.84649770517558,False,212.0,True,2026-02-12,2026-02-25,2026-02-26,2026-03-02,1,9,10,12,-3.26834855039726,-5.237451371879665,False,False,True,True,False,True,False,8,78,42,29,2,69,1.1089233986788984,3.272114086008182,1.1089233986788984,3.272114086008182
full,MRNA,MRNA:2022-01-11,2022-01-11,2022-01-10,226.0,False,True,,False,False,False,False,2022-01-20,2022-01-19,trail,174.99000549316406,-22.72557501230831,6,222.88999938964844,2022-01-12,-1.3761064647573318,-22.570794029573428,21.194687564816096,21.490418604536533,False,False,False,False,False,False,False,0,0,0,JF,2022-01-19,2022-01-18,2022-01-19,,,,,-3.2948211590895005,0.931747072881433,0.8310109924035106,0.998001,-7.069388215554611,-18.51122562917816,-0.20010006671670688,-22.72557501230831,174.07000732421875,-23.13184009753202,0.5285219338399649,0.40626508522371196,178.31199951171877,-3.8177084090291524,-7.821430470292967,,-22.72557501230831,True,,False,2022-01-11,,,,1,,,,-2.235645672182063,,False,,True,False,True,False,False,,5,6,6,,,0.9903095134560052,-1.573255627934278,,
full,MRNA,MRNA:2022-02-16,2022-02-16,2022-02-15,147.6199951171875,False,True,,False,False,False,False,2022-04-22,2022-04-21,trail,143.22999572753906,-3.1678067374243724,45,186.72000122070312,2022-03-22,26.4869309015193,-2.973851466505917,29.460782368025217,23.291562344067717,True,False,False,False,False,False,False,0,0,0,JF,2022-04-21,2022-04-11,2022-03-25,MRNA:2022-01-11,2022-01-20,trail,JF,-2.3160403077606584,0.9086358041624328,1.0678222021300534,0.998001,-9.58109205753852,6.562124927278451,-0.20010006671670688,-3.1678067374243613,144.5,-2.309206564111721,-0.878895690284387,-0.8586001733126514,149.3760009765625,-3.0091994827721957,-6.917252079133062,-25.17347945337435,-25.17347945337435,True,19.0,False,2022-02-18,2022-02-22,2022-02-18,2022-02-22,3,4,3,4,-1.470887391156317,-1.470887391156317,True,True,True,True,False,True,False,1,42,10,7,1,42,1.2146186574705844,26.2340835266472,1.2146186574705844,26.2340835266472
full,MRNA,MRNA:2023-08-18,2023-08-18,2023-08-17,105.9000015258789,False,True,,False,False,False,False,2023-10-17,2023-10-16,trail,90.37999725341795,-14.825943022421717,41,116.62000274658205,2023-08-30,10.122758325063375,-14.655339045173022,24.778097370236395,22.500432923316104,True,False,False,False,False,False,False,0,0,0,JF,2023-10-16,2023-10-16,2023-09-18,MRNA:2022-02-16,2022-04-22,trail,JF,-0.3200266799012752,1.011566110937718,0.8436884157350114,0.998001,1.1499734795539256,-16.99720282177115,-0.20010006671670688,-14.825943022421683,91.94000244140624,-13.355795038300078,-1.696764353451563,-1.4701479841216383,93.29600219726564,-3.0518818991495,-8.813101247785593,-17.52409253789512,-36.267216755277744,True,332.0,False,2023-08-18,2023-08-21,2023-09-01,,1,2,11,,-4.233368366563939,6.076476397427388,False,True,True,True,False,True,True,1,40,32,31,,30,1.0798529084954425,9.902622931171589,0.9670763090238081,7.989546069330977
full,MRNA,MRNA:2023-11-03,2023-11-03,2023-11-02,73.08999633789062,False,True,,False,False,False,False,2024-02-12,2024-02-09,trail,87.41000366210938,19.35322949190672,67,115.44000244140624,2024-01-08,57.94227421730067,19.592294488589413,38.34997972871126,24.281010210064768,False,False,False,False,False,False,False,0,0,0,JF,2024-02-09,2024-01-17,2023-11-06,MRNA:2023-08-18,2023-10-17,trail,JF,2.6112493237387735,1.113821671009778,1.0737113274171477,0.998001,10.779704880743742,7.112117729254027,-0.20010006671670688,19.35322949190672,87.41000366210938,19.35322949190672,0.0,0.0,92.352001953125,-3.7783873061696394,-7.649924590807244,1.6579876920163938,-23.932864952347167,True,13.0,False,2023-11-06,2023-11-20,2023-11-06,2023-11-20,2,12,2,12,-1.5926455476546586,-1.5926455476546586,True,True,True,True,False,True,False,10,65,12,10,10,65,1.2983050883543152,57.626547611140346,1.2983050883543152,57.626547611140346
full,MRNA,MRNA:2024-11-19,2024-11-19,2024-11-18,38.89500045776367,False,True,,False,False,False,False,2025-01-14,2025-01-13,trail,35.150001525878906,-9.80913675287911,36,47.529998779296875,2025-01-07,22.200792440946238,-9.62848409258018,31.829276533526418,26.046702233054653,True,False,False,False,False,False,False,0,0,0,JF,2025-01-13,2025-01-13,2025-01-08,MRNA:2023-11-03,2024-02-12,trail,JF,-1.5565626167955426,0.8655964277735263,1.044037533055352,0.998001,-14.433649777744861,4.309544001666239,-0.20010006671670688,-9.809136752879176,35.150001525878906,-9.80913675287911,0.0,0.0,38.023999023437504,-21.183433758436575,-9.306723628540158,7.6457079920679405,-31.394394253168667,True,195.0,False,2024-11-19,2024-11-22,2024-12-17,2024-12-24,1,4,20,25,-4.3181443226624765,4.585470127610658,False,True,True,True,False,True,False,3,35,9,5,5,16,1.1038794603307491,21.95651305685673,1.1038794603307491,21.95651305685673
full,MRNA,MRNA:2025-02-18,2025-02-18,2025-02-14,33.04999923706055,False,True,,False,False,False,False,2025-04-01,2025-03-31,trail,28.700000762939453,-13.335461051097441,30,35.959999084472656,2025-03-10,8.804840891339527,-13.161871632490785,21.96671252383031,20.189094845300016,True,False,False,False,False,False,False,0,0,0,JF,2025-03-31,2025-03-31,2025-03-26,MRNA:2024-11-19,2025-01-14,trail,JF,0.1818658852415611,0.9001830731932321,0.9646718645738037,0.998001,-10.515712168463613,-3.596727217982672,-0.20010006671670688,-13.335461051097441,28.350000381469727,-14.392346796242872,1.234569230194782,1.056885745145431,28.767999267578126,-7.165814233441681,-6.987742925593743,-21.83650419284747,-40.543268086406826,True,23.0,False,2025-03-03,2025-03-04,2025-03-03,2025-03-04,10,11,10,11,-8.594579654412648,-8.594579654412648,True,True,True,True,False,True,False,1,20,4,2,1,20,1.1688178837188592,8.587340014397782,1.1688178837188592,8.587340014397782
full,MRNA,MRNA:2025-04-29,2025-04-29,2025-04-28,27.46500015258789,True,False,2025-04-24,False,False,True,False,2025-08-04,2025-08-01,signal,28.01499938964844,1.7986428200841953,66,34.66999816894531,2025-07-23,26.233380580114552,2.002545909357023,24.23083467075753,19.195267178461815,False,False,False,True,True,True,False,1,1,0,B,2025-08-01,2025-08-01,2025-05-06,MRNA:2025-02-18,2025-04-01,trail,JF,0.018212193306532676,1.1124887949217652,0.9168860520211374,0.998001,10.659966302709973,-8.677207614675611,-0.20010006671670688,1.7986428200841953,27.604999542236328,0.3088184783990089,1.4852376533634803,1.4898243416851864,27.735998535156252,-6.732069712690447,-10.741689601424076,-11.776675543733939,-39.47385384678628,True,19.0,False,2025-05-06,2025-07-02,2025-05-06,2025-07-02,6,45,6,45,-11.228237396283369,-11.228237396283369,True,True,True,True,False,True,False,39,60,44,39,39,60,1.1090266197404557,25.98104005233486,1.1090266197404557,25.98104005233486
full,MRNA,MRNA:2025-11-13,2025-11-13,2025-11-12,26.11000061035156,True,False,2025-11-11,False,False,True,False,2026-02-06,2026-02-05,trail,41.18000030517578,57.40207017947048,57,51.869998931884766,2026-01-22,98.65950869154867,57.71734715643622,40.94216153511245,20.60921312288245,False,False,False,False,False,False,False,0,0,0,B,2026-02-05,2026-01-23,2025-11-20,MRNA:2025-04-29,2025-08-04,signal,B,-2.2463440460014694,0.9428278464727028,1.6728117200450383,0.998001,-5.887157242856662,51.450587535178805,-0.20010006671670688,57.402070179470414,40.869998931884766,56.21715377459249,0.7585059490891499,1.1849164048779883,41.49599914550782,-3.9676088290055866,-8.5480576170609,60.2331712134174,-4.730592954989666,True,72.0,False,2025-11-13,2025-11-28,2025-12-01,2025-12-03,1,11,12,14,-4.595543990807316,-7.653376315288862,False,False,True,True,False,True,False,10,56,12,10,2,45,2.022591110713112,98.26238833367411,2.022591110713112,98.26238833367411
full,NVDA,NVDA:2025-01-07,2025-01-07,2025-01-06,152.80179213743568,True,False,2025-01-03,False,True,False,False,2025-02-04,2025-02-03,trail,116.78557092036436,-23.72333142580999,18,147.00045776367188,2025-01-23,-3.796640270125806,-23.570548953167368,19.77390868304156,20.55428078454222,False,False,False,False,False,False,False,0,0,0,B,2025-02-03,2025-01-27,2025-01-07,,,,,2.409159840618602,0.8879856643996826,0.8607059112660597,0.998001,-11.879967981432891,-15.000239937531923,-0.20010006671670688,-23.72333142580999,116.48603057861328,-23.918971513813037,0.2571470074679283,0.19564008800304578,117.60036621093751,-12.494747685847528,-8.423184664752348,,-23.72333142580999,True,,True,2025-01-07,,,,1,,,,-8.606246718607501,,False,,True,False,True,False,False,,17,18,18,,,0.9125783030581687,-3.988950786225842,,
full,NVDA,NVDA:2025-04-08,2025-04-08,2025-04-07,103.6647139576977,False,True,,False,False,False,False,2026-03-31,2026-03-30,trail,166.77563225072552,60.55824726413286,245,206.7762756347656,2025-10-29,99.466402539966,60.87984607643966,38.586556463526335,19.344890153014592,False,False,False,False,False,False,False,0,0,0,JF,2026-03-30,2025-04-16,2025-11-20,NVDA:2025-01-07,2025-02-04,trail,B,6.319122969581681,1.6517559448176151,0.9739928382349706,0.998001,50.18389310239181,-2.6351328308143556,-0.20010006671670688,60.55824726413264,164.97772216796875,58.827363155164456,1.0897896147009867,1.7308841089684037,165.4210205078125,-6.818171493030878,-7.813216533316769,22.468482134191127,22.468482134191127,True,44.0,True,2025-04-08,2025-04-09,2025-04-23,2025-04-24,1,2,11,12,-7.419803866760377,-1.257402420506737,False,True,True,True,False,True,False,1,244,4,2,1,234,1.4600953749829793,99.06766920128847,1.4600953749829793,99.06766920128847
full,NVDA,NVDA:2026-04-08,2026-04-08,2026-04-07,184.2852230345028,True,False,2026-04-06,False,False,True,False,2026-06-09,2026-06-08,signal,210.6199951171875,14.06175833620351,43,235.465576171875,2026-05-14,27.772358681080988,14.290224494968973,13.482134186112015,10.551682950272012,False,False,False,False,True,True,False,1,1,0,B,2026-06-08,2026-04-28,2026-04-30,NVDA:2025-04-08,2026-03-31,trail,JF,3.593488910110243,1.0762783482105376,1.0619021063184297,0.998001,7.350911621364883,6.006173996315652,-0.20010006671670688,14.061758336203578,208.63999938964844,12.98948694973987,0.9490010224939116,1.0722713864636404,188.37246093750002,-3.287007457147284,-4.934971520511889,83.1355599832593,39.68970412991766,False,5.0,True,2026-04-08,2026-04-10,,,1,3,,,-1.5089301314935355,,False,,True,True,False,False,False,2,42,2,2,,,1.2273424111045632,27.516941736077595,,
full,GOOGL,GOOGL:2022-02-02,2022-02-02,2022-02-01,151.25,True,False,2022-01-31,False,True,False,False,2022-04-28,2022-04-27,trail,116.41500091552734,-23.185264576067965,59,148.0,2022-02-02,-2.148760330578514,-23.031404353370355,20.88264402279184,21.34121559761666,False,False,False,False,False,False,False,0,0,0,B,2022-04-27,2022-04-27,2022-04-22,,,,,9.884922760997927,1.020532413503592,0.7542004019489059,0.998001,2.032446513825533,-28.209716121065302,-0.20010006671670688,-23.185264576068,114.29450225830078,-24.584444596174247,1.8552936627120653,1.3991800201062823,118.4,-3.523391311801227,-4.291601562500002,,-23.185264576067965,True,,False,2022-02-02,,,,1,,,,-2.3443649586776805,,False,,True,False,True,False,False,,58,59,59,,,0.9609474597610721,-5.450210537492717,,
full,GOOGL,GOOGL:2024-03-15,2024-03-15,2024-03-14,142.5,True,False,2024-03-13,False,True,False,False,2024-09-09,2024-09-06,trail,152.50999450683594,6.810615458117031,121,191.17999267578125,2024-07-10,34.1613983689693,7.024557548656807,27.136840820312493,20.227011010783468,False,False,False,False,False,False,False,0,0,0,B,2024-09-06,2024-08-05,2024-09-06,GOOGL:2022-02-02,2022-04-28,trail,B,-0.41929145906646204,1.0346346581599557,1.0344188328177069,0.998001,3.404837711758911,3.383975482341183,-0.20010006671670688,6.8106154581170975,150.9199981689453,5.697059012354799,1.053535884694834,1.1135564457622316,152.943994140625,-6.696269900926821,-4.055947081395306,-17.953708331173956,-17.953708331173956,True,472.0,False,2024-03-15,2024-04-01,,,1,11,,,-1.1243692137386851,,False,,True,True,False,False,False,10,120,10,10,,,1.236061959891587,33.89320973362982,,
full,GOOGL,GOOGL:2024-09-18,2024-09-18,2024-09-17,159.86000061035156,True,False,2024-09-13,False,True,False,False,2025-03-12,2025-03-11,trail,166.5800018310547,3.995375811745916,119,206.3800048828125,2025-02-04,29.100465466561865,4.203678965998936,24.89678650056293,19.28481544244425,False,False,False,False,False,False,False,0,0,0,B,2025-03-11,2025-02-05,2024-11-21,GOOGL:2024-03-15,2024-09-09,trail,B,0.33893626745442607,1.055804516500548,0.9869599659545008,0.998001,5.430305119757369,-1.3125801714246683,-0.20010006671670688,3.9953758117458937,164.0399932861328,2.409656395905735,1.5484081009997208,1.585719415840181,165.10400390625,-7.4183531332345565,-3.6055142229643455,11.078100952507587,-14.675650639403182,True,7.0,False,2024-09-18,2024-12-10,2024-12-19,2024-12-20,1,59,66,67,-0.2311167493224131,17.686201870084407,False,True,True,True,False,True,False,58,118,68,58,1,53,1.0930816358781053,28.842393636094155,1.0930816358781053,28.842393636094155
full,GOOGL,GOOGL:2026-03-12,2026-03-12,2026-03-11,306.82000732421875,True,False,2026-03-09,False,True,False,False,2026-06-02,2026-06-01,signal,366.5899963378906,19.241631641253253,56,402.6199951171875,2026-05-13,31.223513951531935,19.480473106994147,11.743040844537788,8.948884609868891,False,False,False,False,True,True,False,1,1,0,B,2026-06-01,2026-06-02,2026-03-24,GOOGL:2024-09-18,2025-03-12,trail,B,-0.6090070646163959,1.046405499134018,1.1418180925642463,0.998001,4.5360956995613915,13.262181007342337,-0.20010006671670688,19.241631641253363,376.3699951171875,22.422795948906483,-2.598506497908193,-3.18116430765323,322.09599609375005,-2.598506497908193,-2.927810631091654,24.00578294937905,1.7421463648588764,False,251.0,False,2026-03-12,2026-04-14,,,1,23,,,-1.2635473125295449,,False,,True,True,False,False,False,22,55,22,22,,,1.162262945139282,30.96119814714291,,
full,GOOGL,GOOGL:2026-08-04,2026-08-04,2026-08-03,368.2200012207031,True,False,2026-07-31,False,True,False,False,2026-08-26,,terminal,342.0,-7.30640897602346,17,377.6499938964844,2026-08-04,2.5609669883546404,-7.120743341964042,9.681710330318683,9.439956169112563,True,False,False,False,False,,,0,0,0,B,2026-08-26,2026-08-19,2026-08-05,GOOGL:2026-03-12,2026-06-02,signal,B,-1.41629632583109,1.012679973867893,0.917162964162183,0.998001,1.260025617083734,-8.647010805243978,-0.20010006671670688,-7.306408976023516,342.0,-7.306408976023448,,0.0,302.1199951171875,-0.5055260575954068,-5.4546887519867475,10.52935036385989,-5.691550949542101,False,43.0,False,2026-08-05,,2026-08-05,,2,,2,,-1.7691885499658166,-1.7691885499658166,True,True,True,False,True,True,True,,15,16,16,,15,0.9615488262335744,-3.037625178866632,0.9615488262335744,-3.037625178866632
full,AAOI,AAOI:2022-01-25,2022-01-25,2022-01-24,3.9700000286102295,False,True,,False,False,False,False,2022-02-28,2022-02-25,trail,3.4000000953674316,-14.528879830647135,23,4.369999885559082,2022-02-18,10.075563074715642,-14.357680834635577,24.43324390935122,22.196792118852706,True,False,False,False,False,False,False,0,0,0,JF,2022-02-25,2022-02-25,2022-02-25,,,,,-1.243779914266574,0.8644641026450463,0.9906983864722674,0.998001,-14.56454985554631,-0.9345143678883366,-0.20010006671670688,-14.528879830647167,3.450000047683716,-13.271952826818566,-1.4492739601511984,-1.2569270038285687,3.4959999084472657,-6.650245929355048,-8.970974078930515,,-14.528879830647135,True,,True,2022-01-25,2022-02-16,2022-02-25,,1,17,23,,-0.7026708015314242,-13.271952826818612,False,True,True,True,False,True,True,16,22,17,16,,0,1.107617970375636,9.855522024129272,,
full,AAOI,AAOI:2023-01-13,2023-01-13,2023-01-12,2.3299999237060547,True,False,2023-01-09,False,False,True,False,2023-01-20,2023-01-19,signal,2.2899999618530273,-1.91320485993266,4,2.440000057220459,2023-01-17,4.721035927736872,-1.7167366164289044,6.437772544165776,6.147544747941735,True,False,True,False,False,True,False,1,1,0,B,2023-01-19,2023-01-19,2023-01-18,AAOI:2022-01-25,2022-02-28,trail,JF,-0.851063052687262,0.9869267597053317,0.9958516416447728,0.998001,-1.3159447261116715,-0.41569866642280984,-0.20010006671670688,-1.9132048599326712,2.2899999618530273,-1.91320485993266,0.0,0.0,1.9520000457763673,-2.1097027312509398,-3.6585427313929775,-16.164117455566075,-16.164117455566075,False,221.0,True,2023-01-19,,2023-01-19,,4,,4,,-1.9132048599326712,-1.9132048599326712,True,True,True,False,True,True,True,,0,1,1,,0,,,,
full,AAOI,AAOI:2023-03-29,2023-03-29,2023-03-28,1.8200000524520872,False,True,,False,False,False,False,2023-05-02,2023-05-01,trail,1.8200000524520872,-0.1998999999999973,23,2.299999952316284,2023-04-12,26.37362011157598,0.0,26.37362011157598,20.86956129632953,True,False,False,False,False,False,False,0,0,0,JF,2023-05-01,2023-04-03,2023-04-25,AAOI:2023-01-13,2023-01-20,signal,B,0.0,0.959717153486789,1.0419736652271532,0.998001,-4.111666971732152,4.111666971732137,-0.20010006671670688,-0.1999000000000084,1.8200000524520872,-0.1998999999999973,0.0,0.0,1.8399999618530274,-3.1674177391187275,-6.5116324974045625,-2.109280363417654,-16.3317053847724,True,47.0,True,,,,,,,,,,,,,False,False,False,False,False,,,0,0,,,,,,
full,AAOI,AAOI:2023-05-09,2023-05-09,2023-05-08,1.7699999809265137,False,True,,False,False,False,False,2023-06-22,2023-06-21,signal,4.695000171661377,164.7240065994533,30,5.199999809265137,2023-06-20,193.78530312430712,165.25424984489322,28.531053279413896,9.711531848596866,False,True,False,False,False,True,False,1,1,0,JF,2023-06-21,2023-06-21,2023-06-21,AAOI:2023-03-29,2023-05-02,trail,JF,0.0,1.4637184851822862,1.8121944385491553,0.998001,38.098010550657655,59.45385079064862,-0.20010006671670688,164.7240065994534,4.164999961853027,134.84034868483192,12.72509518997811,29.88365791462138,4.159999847412109,-4.807692484037418,-15.858583387069835,164.19482331026097,121.49006175886514,False,5.0,True,2023-05-11,2023-05-30,2023-05-11,2023-05-30,3,15,3,15,-3.5829510474118753,-3.5829510474118753,True,True,True,True,False,True,False,12,27,12,12,12,27,2.1537484291305264,193.1980263033618,2.1537484291305264,193.1980263033618
full,AAOI,AAOI:2024-04-17,2024-04-17,2024-04-16,12.039999961853027,False,True,,False,False,False,False,2024-06-21,2024-06-20,trail,9.0,-25.39859610915135,45,12.539999961853027,2024-05-24,4.1528239334234,-25.249169198378908,29.401993131802307,28.229664853443303,True,False,False,False,False,False,False,0,0,0,JF,2024-06-20,2024-05-08,2024-06-20,AAOI:2023-05-09,2023-06-22,signal,JF,0.41701577722548233,1.128893615311445,0.6621600989478397,0.998001,12.123805159698627,-41.22479109730886,-0.20010006671670688,-25.39859610915135,8.869999885559082,-26.476172891736173,1.4656157397765712,1.0775767825848241,10.031999969482422,-3.7735813562721154,-11.300001144409178,97.48782535929499,65.23469555082109,True,206.0,True,2024-04-17,2024-04-19,2024-04-22,,1,3,4,,-0.6972461708273148,-7.742929573044588,False,True,True,True,False,True,True,2,44,44,42,,41,1.0178469159409291,3.9446224383805184,0.9570878838965792,3.9446224383805184
full,AAOI,AAOI:2024-07-11,2024-07-11,2024-07-10,9.350000381469728,True,False,2024-07-08,False,False,False,True,2024-07-25,2024-07-24,trail,8.899999618530273,-5.003121316486691,10,11.890000343322754,2024-07-16,27.16577388474675,-4.812842188020527,31.978616072767274,25.147187876000523,True,False,False,False,False,False,False,0,0,0,B,2024-07-24,2024-07-17,2024-07-24,AAOI:2024-04-17,2024-06-21,trail,JF,3.7735865033389437,0.9882426080169057,0.9631962540351336,0.998001,-1.1827056704902001,-3.7498093518268325,-0.20010006671670688,-5.003121316486691,8.960000038146973,-4.362688414509897,-0.6696475375139399,-0.6404329019767943,9.512000274658204,-5.046260421738991,-7.150255001651374,-29.130994849612733,56.96780327548608,True,13.0,True,2024-07-11,2024-07-15,2024-07-24,,1,3,10,,-1.4807658039535543,-4.36268841450993,False,True,True,True,False,True,True,2,9,3,2,,0,1.2193721905713253,26.911569502751153,,
full,AAOI,AAOI:2024-08-20,2024-08-20,2024-08-19,8.59000015258789,True,False,2024-08-15,False,False,True,False,2024-12-06,2024-12-05,signal,37.45000076293945,335.1005535215784,76,44.029998779296875,2024-12-04,412.5727357063207,335.9720616728624,76.60067403345829,14.944352029942298,False,True,False,False,False,True,False,1,1,0,B,2024-12-05,2024-10-30,2024-12-05,AAOI:2024-07-11,2024-07-25,trail,B,-0.11628172602623499,2.3208345373617134,1.8785141924355735,0.998001,84.19268353765607,63.048114119928634,-0.20010006671670688,335.1005535215786,34.47999954223633,300.59456824089176,8.613692749807079,34.505985280686616,35.2239990234375,-2.4250166725639732,-21.68975585243714,313.33194498018867,582.9677809023021,True,18.0,True,,,,,,,,,,,,,False,False,False,False,False,,,0,0,,,,,,
full,AAOI,AAOI:2025-03-13,2025-03-13,2025-03-12,16.90999984741211,False,True,,False,False,False,False,2025-03-28,2025-03-27,trail,17.579999923706055,3.7543327154057726,11,22.280000686645508,2025-03-24,31.7563624345935,3.9621530593714427,27.794209375222056,21.09515537742601,False,False,False,False,False,False,False,0,0,0,JF,2025-03-27,2025-03-25,2025-03-26,AAOI:2024-08-20,2024-12-06,signal,B,-2.2543318314891536,1.4653227843088608,0.7094829492356977,0.998001,38.20755487860649,-34.32188147558076,-0.20010006671670688,3.754332715405795,17.780000686645508,4.934705058489408,-1.1248636401328893,-1.1803723430836355,17.824000549316406,-1.6606859417880315,-10.308328662245502,351.43567594735055,608.6086637363981,True,64.0,True,2025-03-13,,,,1,,,,-6.337812544618526,,False,,True,False,True,False,False,,10,11,11,,,0.8773864770509562,31.492981466086768,,
full,AAOI,AAOI:2025-04-08,2025-04-08,2025-04-07,12.0649995803833,False,True,,False,False,False,False,2025-04-17,2025-04-16,trail,10.4399995803833,-13.641687661864788,7,13.869999885559082,2025-04-09,14.96063297101613,-13.468711616385932,28.429344587402063,24.729634704229287,True,False,False,False,False,False,False,0,0,0,JF,2025-04-16,2025-04-16,2025-04-08,AAOI:2025-03-13,2025-03-28,trail,JF,7.435441426391121,0.9485455067670057,0.9122523670851045,0.998001,-5.282551314382354,-9.183860889218078,-0.20010006671670688,-13.641687661864754,10.43000030517578,-13.724400359779887,0.09587032516729099,0.08271269791509894,11.095999908447267,-5.502184497253282,-11.313715860691298,-10.399509289281871,511.94248308456497,True,7.0,True,2025-04-08,2025-04-09,2025-04-14,,1,2,5,,-11.49099974268577,-6.941470033243824,False,True,True,True,False,True,True,1,6,4,3,,2,1.1517590971104625,14.730826665707063,0.9463633791616799,-5.2870977449020025
full,AAOI,AAOI:2025-05-02,2025-05-02,2025-05-01,15.25,True,False,2025-04-24,False,False,True,False,2025-06-02,2025-05-30,trail,15.3100004196167,0.19275887723202434,20,20.290000915527344,2025-05-13,33.04918633132685,0.39344537453573913,32.655740956791114,24.54411173584322,False,False,False,False,False,False,False,0,0,0,B,2025-05-30,2025-05-09,2025-05-21,AAOI:2025-04-08,2025-04-17,trail,JF,3.6709718589575946,0.9847115537807797,1.0195213510908572,0.998001,-1.5406519496941422,1.9333253521127562,-0.20010006671670688,0.19275887723209095,15.420000076293944,0.9126262042061128,-0.7133570436640424,-0.7198673269740885,16.232000732421877,-7.384824767516052,-7.6798274411664424,-13.475224348605275,513.1220565442645,True,10.0,True,2025-05-02,2025-05-09,,,1,6,,,-2.0977377175690703,,False,,True,True,False,False,False,5,19,5,5,,,1.2805946298934383,32.78322100785056,,
full,AAOI,AAOI:2025-09-16,2025-09-16,2025-09-15,29.700000762939453,True,False,2025-09-10,True,False,False,False,2025-11-05,2025-11-04,trail,30.739999771118164,3.2947802138015847,36,37.220001220703125,2025-10-27,25.31986621073543,3.5016800722660335,21.818186138469397,17.409997950189606,False,False,False,False,False,False,False,1,0,1,B,2025-11-04,2025-11-04,2025-10-10,AAOI:2025-05-02,2025-06-02,trail,B,0.473617386760683,1.0878115522757095,0.9514670059877541,0.998001,8.416792780298014,-4.975026863511393,-0.20010006671670688,3.294780213801607,29.5,-0.8719570918752417,4.2033890546378405,4.166737305676826,29.7760009765625,-6.174336740313569,-18.124246853248614,3.4938900723809896,533.3230807497383,True,73.0,True,2025-09-16,2025-09-17,2025-09-18,2025-09-22,1,2,3,5,-2.7873114717448466,-2.417679430292319,False,False,True,True,False,True,False,1,35,17,6,2,33,1.1574694004331643,25.069351798180218,1.1574694004331643,25.069351798180218
full,AAOI,AAOI:2025-11-24,2025-11-24,2025-11-21,20.809999465942383,False,True,,False,False,False,False,2025-12-15,2025-12-12,signal,33.68000030517578,61.521743619341265,14,36.31999969482422,2025-12-11,74.53147826488646,61.845272318706336,12.686205946180124,7.268720847551801,False,True,False,False,False,True,False,1,1,0,JF,2025-12-12,2025-12-01,2025-12-12,AAOI:2025-09-16,2025-11-05,trail,B,1.1175876729299317,0.9978370538297902,1.62196093738481,0.998001,-0.21652887167550589,48.363587240988586,-0.20010006671670688,61.521743619341265,32.060001373291016,53.75259131029906,5.053022028983367,7.769152309042205,29.055999755859375,-3.7341298519782073,-9.422232070465043,66.84353006909865,922.9544827707059,False,13.0,True,,,,,,,,,,,,,False,False,False,False,False,,,0,0,,,,,,
full,AAOI,AAOI:2026-07-31,2026-07-31,2026-07-30,100.0999984741211,False,True,,False,False,False,False,2026-08-19,2026-08-18,signal,135.85000610351562,35.44300100700386,13,154.88999938964844,2026-08-17,54.73526648423699,35.71429388047094,19.020972603766047,12.292590458493658,False,True,False,False,False,True,False,1,1,0,JF,2026-08-18,2026-08-18,2026-08-18,AAOI:2025-11-24,2025-12-15,signal,JF,11.086447448788395,1.275536584972654,1.0639780581705587,0.998001,24.33669410364076,6.201476868666425,-0.20010006671670688,35.44300100700397,131.41000366210938,31.016300763175742,3.3787400636733134,4.426700243828115,123.91199951171876,-5.6104348089932365,-10.11627468868469,118.76989683687458,1285.5202504003182,False,156.0,True,2026-07-31,2026-08-03,,,1,2,,,-5.962581967700908,,False,,True,True,False,False,False,1,12,1,1,,,1.212631665996302,54.42595068653506,,
