window,scope,group_by,group,events,complete,incomplete,symbols,wins,interference,win_rate_pct,interference_rate_pct,mean_ret20_pct,median_ret20_pct,mean_mfe20_pct,mean_mae20_pct
training,raw,all,all,168,164,4,8,99,53,60.36585365853659,32.31707317073171,-1.6977922957762381,-2.657613153966482,12.547418615998104,-13.248681927082337
training,raw,component,S_BLOWOFF,10,10,0,5,7,3,70.0,30.0,2.789965868935926,-13.368013337909979,39.58699396127515,-22.342129789344774
training,raw,component,S_BEAR_RALLY,25,25,0,7,17,8,68.0,32.0,-3.3782252409167755,-7.073552418239359,15.27167556609601,-13.96069850034122
training,raw,component,S_CROSS,7,7,0,4,4,3,57.14285714285714,42.857142857142854,5.654192036532163,-1.4713587630868608,12.704557505694469,-12.882178836297257
training,raw,component,S_DELAY,133,129,4,8,75,42,58.139534883720934,32.55813953488372,-1.7200152261530457,-2.076713272385322,9.923370730686335,-12.405775780151359
training,raw,regime,bull,85,82,3,8,46,28,56.09756097560976,34.146341463414636,1.2143381018602264,-1.4416658085394995,13.558721171037998,-12.89406667833938
training,raw,regime,bear,83,82,1,8,53,25,64.63414634146342,30.48780487804878,-4.609922693412702,-5.149755428233554,11.536116060958209,-13.603297175825299
training,raw,regime,unknown,0,0,0,0,0,0,,,,,,
training,raw,symbol,AAOI,20,20,0,1,11,7,55.00000000000001,35.0,6.885222880736265,-4.095813743178123,30.045656006918694,-14.620573051174585
training,raw,symbol,MRNA,15,15,0,1,15,0,100.0,0.0,-10.844676017042916,-11.399803326639768,4.926981116052058,-14.201338085848429
training,raw,symbol,NFLX,14,14,0,1,8,3,57.14285714285714,21.428571428571427,-0.904677499373593,-1.1093454258533086,5.621349427271995,-7.782633106875451
training,raw,symbol,NVDA,14,14,0,1,7,7,50.0,50.0,0.01820749417241374,-0.49296365555404065,11.996935227444538,-9.203179329572558
training,raw,symbol,SNOW,30,30,0,1,15,13,50.0,43.333333333333336,2.037324698654652,-0.5376550030673499,11.316955584470554,-9.570679565919061
training,raw,symbol,TQQQ,29,28,1,1,12,13,42.857142857142854,46.42857142857143,0.03782743023899645,1.4240830014487504,12.223618857572543,-16.572178957581603
training,raw,symbol,TSLA,17,14,3,1,8,4,57.14285714285714,28.57142857142857,-3.5467762917018506,-1.355304969004567,9.276812421229797,-13.05553588267763
training,raw,symbol,YINN,29,29,0,1,23,6,79.3103448275862,20.689655172413794,-8.744334990209438,-7.713395262665945,11.195084880521986,-17.090759636988615
training,raw,component_set,S_BEAR_RALLY,25,25,0,7,17,8,68.0,32.0,-3.3782252409167755,-7.073552418239359,15.27167556609601,-13.96069850034122
training,raw,component_set,S_BLOWOFF,10,10,0,5,7,3,70.0,30.0,2.789965868935926,-13.368013337909979,39.58699396127515,-22.342129789344774
training,raw,component_set,S_CROSS+S_DELAY,7,7,0,4,4,3,57.14285714285714,42.857142857142854,5.654192036532163,-1.4713587630868608,12.704557505694469,-12.882178836297257
training,raw,component_set,S_DELAY,126,122,4,8,71,39,58.19672131147541,31.967213114754102,-2.1431254789300658,-2.0901740284717363,9.763794440317016,-12.378441178569217
training,emitted,all,all,35,35,0,8,20,13,57.14285714285714,37.142857142857146,1.139174300999996,-2.076713272385322,18.15913965328397,-13.96739701934263
training,emitted,component,S_BLOWOFF,5,5,0,4,3,2,60.0,40.0,14.864369386239911,-11.061723776954224,51.148708988896,-16.885145118994384
training,emitted,component,S_BEAR_RALLY,16,16,0,7,10,6,62.5,37.5,-2.712753782788213,-7.738472572665761,16.131128156030854,-14.346860012750291
training,emitted,component,S_CROSS,4,4,0,3,2,2,50.0,50.0,5.569644473354726,5.278440311780314,10.317023209403255,-15.453636474095333
training,emitted,component,S_DELAY,14,14,0,6,7,5,50.0,35.714285714285715,0.6395224377436951,-0.13130648459689365,8.69487803028323,-12.49167213414397
training,emitted,regime,bull,17,17,0,7,8,7,47.05882352941176,41.17647058823529,6.701660041905431,0.42604554288405705,22.088000938936556,-13.01540807447001
training,emitted,regime,bear,18,18,0,8,12,6,66.66666666666666,33.33333333333333,-4.114284454299582,-8.5495222771577,14.448548439056525,-14.866497689500111
training,emitted,regime,unknown,0,0,0,0,0,0,,,,,,
training,emitted,symbol,AAOI,5,5,0,1,1,4,20.0,80.0,32.18804568197316,28.820964926856508,65.8310408986546,-9.829513227372074
training,emitted,symbol,MRNA,2,2,0,1,2,0,100.0,0.0,-15.915818232639571,-15.915818232639571,3.420892411736165,-18.02581591110067
training,emitted,symbol,NFLX,3,3,0,1,3,0,100.0,0.0,-6.181939948210736,-7.073552418239359,3.549594742976122,-10.21026786190649
training,emitted,symbol,NVDA,6,6,0,1,2,4,33.33333333333333,66.66666666666666,3.16535890885241,4.793456282085385,11.901049888439104,-10.021387563075878
training,emitted,symbol,SNOW,5,5,0,1,2,3,40.0,60.0,-3.1310170505467854,4.860777505132252,14.306593879413208,-15.926729141633604
training,emitted,symbol,TQQQ,5,5,0,1,3,1,60.0,20.0,-7.066242342506063,-0.6886585120778443,9.001014413947196,-18.84418771829403
training,emitted,symbol,TSLA,4,4,0,1,3,0,75.0,0.0,-8.425971205421458,-9.329770283205047,8.71315985503595,-16.298936115368626
training,emitted,symbol,YINN,5,5,0,1,4,1,80.0,20.0,-0.998728646223792,-9.365705456226825,13.225426820336946,-14.77004799852861
training,emitted,component_set,S_BEAR_RALLY,16,16,0,7,10,6,62.5,37.5,-2.712753782788213,-7.738472572665761,16.131128156030854,-14.346860012750291
training,emitted,component_set,S_BLOWOFF,5,5,0,4,3,2,60.0,40.0,14.864369386239911,-11.061723776954224,51.148708988896,-16.885145118994384
training,emitted,component_set,S_CROSS+S_DELAY,4,4,0,3,2,2,50.0,50.0,5.569644473354726,5.278440311780314,10.317023209403255,-15.453636474095333
training,emitted,component_set,S_DELAY,10,10,0,6,5,3,50.0,30.0,-1.3325263765007171,-0.13130648459689365,8.04601995863522,-11.306886398163426
training,suppressed,all,all,133,129,4,8,79,40,61.240310077519375,31.007751937984494,-2.4675119150566114,-2.677141462053567,11.024858644641473,-13.053681708252025
training,suppressed,component,S_BLOWOFF,5,5,0,2,4,1,80.0,20.0,-9.284437648368058,-19.301557571998362,28.025278933654278,-27.79911445969517
training,suppressed,component,S_BEAR_RALLY,9,9,0,5,7,2,77.77777777777779,22.22222222222222,-4.561285610923109,-5.191152683148181,13.743759850656284,-13.274189144947321
training,suppressed,component,S_CROSS,3,3,0,3,2,1,66.66666666666666,33.33333333333333,5.766922120768743,-1.4713587630868608,15.887936567416086,-9.453568652566487
training,suppressed,component,S_DELAY,119,115,4,8,68,37,59.130434782608695,32.17391304347826,-2.007263289583953,-2.424616400170765,10.072926363778889,-12.395318832708778
training,suppressed,regime,bull,68,65,3,8,38,21,58.46153846153847,32.30769230769231,-0.22080763630544262,-2.1036347845581505,11.327986462510681,-12.862331236274443
training,suppressed,regime,bear,65,64,1,8,41,19,64.0625,29.6875,-4.749320948163268,-4.8040607900408645,10.716994454618057,-13.24802203135426
training,suppressed,regime,unknown,0,0,0,0,0,0,,,,,,
training,suppressed,symbol,AAOI,15,15,0,1,10,3,66.66666666666666,20.0,-1.5490513863426991,-4.651166290622744,18.117194376340063,-16.217592992442086
training,suppressed,symbol,MRNA,13,13,0,1,13,0,100.0,0.0,-10.064500291566503,-10.92647103702321,5.158687070562195,-13.612956881963472
training,suppressed,symbol,NFLX,11,11,0,1,5,3,45.45454545454545,27.27272727272727,0.5345758957638093,0.14316786359334088,6.18637343207996,-7.120550900957896
training,suppressed,symbol,NVDA,8,8,0,1,5,3,62.5,37.5,-2.342156066837583,-2.56948457107542,12.06884923169861,-8.589523154445066
training,suppressed,symbol,SNOW,25,25,0,1,13,10,52.0,40.0,3.0709930484949397,-1.1363540337736788,10.719027925482024,-8.299469650776153
training,suppressed,symbol,TQQQ,24,23,1,1,9,12,39.130434782608695,52.17391304347826,1.5821904243140092,3.2890799352078837,12.924185040969359,-16.07826400960064
training,suppressed,symbol,TSLA,13,10,3,1,5,4,50.0,40.0,-1.595098326214007,0.4104265293483733,9.502273447707339,-11.75817578960123
training,suppressed,symbol,YINN,24,24,0,1,19,5,79.16666666666666,20.833333333333336,-10.35800297853978,-6.48593183481998,10.77209697639387,-17.574241228334447
training,suppressed,component_set,S_BEAR_RALLY,9,9,0,5,7,2,77.77777777777779,22.22222222222222,-4.561285610923109,-5.191152683148181,13.743759850656284,-13.274189144947321
training,suppressed,component_set,S_BLOWOFF,5,5,0,2,4,1,80.0,20.0,-9.284437648368058,-19.301557571998362,28.025278933654278,-27.79911445969517
training,suppressed,component_set,S_CROSS+S_DELAY,3,3,0,3,2,1,66.66666666666666,33.33333333333333,5.766922120768743,-1.4713587630868608,15.887936567416086,-9.453568652566487
training,suppressed,component_set,S_DELAY,116,112,4,8,66,36,58.92857142857143,32.142857142857146,-2.2155003987898287,-2.4408846832835787,9.917167161895748,-12.47411571253402
training,executed,all,all,16,16,0,6,10,6,62.5,37.5,0.650717819881879,-4.439572753354703,21.359132567621717,-17.219455676474517
training,executed,component,S_BLOWOFF,3,3,0,3,2,1,66.66666666666666,33.33333333333333,15.404637105013066,-11.061723776954224,55.76699581593362,-21.41564839356033
training,executed,component,S_BEAR_RALLY,9,9,0,5,5,4,55.55555555555556,44.44444444444444,-4.005761782266063,-0.8936042517521114,16.103252899410823,-17.419010887564017
training,executed,component,S_CROSS,2,2,0,2,1,1,50.0,50.0,5.860848634929138,5.860848634929138,10.532302485708378,-17.42297127681422
training,executed,component,S_DELAY,4,4,0,3,3,1,75.0,25.0,0.06235746086635796,-4.439572753354703,7.3789643848622966,-13.623311913708797
training,executed,regime,bull,7,7,0,5,5,2,71.42857142857143,28.57142857142857,6.637620165500662,-6.802432234324085,28.116692141035717,-16.962884690788023
training,executed,regime,bear,9,9,0,5,5,4,55.55555555555556,44.44444444444444,-4.005761782266063,-0.8936042517521114,16.103252899410823,-17.419010887564017
training,executed,regime,unknown,0,0,0,0,0,0,,,,,,
training,executed,symbol,AAOI,2,2,0,1,0,2,0.0,100.0,50.88545145885783,50.88545145885783,89.06993857253754,-15.250635551771852
training,executed,symbol,MRNA,0,0,0,0,0,0,,,,,,
training,executed,symbol,NFLX,2,2,0,1,2,0,100.0,0.0,-5.736133713196423,-5.736133713196423,4.225626284016215,-9.823652550603374
training,executed,symbol,NVDA,0,0,0,0,0,0,,,,,,
training,executed,symbol,SNOW,4,4,0,1,2,2,50.0,50.0,-7.742675474605045,-3.100473135910986,13.651513760642652,-18.995621540466008
training,executed,symbol,TQQQ,3,3,0,1,2,1,66.66666666666666,33.33333333333333,-12.866262391083339,-6.802432234324085,9.66739379695718,-23.42435815708701
training,executed,symbol,TSLA,2,2,0,1,2,0,100.0,0.0,-12.965225369091833,-12.965225369091833,12.293093468153671,-19.25438699689339
training,executed,symbol,YINN,3,3,0,1,2,1,66.66666666666666,33.33333333333333,5.204263145547035,-0.8936042517521114,15.653522666363486,-13.532793330643337
training,executed,component_set,S_BEAR_RALLY,9,9,0,5,5,4,55.55555555555556,44.44444444444444,-4.005761782266063,-0.8936042517521114,16.103252899410823,-17.419010887564017
training,executed,component_set,S_BLOWOFF,3,3,0,3,2,1,66.66666666666666,33.33333333333333,15.404637105013066,-11.061723776954224,55.76699581593362,-21.41564839356033
training,executed,component_set,S_CROSS+S_DELAY,2,2,0,2,1,1,50.0,50.0,5.860848634929138,5.860848634929138,10.532302485708378,-17.42297127681422
training,executed,component_set,S_DELAY,2,2,0,1,2,0,100.0,0.0,-5.736133713196423,-5.736133713196423,4.225626284016215,-9.823652550603374
training,ignored_flat,all,all,19,19,0,8,10,7,52.63157894736842,36.84210526315789,1.550506074573148,-0.6886585120778443,15.464408778052183,-11.228821308073677
training,ignored_flat,component,S_BLOWOFF,2,2,0,2,1,1,50.0,50.0,14.053967808080177,14.053967808080177,44.22127874833957,-10.089390207145465
training,ignored_flat,component,S_BEAR_RALLY,7,7,0,5,5,2,71.42857142857143,28.57142857142857,-1.050314926316691,-8.403392727092163,16.166967771685183,-10.396951745132645
training,ignored_flat,component,S_CROSS,2,2,0,1,1,1,50.0,50.0,5.278440311780314,5.278440311780314,10.101743933098128,-13.484301671376446
training,ignored_flat,component,S_DELAY,10,10,0,5,4,4,40.0,40.0,0.8703884284946304,0.5280020932370233,9.221243488451602,-12.039016222318043
training,ignored_flat,regime,bull,10,10,0,6,3,5,30.0,50.0,6.74648795538877,2.293096308193765,17.867917097467146,-10.252174443047398
training,ignored_flat,regime,bear,9,9,0,6,7,2,77.77777777777779,22.22222222222222,-4.222807126333098,-8.695651827223239,12.79384397870222,-12.31398449143621
training,ignored_flat,regime,unknown,0,0,0,0,0,0,,,,,,
training,ignored_flat,symbol,AAOI,3,3,0,1,1,2,33.33333333333333,66.66666666666666,19.72310849738338,21.390373002041162,50.33844244939931,-6.21543167777222
training,ignored_flat,symbol,MRNA,2,2,0,1,2,0,100.0,0.0,-15.915818232639571,-15.915818232639571,3.420892411736165,-18.02581591110067
training,ignored_flat,symbol,NFLX,1,1,0,1,1,0,100.0,0.0,-7.073552418239359,-7.073552418239359,2.197531660895935,-10.983498484512722
training,ignored_flat,symbol,NVDA,6,6,0,1,2,4,33.33333333333333,66.66666666666666,3.16535890885241,4.793456282085385,11.901049888439104,-10.021387563075878
training,ignored_flat,symbol,SNOW,1,1,0,1,0,1,0.0,100.0,15.315616645686259,15.315616645686259,16.926914354495427,-3.6511595463039836
training,ignored_flat,symbol,TQQQ,2,2,0,1,1,0,50.0,0.0,1.633787730359848,1.633787730359848,8.001445339432223,-11.973932060104563
training,ignored_flat,symbol,TSLA,2,2,0,1,1,0,50.0,0.0,-3.8867170417510866,-3.8867170417510866,5.133226241918232,-13.343485233843856
training,ignored_flat,symbol,YINN,2,2,0,1,2,0,100.0,0.0,-10.303216333880034,-10.303216333880034,9.583283051297142,-16.625930000356526
training,ignored_flat,component_set,S_BEAR_RALLY,7,7,0,5,5,2,71.42857142857143,28.57142857142857,-1.050314926316691,-8.403392727092163,16.166967771685183,-10.396951745132645
training,ignored_flat,component_set,S_BLOWOFF,2,2,0,2,1,1,50.0,50.0,14.053967808080177,14.053967808080177,44.22127874833957,-10.089390207145465
training,ignored_flat,component_set,S_CROSS+S_DELAY,2,2,0,1,1,1,50.0,50.0,5.278440311780314,5.278440311780314,10.101743933098128,-13.484301671376446
training,ignored_flat,component_set,S_DELAY,8,8,0,5,3,3,37.5,37.5,-0.23162454232679064,0.5280020932370233,9.001118377289972,-11.677694860053439
training,suppressed_held,all,all,3,3,0,1,3,0,100.0,0.0,-23.448966575192355,-21.785963544723185,9.380669302335344,-27.284229582411417
training,suppressed_held,component,S_BLOWOFF,1,1,0,1,1,0,100.0,0.0,-33.75019837392561,-33.75019837392561,8.437552612871446,-35.12743275274891
training,suppressed_held,component,S_BEAR_RALLY,1,1,0,1,1,0,100.0,0.0,-14.810737806928264,-14.810737806928264,15.517520287335929,-17.920527996775213
training,suppressed_held,component,S_CROSS,0,0,0,0,0,0,,,,,,
training,suppressed_held,component,S_DELAY,1,1,0,1,1,0,100.0,0.0,-21.785963544723185,-21.785963544723185,4.186935006798653,-28.804727997710124
training,suppressed_held,regime,bull,1,1,0,1,1,0,100.0,0.0,-33.75019837392561,-33.75019837392561,8.437552612871446,-35.12743275274891
training,suppressed_held,regime,bear,2,2,0,1,2,0,100.0,0.0,-18.298350675825723,-18.298350675825723,9.852227647067291,-23.36262799724267
training,suppressed_held,regime,unknown,0,0,0,0,0,0,,,,,,
training,suppressed_held,symbol,AAOI,0,0,0,0,0,0,,,,,,
training,suppressed_held,symbol,MRNA,0,0,0,0,0,0,,,,,,
training,suppressed_held,symbol,NFLX,0,0,0,0,0,0,,,,,,
training,suppressed_held,symbol,NVDA,0,0,0,0,0,0,,,,,,
training,suppressed_held,symbol,SNOW,0,0,0,0,0,0,,,,,,
training,suppressed_held,symbol,TQQQ,0,0,0,0,0,0,,,,,,
training,suppressed_held,symbol,TSLA,0,0,0,0,0,0,,,,,,
training,suppressed_held,symbol,YINN,3,3,0,1,3,0,100.0,0.0,-23.448966575192355,-21.785963544723185,9.380669302335344,-27.284229582411417
training,suppressed_held,component_set,S_BEAR_RALLY,1,1,0,1,1,0,100.0,0.0,-14.810737806928264,-14.810737806928264,15.517520287335929,-17.920527996775213
training,suppressed_held,component_set,S_BLOWOFF,1,1,0,1,1,0,100.0,0.0,-33.75019837392561,-33.75019837392561,8.437552612871446,-35.12743275274891
training,suppressed_held,component_set,S_DELAY,1,1,0,1,1,0,100.0,0.0,-21.785963544723185,-21.785963544723185,4.186935006798653,-28.804727997710124
training,suppressed_flat,all,all,130,126,4,8,76,40,60.317460317460316,31.746031746031743,-1.9679534707676658,-2.547618906137894,11.064006009934477,-12.71485913981966
training,suppressed_flat,component,S_BLOWOFF,4,4,0,1,3,1,75.0,25.0,-3.1679974669786706,-12.099759934855214,32.92221051384999,-25.967034886431733
training,suppressed_flat,component,S_BEAR_RALLY,8,8,0,5,6,2,75.0,25.0,-3.2801040864224644,-5.149755428233554,13.52203979607133,-12.693396788468835
training,suppressed_flat,component,S_CROSS,3,3,0,3,2,1,66.66666666666666,33.33333333333333,5.766922120768743,-1.4713587630868608,15.887936567416086,-9.453568652566487
training,suppressed_flat,component,S_DELAY,118,114,4,8,67,37,58.77192982456141,32.45614035087719,-1.833765918924837,-2.264125592364458,10.124557866910292,-12.251376647050874
training,suppressed_flat,regime,bull,67,64,3,8,37,21,57.8125,32.8125,0.3030890939698727,-1.7874967738225056,11.373149491411294,-12.514439025079529
training,suppressed_flat,regime,bear,63,62,1,8,39,19,62.903225806451616,30.64516129032258,-4.312255473077382,-4.556987876008728,10.744890158087438,-12.921744419551409
training,suppressed_flat,regime,unknown,0,0,0,0,0,0,,,,,,
training,suppressed_flat,symbol,AAOI,15,15,0,1,10,3,66.66666666666666,20.0,-1.5490513863426991,-4.651166290622744,18.117194376340063,-16.217592992442086
training,suppressed_flat,symbol,MRNA,13,13,0,1,13,0,100.0,0.0,-10.064500291566503,-10.92647103702321,5.158687070562195,-13.612956881963472
training,suppressed_flat,symbol,NFLX,11,11,0,1,5,3,45.45454545454545,27.27272727272727,0.5345758957638093,0.14316786359334088,6.18637343207996,-7.120550900957896
training,suppressed_flat,symbol,NVDA,8,8,0,1,5,3,62.5,37.5,-2.342156066837583,-2.56948457107542,12.06884923169861,-8.589523154445066
training,suppressed_flat,symbol,SNOW,25,25,0,1,13,10,52.0,40.0,3.0709930484949397,-1.1363540337736788,10.719027925482024,-8.299469650776153
training,suppressed_flat,symbol,TQQQ,24,23,1,1,9,12,39.130434782608695,52.17391304347826,1.5821904243140092,3.2890799352078837,12.924185040969359,-16.07826400960064
training,suppressed_flat,symbol,TSLA,13,10,3,1,5,4,50.0,40.0,-1.595098326214007,0.4104265293483733,9.502273447707339,-11.75817578960123
training,suppressed_flat,symbol,YINN,21,21,0,1,16,5,76.19047619047619,23.809523809523807,-8.487865321875129,-5.108358173318928,10.97087235840223,-16.18710003489488
training,suppressed_flat,component_set,S_BEAR_RALLY,8,8,0,5,6,2,75.0,25.0,-3.2801040864224644,-5.149755428233554,13.52203979607133,-12.693396788468835
training,suppressed_flat,component_set,S_BLOWOFF,4,4,0,1,3,1,75.0,25.0,-3.1679974669786706,-12.099759934855214,32.92221051384999,-25.967034886431733
training,suppressed_flat,component_set,S_CROSS+S_DELAY,3,3,0,3,2,1,66.66666666666666,33.33333333333333,5.766922120768743,-1.4713587630868608,15.887936567416086,-9.453568652566487
training,suppressed_flat,component_set,S_DELAY,115,111,4,8,65,36,58.55855855855856,32.432432432432435,-2.039189919997636,-2.424616400170765,9.96879087500473,-12.326993079334237
training,pending_at_cutoff,all,all,0,0,0,0,0,0,,,,,,
training,pending_at_cutoff,component,S_BLOWOFF,0,0,0,0,0,0,,,,,,
training,pending_at_cutoff,component,S_BEAR_RALLY,0,0,0,0,0,0,,,,,,
training,pending_at_cutoff,component,S_CROSS,0,0,0,0,0,0,,,,,,
training,pending_at_cutoff,component,S_DELAY,0,0,0,0,0,0,,,,,,
training,pending_at_cutoff,regime,bull,0,0,0,0,0,0,,,,,,
training,pending_at_cutoff,regime,bear,0,0,0,0,0,0,,,,,,
training,pending_at_cutoff,regime,unknown,0,0,0,0,0,0,,,,,,
training,pending_at_cutoff,symbol,AAOI,0,0,0,0,0,0,,,,,,
training,pending_at_cutoff,symbol,MRNA,0,0,0,0,0,0,,,,,,
training,pending_at_cutoff,symbol,NFLX,0,0,0,0,0,0,,,,,,
training,pending_at_cutoff,symbol,NVDA,0,0,0,0,0,0,,,,,,
training,pending_at_cutoff,symbol,SNOW,0,0,0,0,0,0,,,,,,
training,pending_at_cutoff,symbol,TQQQ,0,0,0,0,0,0,,,,,,
training,pending_at_cutoff,symbol,TSLA,0,0,0,0,0,0,,,,,,
training,pending_at_cutoff,symbol,YINN,0,0,0,0,0,0,,,,,,
validation,raw,all,all,39,31,8,6,16,13,51.61290322580645,41.935483870967744,-0.7192582751705425,-1.1432786404057094,11.210651334088277,-16.68726759129957
validation,raw,component,S_BLOWOFF,4,4,0,3,3,1,75.0,25.0,-2.5645871231778803,-3.849501349345319,13.046149271686723,-15.038002688754647
validation,raw,component,S_BEAR_RALLY,0,0,0,0,0,0,,,,,,
validation,raw,component,S_CROSS,2,0,2,0,0,0,,,,,,
validation,raw,component,S_DELAY,35,27,8,6,13,12,48.148148148148145,44.44444444444444,-0.44587622361389984,0.9125994332887855,10.938725713703322,-16.931603132417333
validation,raw,regime,bull,32,31,1,6,16,13,51.61290322580645,41.935483870967744,-0.7192582751705425,-1.1432786404057094,11.210651334088277,-16.68726759129957
validation,raw,regime,bear,7,0,7,0,0,0,,,,,,
validation,raw,regime,unknown,0,0,0,0,0,0,,,,,,
validation,raw,symbol,AAOI,6,4,2,1,3,1,75.0,25.0,-5.204074945531492,-7.048857459694723,6.7787827863129975,-21.092361397552885
validation,raw,symbol,MRNA,5,0,5,0,0,0,,,,,,
validation,raw,symbol,NFLX,3,3,0,1,0,3,0.0,100.0,12.175583436511964,11.939106312861325,13.444002052847074,-7.162240323516717
validation,raw,symbol,SNOW,6,6,0,1,1,4,16.666666666666664,66.66666666666666,9.103873071508401,11.442833689164623,14.41582363749611,-5.420908534806706
validation,raw,symbol,TQQQ,5,4,1,1,2,2,50.0,50.0,0.23063408277106123,-0.11533960355846196,7.475520394738855,-11.345704243337634
validation,raw,symbol,TSLA,6,6,0,1,5,1,83.33333333333334,16.666666666666664,-9.751574517710162,-7.3333594361650825,8.82315025233749,-14.844508388617768
validation,raw,symbol,YINN,8,8,0,1,5,2,62.5,25.0,-4.380473088946303,-9.08617374820348,13.843391141873294,-30.559226281953443
validation,raw,component_set,S_BLOWOFF,4,4,0,3,3,1,75.0,25.0,-2.5645871231778803,-3.849501349345319,13.046149271686723,-15.038002688754647
validation,raw,component_set,S_CROSS+S_DELAY,2,0,2,0,0,0,,,,,,
validation,raw,component_set,S_DELAY,33,27,6,6,13,12,48.148148148148145,44.44444444444444,-0.44587622361389984,0.9125994332887855,10.938725713703322,-16.931603132417333
validation,emitted,all,all,12,10,2,6,5,4,50.0,40.0,-0.8472006876520186,-0.3057533566658055,10.5368236561588,-13.035212441245127
validation,emitted,component,S_BLOWOFF,4,4,0,3,3,1,75.0,25.0,-2.5645871231778803,-3.849501349345319,13.046149271686723,-15.038002688754647
validation,emitted,component,S_BEAR_RALLY,0,0,0,0,0,0,,,,,,
validation,emitted,component,S_CROSS,2,0,2,0,0,0,,,,,,
validation,emitted,component,S_DELAY,8,6,2,5,2,3,33.33333333333333,50.0,0.2977236026985561,1.8199609022215402,8.863939912473517,-11.70001894290545
validation,emitted,regime,bull,11,10,1,6,5,4,50.0,40.0,-0.8472006876520186,-0.3057533566658055,10.5368236561588,-13.035212441245127
validation,emitted,regime,bear,1,0,1,0,0,0,,,,,,
validation,emitted,regime,unknown,0,0,0,0,0,0,,,,,,
validation,emitted,symbol,AAOI,2,2,0,1,2,0,100.0,0.0,-9.643255544310064,-9.643255544310064,5.2722374125621965,-22.029492238608512
validation,emitted,symbol,MRNA,1,0,1,0,0,0,,,,,,
validation,emitted,symbol,NFLX,1,1,0,1,0,1,0.0,100.0,9.607776373232003,9.607776373232003,11.853814748368286,-7.793944765758731
validation,emitted,symbol,SNOW,2,2,0,1,1,0,50.0,0.0,-0.7870227178116083,-0.7870227178116083,8.3847770926618,-8.86152424076489
validation,emitted,symbol,TQQQ,2,1,1,1,0,1,0.0,100.0,2.7067139615314817,2.7067139615314817,10.392343179811792,-8.939678490609237
validation,emitted,symbol,TSLA,2,2,0,1,1,1,50.0,50.0,-2.610540149767915,-2.610540149767915,8.426787069213615,-12.736678627821846
validation,emitted,symbol,YINN,2,2,0,1,1,1,50.0,50.0,2.6475698062477515,2.6475698062477515,19.47723774226635,-13.181555470846401
validation,emitted,component_set,S_BLOWOFF,4,4,0,3,3,1,75.0,25.0,-2.5645871231778803,-3.849501349345319,13.046149271686723,-15.038002688754647
validation,emitted,component_set,S_CROSS+S_DELAY,2,0,2,0,0,0,,,,,,
validation,emitted,component_set,S_DELAY,6,6,0,5,2,3,33.33333333333333,50.0,0.2977236026985561,1.8199609022215402,8.863939912473517,-11.70001894290545
validation,suppressed,all,all,27,21,6,6,11,9,52.38095238095239,42.857142857142854,-0.6583333168460296,-1.1432786404057094,11.531521656911838,-18.426341472277873
validation,suppressed,component,S_BLOWOFF,0,0,0,0,0,0,,,,,,
validation,suppressed,component,S_BEAR_RALLY,0,0,0,0,0,0,,,,,,
validation,suppressed,component,S_CROSS,0,0,0,0,0,0,,,,,,
validation,suppressed,component,S_DELAY,27,21,6,6,11,9,52.38095238095239,42.857142857142854,-0.6583333168460296,-1.1432786404057094,11.531521656911838,-18.426341472277873
validation,suppressed,regime,bull,21,21,0,6,11,9,52.38095238095239,42.857142857142854,-0.6583333168460296,-1.1432786404057094,11.531521656911838,-18.426341472277873
validation,suppressed,regime,bear,6,0,6,0,0,0,,,,,,
validation,suppressed,regime,unknown,0,0,0,0,0,0,,,,,,
validation,suppressed,symbol,AAOI,4,2,2,1,1,1,50.0,50.0,-0.7648943467529201,-0.7648943467529201,8.285328160063798,-20.15523055649726
validation,suppressed,symbol,MRNA,4,0,4,0,0,0,,,,,,
validation,suppressed,symbol,NFLX,2,2,0,1,0,2,0.0,100.0,13.459486968151946,13.459486968151946,14.239095705086468,-6.846388102395712
validation,suppressed,symbol,SNOW,4,4,0,1,0,4,0.0,100.0,14.049320966168404,15.282124947523869,17.431346909913263,-3.7006006818276145
validation,suppressed,symbol,TQQQ,3,3,0,1,2,1,66.66666666666666,33.33333333333333,-0.5947258768157456,-1.1432786404057094,6.503246133047877,-12.147712827580433
validation,suppressed,symbol,TSLA,4,4,0,1,4,0,100.0,0.0,-13.322091701681284,-13.190064435710703,9.021331843899427,-15.89842326901573
validation,suppressed,symbol,YINN,6,6,0,1,4,1,66.66666666666666,16.666666666666664,-6.723154054010987,-19.92436091839625,11.965442275075608,-36.35178321898912
validation,suppressed,component_set,S_DELAY,27,21,6,6,11,9,52.38095238095239,42.857142857142854,-0.6583333168460296,-1.1432786404057094,11.531521656911838,-18.426341472277873
validation,executed,all,all,4,3,1,3,1,2,33.33333333333333,66.66666666666666,3.43111413317443,6.839854168738713,13.809007874844136,-11.654865112732182
validation,executed,component,S_BLOWOFF,2,2,0,2,1,1,50.0,50.0,0.3427830131456422,0.3427830131456422,14.786604438082062,-13.585325286218907
validation,executed,component,S_BEAR_RALLY,0,0,0,0,0,0,,,,,,
validation,executed,component,S_CROSS,1,0,1,0,0,0,,,,,,
validation,executed,component,S_DELAY,2,1,1,1,0,1,0.0,100.0,9.607776373232003,9.607776373232003,11.853814748368286,-7.793944765758731
validation,executed,regime,bull,3,3,0,3,1,2,33.33333333333333,66.66666666666666,3.43111413317443,6.839854168738713,13.809007874844136,-11.654865112732182
validation,executed,regime,bear,1,0,1,0,0,0,,,,,,
validation,executed,regime,unknown,0,0,0,0,0,0,,,,,,
validation,executed,symbol,AAOI,0,0,0,0,0,0,,,,,,
validation,executed,symbol,MRNA,1,0,1,0,0,0,,,,,,
validation,executed,symbol,NFLX,1,1,0,1,0,1,0.0,100.0,9.607776373232003,9.607776373232003,11.853814748368286,-7.793944765758731
validation,executed,symbol,SNOW,0,0,0,0,0,0,,,,,,
validation,executed,symbol,TQQQ,0,0,0,0,0,0,,,,,,
validation,executed,symbol,TSLA,1,1,0,1,1,0,100.0,0.0,-6.154288142447428,-6.154288142447428,2.9764498415771223,-17.447108853231175
validation,executed,symbol,YINN,1,1,0,1,0,1,0.0,100.0,6.839854168738713,6.839854168738713,26.596759034587002,-9.72354171920664
validation,executed,component_set,S_BLOWOFF,2,2,0,2,1,1,50.0,50.0,0.3427830131456422,0.3427830131456422,14.786604438082062,-13.585325286218907
validation,executed,component_set,S_CROSS+S_DELAY,1,0,1,0,0,0,,,,,,
validation,executed,component_set,S_DELAY,1,1,0,1,0,1,0.0,100.0,9.607776373232003,9.607776373232003,11.853814748368286,-7.793944765758731
validation,ignored_flat,all,all,8,7,1,5,4,2,57.14285714285714,28.57142857142857,-2.6807641822919246,-1.5447145562432096,9.134458991007941,-13.626789867750672
validation,ignored_flat,component,S_BLOWOFF,2,2,0,2,2,0,100.0,0.0,-5.471957259501403,-5.471957259501403,11.305694105291385,-16.490680091290386
validation,ignored_flat,component,S_BEAR_RALLY,0,0,0,0,0,0,,,,,,
validation,ignored_flat,component,S_CROSS,1,0,1,0,0,0,,,,,,
validation,ignored_flat,component,S_DELAY,6,5,1,4,2,2,40.0,40.0,-1.5642869514081335,0.9332078429115986,8.265964945294563,-12.48123377833479
validation,ignored_flat,regime,bull,8,7,1,5,4,2,57.14285714285714,28.57142857142857,-2.6807641822919246,-1.5447145562432096,9.134458991007941,-13.626789867750672
validation,ignored_flat,regime,bear,0,0,0,0,0,0,,,,,,
validation,ignored_flat,regime,unknown,0,0,0,0,0,0,,,,,,
validation,ignored_flat,symbol,AAOI,2,2,0,1,2,0,100.0,0.0,-9.643255544310064,-9.643255544310064,5.2722374125621965,-22.029492238608512
validation,ignored_flat,symbol,MRNA,0,0,0,0,0,0,,,,,,
validation,ignored_flat,symbol,NFLX,0,0,0,0,0,0,,,,,,
validation,ignored_flat,symbol,SNOW,2,2,0,1,1,0,50.0,0.0,-0.7870227178116083,-0.7870227178116083,8.3847770926618,-8.86152424076489
validation,ignored_flat,symbol,TQQQ,2,1,1,1,0,1,0.0,100.0,2.7067139615314817,2.7067139615314817,10.392343179811792,-8.939678490609237
validation,ignored_flat,symbol,TSLA,1,1,0,1,0,1,0.0,100.0,0.9332078429115986,0.9332078429115986,13.877124296850107,-8.026248402412516
validation,ignored_flat,symbol,YINN,1,1,0,1,1,0,100.0,0.0,-1.5447145562432096,-1.5447145562432096,12.357716449945698,-16.639569222486163
validation,ignored_flat,component_set,S_BLOWOFF,2,2,0,2,2,0,100.0,0.0,-5.471957259501403,-5.471957259501403,11.305694105291385,-16.490680091290386
validation,ignored_flat,component_set,S_CROSS+S_DELAY,1,0,1,0,0,0,,,,,,
validation,ignored_flat,component_set,S_DELAY,5,5,0,4,2,2,40.0,40.0,-1.5642869514081335,0.9332078429115986,8.265964945294563,-12.48123377833479
validation,suppressed_held,all,all,0,0,0,0,0,0,,,,,,
validation,suppressed_held,component,S_BLOWOFF,0,0,0,0,0,0,,,,,,
validation,suppressed_held,component,S_BEAR_RALLY,0,0,0,0,0,0,,,,,,
validation,suppressed_held,component,S_CROSS,0,0,0,0,0,0,,,,,,
validation,suppressed_held,component,S_DELAY,0,0,0,0,0,0,,,,,,
validation,suppressed_held,regime,bull,0,0,0,0,0,0,,,,,,
validation,suppressed_held,regime,bear,0,0,0,0,0,0,,,,,,
validation,suppressed_held,regime,unknown,0,0,0,0,0,0,,,,,,
validation,suppressed_held,symbol,AAOI,0,0,0,0,0,0,,,,,,
validation,suppressed_held,symbol,MRNA,0,0,0,0,0,0,,,,,,
validation,suppressed_held,symbol,NFLX,0,0,0,0,0,0,,,,,,
validation,suppressed_held,symbol,SNOW,0,0,0,0,0,0,,,,,,
validation,suppressed_held,symbol,TQQQ,0,0,0,0,0,0,,,,,,
validation,suppressed_held,symbol,TSLA,0,0,0,0,0,0,,,,,,
validation,suppressed_held,symbol,YINN,0,0,0,0,0,0,,,,,,
validation,suppressed_flat,all,all,27,21,6,6,11,9,52.38095238095239,42.857142857142854,-0.6583333168460296,-1.1432786404057094,11.531521656911838,-18.426341472277873
validation,suppressed_flat,component,S_BLOWOFF,0,0,0,0,0,0,,,,,,
validation,suppressed_flat,component,S_BEAR_RALLY,0,0,0,0,0,0,,,,,,
validation,suppressed_flat,component,S_CROSS,0,0,0,0,0,0,,,,,,
validation,suppressed_flat,component,S_DELAY,27,21,6,6,11,9,52.38095238095239,42.857142857142854,-0.6583333168460296,-1.1432786404057094,11.531521656911838,-18.426341472277873
validation,suppressed_flat,regime,bull,21,21,0,6,11,9,52.38095238095239,42.857142857142854,-0.6583333168460296,-1.1432786404057094,11.531521656911838,-18.426341472277873
validation,suppressed_flat,regime,bear,6,0,6,0,0,0,,,,,,
validation,suppressed_flat,regime,unknown,0,0,0,0,0,0,,,,,,
validation,suppressed_flat,symbol,AAOI,4,2,2,1,1,1,50.0,50.0,-0.7648943467529201,-0.7648943467529201,8.285328160063798,-20.15523055649726
validation,suppressed_flat,symbol,MRNA,4,0,4,0,0,0,,,,,,
validation,suppressed_flat,symbol,NFLX,2,2,0,1,0,2,0.0,100.0,13.459486968151946,13.459486968151946,14.239095705086468,-6.846388102395712
validation,suppressed_flat,symbol,SNOW,4,4,0,1,0,4,0.0,100.0,14.049320966168404,15.282124947523869,17.431346909913263,-3.7006006818276145
validation,suppressed_flat,symbol,TQQQ,3,3,0,1,2,1,66.66666666666666,33.33333333333333,-0.5947258768157456,-1.1432786404057094,6.503246133047877,-12.147712827580433
validation,suppressed_flat,symbol,TSLA,4,4,0,1,4,0,100.0,0.0,-13.322091701681284,-13.190064435710703,9.021331843899427,-15.89842326901573
validation,suppressed_flat,symbol,YINN,6,6,0,1,4,1,66.66666666666666,16.666666666666664,-6.723154054010987,-19.92436091839625,11.965442275075608,-36.35178321898912
validation,suppressed_flat,component_set,S_DELAY,27,21,6,6,11,9,52.38095238095239,42.857142857142854,-0.6583333168460296,-1.1432786404057094,11.531521656911838,-18.426341472277873
validation,pending_at_cutoff,all,all,0,0,0,0,0,0,,,,,,
validation,pending_at_cutoff,component,S_BLOWOFF,0,0,0,0,0,0,,,,,,
validation,pending_at_cutoff,component,S_BEAR_RALLY,0,0,0,0,0,0,,,,,,
validation,pending_at_cutoff,component,S_CROSS,0,0,0,0,0,0,,,,,,
validation,pending_at_cutoff,component,S_DELAY,0,0,0,0,0,0,,,,,,
validation,pending_at_cutoff,regime,bull,0,0,0,0,0,0,,,,,,
validation,pending_at_cutoff,regime,bear,0,0,0,0,0,0,,,,,,
validation,pending_at_cutoff,regime,unknown,0,0,0,0,0,0,,,,,,
validation,pending_at_cutoff,symbol,AAOI,0,0,0,0,0,0,,,,,,
validation,pending_at_cutoff,symbol,MRNA,0,0,0,0,0,0,,,,,,
validation,pending_at_cutoff,symbol,NFLX,0,0,0,0,0,0,,,,,,
validation,pending_at_cutoff,symbol,SNOW,0,0,0,0,0,0,,,,,,
validation,pending_at_cutoff,symbol,TQQQ,0,0,0,0,0,0,,,,,,
validation,pending_at_cutoff,symbol,TSLA,0,0,0,0,0,0,,,,,,
validation,pending_at_cutoff,symbol,YINN,0,0,0,0,0,0,,,,,,
recent,raw,all,all,73,70,3,10,39,24,55.714285714285715,34.285714285714285,13.521799180176304,-1.3849370852834053,25.799968044964054,-10.06168964751981
recent,raw,component,S_BLOWOFF,7,5,2,1,1,4,20.0,80.0,31.73899074472494,19.43501285047573,43.190037556574175,-17.685485646477268
recent,raw,component,S_BEAR_RALLY,2,1,1,1,1,0,100.0,0.0,-10.417956362124968,-10.417956362124968,0.47354240000301306,-12.394483211012219
recent,raw,component,S_CROSS,5,5,0,4,1,4,20.0,80.0,22.971620552098535,6.746327008661979,34.50387793515837,-6.715117774678061
recent,raw,component,S_DELAY,64,64,0,10,37,20,57.8125,31.25,12.472639769544399,-2.238913288076938,24.837094265072032,-9.429630685671693
recent,raw,regime,bull,53,51,2,8,26,22,50.98039215686274,43.13725490196079,19.19738758164537,-0.22650259011233187,33.863925272717545,-10.477688585334317
recent,raw,regime,bear,20,19,1,3,13,2,68.42105263157895,10.526315789473683,-1.7126749500827638,-2.991430313092802,4.154609170467843,-8.945060919701934
recent,raw,regime,unknown,0,0,0,0,0,0,,,,,,
recent,raw,symbol,AAOI,10,9,1,1,1,8,11.11111111111111,88.88888888888889,48.70902929561029,44.294339504027214,60.46587582321601,-11.66571411912056
recent,raw,symbol,GOOGL,6,6,0,1,2,2,33.33333333333333,33.33333333333333,5.651477981904374,0.1570866425217643,9.348851505190822,-6.181187342140955
recent,raw,symbol,MRNA,8,7,1,1,1,6,14.285714285714285,85.71428571428571,95.46159455585301,132.85303438490965,127.94061203129563,-7.41124813737964
recent,raw,symbol,MSFT,8,8,0,1,5,0,62.5,0.0,0.6022937302532991,-0.07641768862161058,3.4385175129916985,-10.46720031383262
recent,raw,symbol,NFLX,7,7,0,1,7,0,100.0,0.0,-6.248401184156286,-5.4625045945492445,2.123818165875787,-8.281656755499
recent,raw,symbol,NVDA,2,2,0,1,2,0,100.0,0.0,-1.9466230153996344,-1.9466230153996344,3.1382333697608567,-8.520788327383528
recent,raw,symbol,SNOW,4,4,0,1,4,0,100.0,0.0,-8.242959106713228,-8.587524499996302,9.635103376880544,-13.378412817325277
recent,raw,symbol,TQQQ,13,13,0,1,9,4,69.23076923076923,30.76923076923077,-7.84396263202601,-9.275178145310347,9.798375235772122,-14.116946482337731
recent,raw,symbol,TSLA,11,11,0,1,8,2,72.72727272727273,18.181818181818183,-3.006317104263795,-5.418943196692549,5.324495226924305,-9.373481681717207
recent,raw,symbol,YINN,4,3,1,1,0,2,0.0,66.66666666666666,5.610397479137023,5.132965913465104,12.329138138337507,-3.82265224909889
recent,raw,component_set,S_BEAR_RALLY,2,1,1,1,1,0,100.0,0.0,-10.417956362124968,-10.417956362124968,0.47354240000301306,-12.394483211012219
recent,raw,component_set,S_BLOWOFF,7,5,2,1,1,4,20.0,80.0,31.73899074472494,19.43501285047573,43.190037556574175,-17.685485646477268
recent,raw,component_set,S_CROSS+S_DELAY,5,5,0,4,1,4,20.0,80.0,22.971620552098535,6.746327008661979,34.50387793515837,-6.715117774678061
recent,raw,component_set,S_DELAY,59,59,0,10,36,16,61.016949152542374,27.11864406779661,11.582895635429644,-2.558129999279546,24.01787530997997,-9.659674152705051
recent,emitted,all,all,16,14,2,10,7,6,50.0,42.857142857142854,0.54001803425553,-0.8981289176799467,10.217383043842997,-8.980996049089645
recent,emitted,component,S_BLOWOFF,2,1,1,1,0,1,0.0,100.0,1.4845605566196074,1.4845605566196074,24.58431919320512,-20.42755643044917
recent,emitted,component,S_BEAR_RALLY,2,1,1,1,1,0,100.0,0.0,-10.417956362124968,-10.417956362124968,0.47354240000301306,-12.394483211012219
recent,emitted,component,S_CROSS,3,3,0,3,1,2,33.33333333333333,66.66666666666666,1.1174722877189718,0.1664970495836915,10.38163405752197,-7.205165236957107
recent,emitted,component,S_DELAY,12,12,0,8,6,5,50.0,41.66666666666667,1.374470690423565,-0.8981289176799467,9.832125085049487,-7.742658753816138
recent,emitted,regime,bull,12,11,1,8,5,6,45.45454545454545,54.54545454545454,1.80735496800881,0.1664970495836915,11.974940491466105,-8.541853735478508
recent,emitted,regime,bear,4,3,1,3,2,0,66.66666666666666,0.0,-4.106884056173162,-3.560407195088755,3.7730057358916107,-10.591184532330493
recent,emitted,regime,unknown,0,0,0,0,0,0,,,,,,
recent,emitted,symbol,AAOI,2,1,1,1,0,1,0.0,100.0,1.4845605566196074,1.4845605566196074,24.58431919320512,-20.42755643044917
recent,emitted,symbol,GOOGL,2,2,0,1,1,1,50.0,50.0,6.7812591210844975,6.7812591210844975,11.978256938604638,-5.067383993142221
recent,emitted,symbol,MRNA,2,2,0,1,1,1,50.0,50.0,3.1775881957009258,3.1775881957009258,11.621466931664447,-8.306919308149158
recent,emitted,symbol,MSFT,1,1,0,1,1,0,100.0,0.0,-3.560407195088755,-3.560407195088755,1.6284082174716996,-12.382380403326687
recent,emitted,symbol,NFLX,1,1,0,1,1,0,100.0,0.0,-10.417956362124968,-10.417956362124968,0.47354240000301306,-12.394483211012219
recent,emitted,symbol,NVDA,1,1,0,1,1,0,100.0,0.0,-3.0861267451760432,-3.0861267451760432,1.6000429465880206,-9.885097591919322
recent,emitted,symbol,SNOW,1,1,0,1,1,0,100.0,0.0,-4.568784497172807,-4.568784497172807,12.835504795348962,-10.849808000522799
recent,emitted,symbol,TQQQ,2,2,0,1,0,2,0.0,100.0,5.718870904216066,5.718870904216066,16.47516184322564,-6.615844802372129
recent,emitted,symbol,TSLA,2,2,0,1,1,0,50.0,0.0,-1.906483384533142,-1.906483384533142,5.4956678915786155,-7.160023615348471
recent,emitted,symbol,YINN,2,1,1,1,0,1,0.0,100.0,0.1664970495836915,0.1664970495836915,10.780437851038482,-5.494275612000898
recent,emitted,component_set,S_BEAR_RALLY,2,1,1,1,1,0,100.0,0.0,-10.417956362124968,-10.417956362124968,0.47354240000301306,-12.394483211012219
recent,emitted,component_set,S_BLOWOFF,2,1,1,1,0,1,0.0,100.0,1.4845605566196074,1.4845605566196074,24.58431919320512,-20.42755643044917
recent,emitted,component_set,S_CROSS+S_DELAY,3,3,0,3,1,2,33.33333333333333,66.66666666666666,1.1174722877189718,0.1664970495836915,10.38163405752197,-7.205165236957107
recent,emitted,component_set,S_DELAY,9,9,0,6,5,3,55.55555555555556,33.33333333333333,1.4601368246584299,-1.962754884943585,9.648955427558658,-7.921823259435816
recent,suppressed,all,all,57,56,1,10,32,18,57.14285714285714,32.142857142857146,16.767244466656496,-1.6826246424513858,29.695614295244322,-10.331863047127355
recent,suppressed,component,S_BLOWOFF,5,4,1,1,1,3,25.0,75.0,39.30259829175127,31.86467617725147,47.84146714741644,-16.99996795048429
recent,suppressed,component,S_BEAR_RALLY,0,0,0,0,0,0,,,,,,
recent,suppressed,component,S_CROSS,2,2,0,1,0,2,0.0,100.0,55.752842948667876,55.752842948667876,70.68724375161298,-5.98004658125949
recent,suppressed,component,S_DELAY,52,52,0,10,31,15,59.61538461538461,28.846153846153843,15.033755710879975,-2.6388400014526026,28.299779460461853,-9.818931900715281
recent,suppressed,regime,bull,41,40,1,8,21,16,52.5,40.0,23.979646550395422,-0.5168109378677788,39.8833960875617,-11.010043169044664
recent,suppressed,regime,bear,16,16,0,3,11,2,68.75,12.5,-1.2637607426908142,-2.774780156186174,4.226159814450888,-8.63641274233408
recent,suppressed,regime,unknown,0,0,0,0,0,0,,,,,,
recent,suppressed,symbol,AAOI,8,8,0,1,1,7,12.5,87.5,54.61208788798413,55.52669520082331,64.95107040196737,-10.570483830204484
recent,suppressed,symbol,GOOGL,4,4,0,1,1,1,25.0,25.0,5.08658741231431,0.1570866425217643,8.034148788483915,-6.738089016640322
recent,suppressed,symbol,MRNA,6,5,1,1,0,5,0.0,100.0,132.37519709991383,153.30560475448837,174.4682700711481,-7.052979669071833
recent,suppressed,symbol,MSFT,7,7,0,1,4,0,57.14285714285714,0.0,1.1969652910164494,-0.04042640255058627,3.6971045552088415,-10.19360315819061
recent,suppressed,symbol,NFLX,6,6,0,1,6,0,100.0,0.0,-5.553475321161507,-4.8577483731500894,2.398864126854583,-7.59618567958013
recent,suppressed,symbol,NVDA,1,1,0,1,1,0,100.0,0.0,-0.8071192856232257,-0.8071192856232257,4.676423792933693,-7.1564790628477315
recent,suppressed,symbol,SNOW,3,3,0,1,3,0,100.0,0.0,-9.467683976560034,-10.322447283678782,8.568302904057738,-14.221281089592766
recent,suppressed,symbol,TQQQ,11,11,0,1,9,2,81.81818181818183,18.181818181818183,-10.309932365888203,-11.222078996886431,8.584414034416936,-15.480783151422388
recent,suppressed,symbol,TSLA,9,9,0,1,7,2,77.77777777777779,22.22222222222222,-3.2507245975372734,-5.418943196692549,5.286456857001124,-9.865361252021371
recent,suppressed,symbol,YINN,2,2,0,1,0,1,0.0,50.0,8.332347693913688,8.332347693913688,13.103488281987019,-2.986840567647886
recent,suppressed,component_set,S_BLOWOFF,5,4,1,1,1,3,25.0,75.0,39.30259829175127,31.86467617725147,47.84146714741644,-16.99996795048429
recent,suppressed,component_set,S_CROSS+S_DELAY,2,2,0,1,0,2,0.0,100.0,55.752842948667876,55.752842948667876,70.68724375161298,-5.98004658125949
recent,suppressed,component_set,S_DELAY,50,50,0,10,31,13,62.0,26.0,13.40499222136846,-2.8554901583592307,26.604280888815808,-9.972487313493513
recent,executed,all,all,8,7,1,7,4,2,57.14285714285714,28.57142857142857,-1.3844232913748906,-2.515071691210291,8.40090526114627,-10.821666300853364
recent,executed,component,S_BLOWOFF,2,1,1,1,0,1,0.0,100.0,1.4845605566196074,1.4845605566196074,24.58431919320512,-20.42755643044917
recent,executed,component,S_BEAR_RALLY,1,1,0,1,1,0,100.0,0.0,-10.417956362124968,-10.417956362124968,0.47354240000301306,-12.394483211012219
recent,executed,component,S_CROSS,2,2,0,2,1,1,50.0,50.0,1.5929599067866118,1.5929599067866118,10.182232160763714,-8.060610049435212
recent,executed,component,S_DELAY,5,5,0,5,3,1,60.0,20.0,-0.15151344682377452,-2.515071691210291,6.7496950469631525,-8.58592489290243
recent,executed,regime,bull,5,4,1,4,2,2,50.0,50.0,0.6574222822238129,-0.5152555672953418,11.871829905087267,-10.994527627245517
recent,executed,regime,bear,3,3,0,3,2,0,66.66666666666666,0.0,-4.106884056173162,-3.560407195088755,3.7730057358916107,-10.591184532330493
recent,executed,regime,unknown,0,0,0,0,0,0,,,,,,
recent,executed,symbol,AAOI,2,1,1,1,0,1,0.0,100.0,1.4845605566196074,1.4845605566196074,24.58431919320512,-20.42755643044917
recent,executed,symbol,GOOGL,1,1,0,1,1,0,100.0,0.0,-2.515071691210291,-2.515071691210291,2.566901376500197,-9.926616791069842
recent,executed,symbol,MRNA,0,0,0,0,0,0,,,,,,
recent,executed,symbol,MSFT,1,1,0,1,1,0,100.0,0.0,-3.560407195088755,-3.560407195088755,1.6284082174716996,-12.382380403326687
recent,executed,symbol,NFLX,1,1,0,1,1,0,100.0,0.0,-10.417956362124968,-10.417956362124968,0.47354240000301306,-12.394483211012219
recent,executed,symbol,NVDA,1,1,0,1,1,0,100.0,0.0,-3.0861267451760432,-3.0861267451760432,1.6000429465880206,-9.885097591919322
recent,executed,symbol,SNOW,0,0,0,0,0,0,,,,,,
recent,executed,symbol,TQQQ,1,1,0,1,0,1,0.0,100.0,6.746327008661979,6.746327008661979,18.73605610405573,-3.7388396955437386
recent,executed,symbol,TSLA,1,1,0,1,0,0,0.0,0.0,1.6577113886942385,1.6577113886942385,9.217066590200119,-6.996689982652571
recent,executed,symbol,YINN,0,0,0,0,0,0,,,,,,
recent,executed,component_set,S_BEAR_RALLY,1,1,0,1,1,0,100.0,0.0,-10.417956362124968,-10.417956362124968,0.47354240000301306,-12.394483211012219
recent,executed,component_set,S_BLOWOFF,2,1,1,1,0,1,0.0,100.0,1.4845605566196074,1.4845605566196074,24.58431919320512,-20.42755643044917
recent,executed,component_set,S_CROSS+S_DELAY,2,2,0,2,1,1,50.0,50.0,1.5929599067866118,1.5929599067866118,10.182232160763714,-8.060610049435212
recent,executed,component_set,S_DELAY,3,3,0,3,2,0,66.66666666666666,0.0,-1.314495682564032,-2.515071691210291,4.461336971096112,-8.936134788547244
recent,ignored_flat,all,all,8,7,1,6,3,4,42.857142857142854,57.14285714285714,2.464459359885951,0.1664970495836915,12.033860826539724,-7.140325797325929
recent,ignored_flat,component,S_BLOWOFF,0,0,0,0,0,0,,,,,,
recent,ignored_flat,component,S_BEAR_RALLY,1,0,1,0,0,0,,,,,,
recent,ignored_flat,component,S_CROSS,1,1,0,1,0,1,0.0,100.0,0.1664970495836915,0.1664970495836915,10.780437851038482,-5.494275612000898
recent,ignored_flat,component,S_DELAY,7,7,0,6,3,4,42.857142857142854,57.14285714285714,2.464459359885951,0.1664970495836915,12.033860826539724,-7.140325797325929
recent,ignored_flat,regime,bull,7,7,0,6,3,4,42.857142857142854,57.14285714285714,2.464459359885951,0.1664970495836915,12.033860826539724,-7.140325797325929
recent,ignored_flat,regime,bear,1,0,1,0,0,0,,,,,,
recent,ignored_flat,regime,unknown,0,0,0,0,0,0,,,,,,
recent,ignored_flat,symbol,AAOI,0,0,0,0,0,0,,,,,,
recent,ignored_flat,symbol,GOOGL,1,1,0,1,0,1,0.0,100.0,16.077589933379286,16.077589933379286,21.389612500709077,-0.2081511952146009
recent,ignored_flat,symbol,MRNA,2,2,0,1,1,1,50.0,50.0,3.1775881957009258,3.1775881957009258,11.621466931664447,-8.306919308149158
recent,ignored_flat,symbol,MSFT,0,0,0,0,0,0,,,,,,
recent,ignored_flat,symbol,NFLX,0,0,0,0,0,0,,,,,,
recent,ignored_flat,symbol,NVDA,0,0,0,0,0,0,,,,,,
recent,ignored_flat,symbol,SNOW,1,1,0,1,1,0,100.0,0.0,-4.568784497172807,-4.568784497172807,12.835504795348962,-10.849808000522799
recent,ignored_flat,symbol,TQQQ,1,1,0,1,0,1,0.0,100.0,4.691414799770155,4.691414799770155,14.214267582395546,-9.492849909200519
recent,ignored_flat,symbol,TSLA,1,1,0,1,1,0,100.0,0.0,-5.470678157760522,-5.470678157760522,1.774269192957112,-7.3233572480443705
recent,ignored_flat,symbol,YINN,2,1,1,1,0,1,0.0,100.0,0.1664970495836915,0.1664970495836915,10.780437851038482,-5.494275612000898
recent,ignored_flat,component_set,S_BEAR_RALLY,1,0,1,0,0,0,,,,,,
recent,ignored_flat,component_set,S_CROSS+S_DELAY,1,1,0,1,0,1,0.0,100.0,0.1664970495836915,0.1664970495836915,10.780437851038482,-5.494275612000898
recent,ignored_flat,component_set,S_DELAY,6,6,0,5,3,3,50.0,50.0,2.8474530782696608,1.364329957413285,12.242764655789932,-7.414667494880099
recent,suppressed_held,all,all,1,1,0,1,0,1,0.0,100.0,19.43501285047573,19.43501285047573,28.195953078882873,-11.353474771094296
recent,suppressed_held,component,S_BLOWOFF,1,1,0,1,0,1,0.0,100.0,19.43501285047573,19.43501285047573,28.195953078882873,-11.353474771094296
recent,suppressed_held,component,S_BEAR_RALLY,0,0,0,0,0,0,,,,,,
recent,suppressed_held,component,S_CROSS,0,0,0,0,0,0,,,,,,
recent,suppressed_held,component,S_DELAY,0,0,0,0,0,0,,,,,,
recent,suppressed_held,regime,bull,1,1,0,1,0,1,0.0,100.0,19.43501285047573,19.43501285047573,28.195953078882873,-11.353474771094296
recent,suppressed_held,regime,bear,0,0,0,0,0,0,,,,,,
recent,suppressed_held,regime,unknown,0,0,0,0,0,0,,,,,,
recent,suppressed_held,symbol,AAOI,1,1,0,1,0,1,0.0,100.0,19.43501285047573,19.43501285047573,28.195953078882873,-11.353474771094296
recent,suppressed_held,symbol,GOOGL,0,0,0,0,0,0,,,,,,
recent,suppressed_held,symbol,MRNA,0,0,0,0,0,0,,,,,,
recent,suppressed_held,symbol,MSFT,0,0,0,0,0,0,,,,,,
recent,suppressed_held,symbol,NFLX,0,0,0,0,0,0,,,,,,
recent,suppressed_held,symbol,NVDA,0,0,0,0,0,0,,,,,,
recent,suppressed_held,symbol,SNOW,0,0,0,0,0,0,,,,,,
recent,suppressed_held,symbol,TQQQ,0,0,0,0,0,0,,,,,,
recent,suppressed_held,symbol,TSLA,0,0,0,0,0,0,,,,,,
recent,suppressed_held,symbol,YINN,0,0,0,0,0,0,,,,,,
recent,suppressed_held,component_set,S_BLOWOFF,1,1,0,1,0,1,0.0,100.0,19.43501285047573,19.43501285047573,28.195953078882873,-11.353474771094296
recent,suppressed_flat,all,all,56,55,1,10,32,17,58.18181818181818,30.909090909090907,16.718739586950694,-2.558129999279546,29.722880862814524,-10.313288288509773
recent,suppressed_flat,component,S_BLOWOFF,4,3,1,1,1,2,33.33333333333333,66.66666666666666,45.92512677217645,44.294339504027214,54.38997183692763,-18.882132343614288
recent,suppressed_flat,component,S_BEAR_RALLY,0,0,0,0,0,0,,,,,,
recent,suppressed_flat,component,S_CROSS,2,2,0,1,0,2,0.0,100.0,55.752842948667876,55.752842948667876,70.68724375161298,-5.98004658125949
recent,suppressed_flat,component,S_DELAY,52,52,0,10,31,15,59.61538461538461,28.846153846153843,15.033755710879975,-2.6388400014526026,28.299779460461853,-9.818931900715281
recent,suppressed_flat,regime,bull,40,39,1,8,21,15,53.84615384615385,38.46153846153847,24.09617561962413,-0.8071192856232257,40.18307411342525,-11.001237230530572
recent,suppressed_flat,regime,bear,16,16,0,3,11,2,68.75,12.5,-1.2637607426908142,-2.774780156186174,4.226159814450888,-8.63641274233408
recent,suppressed_flat,regime,unknown,0,0,0,0,0,0,,,,,,
recent,suppressed_flat,symbol,AAOI,7,7,0,1,1,6,14.285714285714285,85.71428571428571,59.637384321913906,66.75905089761942,70.20180144812228,-10.45862798150594
recent,suppressed_flat,symbol,GOOGL,4,4,0,1,1,1,25.0,25.0,5.08658741231431,0.1570866425217643,8.034148788483915,-6.738089016640322
recent,suppressed_flat,symbol,MRNA,6,5,1,1,0,5,0.0,100.0,132.37519709991383,153.30560475448837,174.4682700711481,-7.052979669071833
recent,suppressed_flat,symbol,MSFT,7,7,0,1,4,0,57.14285714285714,0.0,1.1969652910164494,-0.04042640255058627,3.6971045552088415,-10.19360315819061
recent,suppressed_flat,symbol,NFLX,6,6,0,1,6,0,100.0,0.0,-5.553475321161507,-4.8577483731500894,2.398864126854583,-7.59618567958013
recent,suppressed_flat,symbol,NVDA,1,1,0,1,1,0,100.0,0.0,-0.8071192856232257,-0.8071192856232257,4.676423792933693,-7.1564790628477315
recent,suppressed_flat,symbol,SNOW,3,3,0,1,3,0,100.0,0.0,-9.467683976560034,-10.322447283678782,8.568302904057738,-14.221281089592766
recent,suppressed_flat,symbol,TQQQ,11,11,0,1,9,2,81.81818181818183,18.181818181818183,-10.309932365888203,-11.222078996886431,8.584414034416936,-15.480783151422388
recent,suppressed_flat,symbol,TSLA,9,9,0,1,7,2,77.77777777777779,22.22222222222222,-3.2507245975372734,-5.418943196692549,5.286456857001124,-9.865361252021371
recent,suppressed_flat,symbol,YINN,2,2,0,1,0,1,0.0,50.0,8.332347693913688,8.332347693913688,13.103488281987019,-2.986840567647886
recent,suppressed_flat,component_set,S_BLOWOFF,4,3,1,1,1,2,33.33333333333333,66.66666666666666,45.92512677217645,44.294339504027214,54.38997183692763,-18.882132343614288
recent,suppressed_flat,component_set,S_CROSS+S_DELAY,2,2,0,1,0,2,0.0,100.0,55.752842948667876,55.752842948667876,70.68724375161298,-5.98004658125949
recent,suppressed_flat,component_set,S_DELAY,50,50,0,10,31,13,62.0,26.0,13.40499222136846,-2.8554901583592307,26.604280888815808,-9.972487313493513
recent,pending_at_cutoff,all,all,0,0,0,0,0,0,,,,,,
recent,pending_at_cutoff,component,S_BLOWOFF,0,0,0,0,0,0,,,,,,
recent,pending_at_cutoff,component,S_BEAR_RALLY,0,0,0,0,0,0,,,,,,
recent,pending_at_cutoff,component,S_CROSS,0,0,0,0,0,0,,,,,,
recent,pending_at_cutoff,component,S_DELAY,0,0,0,0,0,0,,,,,,
recent,pending_at_cutoff,regime,bull,0,0,0,0,0,0,,,,,,
recent,pending_at_cutoff,regime,bear,0,0,0,0,0,0,,,,,,
recent,pending_at_cutoff,regime,unknown,0,0,0,0,0,0,,,,,,
recent,pending_at_cutoff,symbol,AAOI,0,0,0,0,0,0,,,,,,
recent,pending_at_cutoff,symbol,GOOGL,0,0,0,0,0,0,,,,,,
recent,pending_at_cutoff,symbol,MRNA,0,0,0,0,0,0,,,,,,
recent,pending_at_cutoff,symbol,MSFT,0,0,0,0,0,0,,,,,,
recent,pending_at_cutoff,symbol,NFLX,0,0,0,0,0,0,,,,,,
recent,pending_at_cutoff,symbol,NVDA,0,0,0,0,0,0,,,,,,
recent,pending_at_cutoff,symbol,SNOW,0,0,0,0,0,0,,,,,,
recent,pending_at_cutoff,symbol,TQQQ,0,0,0,0,0,0,,,,,,
recent,pending_at_cutoff,symbol,TSLA,0,0,0,0,0,0,,,,,,
recent,pending_at_cutoff,symbol,YINN,0,0,0,0,0,0,,,,,,
full,raw,all,all,280,277,3,10,160,95,57.761732851985556,34.29602888086642,2.3432366024957423,-2.1036347845581505,15.68463208159941,-12.788685863195536
full,raw,component,S_BLOWOFF,21,19,2,5,11,8,57.89473684210527,42.10526315789473,9.280855995803813,-4.897962297712066,34.94761707801943,-19.578986151623827
full,raw,component,S_BEAR_RALLY,27,26,1,7,18,8,69.23076923076923,30.76923076923077,-3.6489841301940134,-7.738472572665761,14.702516598169355,-13.900459450751642
full,raw,component,S_CROSS,14,14,0,7,6,8,42.857142857142854,57.14285714285714,11.234000358443476,3.456412029122835,20.05643333760355,-10.33182431995736
full,raw,component,S_DELAY,232,232,0,10,131,79,56.46551724137932,34.05172413793103,2.446611475672813,-1.6578867138716813,14.21712470072528,-12.107988368555034
full,raw,regime,bull,170,168,2,9,89,65,52.976190476190474,38.69047619047619,6.47538899725919,-1.139816337089694,19.29944336241991,-12.852115035973833
full,raw,regime,bear,110,109,1,9,71,30,65.13761467889908,27.522935779816514,-4.025585437139663,-4.252992151750934,10.1131798322614,-12.690923468454676
full,raw,regime,unknown,0,0,0,0,0,0,,,,,,
full,raw,symbol,AAOI,36,35,1,1,15,18,42.857142857142854,51.42857142857142,16.433827177789755,2.7729609695148927,34.60839197600108,-14.44259646430064
full,raw,symbol,GOOGL,6,6,0,1,2,2,33.33333333333333,33.33333333333333,5.651477981904374,0.1570866425217643,9.348851505190822,-6.181187342140955
full,raw,symbol,MRNA,28,27,1,1,21,6,77.77777777777779,22.22222222222222,16.759465217760972,-9.68941610585462,36.821119969870544,-12.386915260732293
full,raw,symbol,MSFT,8,8,0,1,5,0,62.5,0.0,0.6022937302532991,-0.07641768862161058,3.4385175129916985,-10.46720031383262
full,raw,symbol,NFLX,24,24,0,1,15,6,62.5,25.0,-0.8282309571161841,-2.266933119390857,5.579067720894986,-7.850632573137478
full,raw,symbol,NVDA,16,16,0,1,9,7,56.25,43.75,-0.22739631952409223,-1.109546069807682,10.889597495234078,-9.117880454298929
full,raw,symbol,SNOW,40,40,0,1,20,17,50.0,42.5,2.0692785740459265,-0.5376550030673499,11.613600571665385,-9.32898723639283
full,raw,symbol,TQQQ,47,47,0,1,23,20,48.93617021276596,42.5531914893617,-1.7035185837647417,0.15205183114801457,11.191904396426908,-15.44805399767535
full,raw,symbol,TSLA,34,34,0,1,22,9,64.70588235294117,26.47058823529412,-3.668581452817854,-4.065444636723659,8.367387038599265,-11.66501695309505
full,raw,symbol,YINN,41,40,1,1,28,10,70.0,25.0,-6.7949576747558265,-5.183413290146472,11.809800127128412,-18.78934491188985
full,raw,component_set,S_BEAR_RALLY,27,26,1,7,18,8,69.23076923076923,30.76923076923077,-3.6489841301940134,-7.738472572665761,14.702516598169355,-13.900459450751642
full,raw,component_set,S_BLOWOFF,21,19,2,5,11,8,57.89473684210527,42.10526315789473,9.280855995803813,-4.897962297712066,34.94761707801943,-19.578986151623827
full,raw,component_set,S_CROSS+S_DELAY,14,14,0,7,6,8,42.857142857142854,57.14285714285714,11.234000358443476,3.456412029122835,20.05643333760355,-10.33182431995736
full,raw,component_set,S_DELAY,218,218,0,10,125,71,57.3394495412844,32.56880733944954,1.8822837492563484,-2.0197340786644533,13.842123228632179,-12.222053949657639
full,emitted,all,all,63,61,2,10,33,24,54.09836065573771,39.34426229508197,0.6852115432794744,-1.5447145562432096,14.808528877887305,-12.554748598830008
full,emitted,component,S_BLOWOFF,11,10,1,5,6,4,60.0,40.0,6.554805899510765,-3.849501349345319,33.251246122443206,-16.500529278043967
full,emitted,component,S_BEAR_RALLY,18,17,1,7,11,6,64.70588235294117,35.294117647058826,-3.166000993337434,-8.403392727092163,15.210093699793921,-14.232014318530403
full,emitted,component,S_CROSS,9,9,0,6,4,5,44.44444444444444,55.55555555555556,3.163283639840739,0.1664970495836915,10.194641057886164,-11.591637928798287
full,emitted,component,S_DELAY,34,34,0,10,16,14,47.05882352941176,41.17647058823529,0.8844665303434319,0.29627129623387427,9.183417865594022,-10.555592009799232
full,emitted,regime,bull,40,39,1,9,18,18,46.15384615384615,46.15384615384615,3.6457955298777303,0.42604554288405705,16.14972312310904,-11.578626262545873
full,emitted,regime,bear,23,22,1,9,15,6,68.18181818181817,27.27272727272727,-4.563096432962886,-8.5495222771577,12.43095726135786,-14.28514728587915
full,emitted,regime,unknown,0,0,0,0,0,0,,,,,,
full,emitted,symbol,AAOI,9,8,1,1,3,5,37.5,62.5,17.89228473473316,11.437466779330386,45.53549981395032,-14.20426338056582
full,emitted,symbol,GOOGL,2,2,0,1,1,1,50.0,50.0,6.7812591210844975,6.7812591210844975,11.978256938604638,-5.067383993142221
full,emitted,symbol,MRNA,5,5,0,1,4,1,80.0,20.0,-7.897361850629776,-13.464967764107282,6.434577865196379,-13.513639743969488
full,emitted,symbol,MSFT,1,1,0,1,1,0,100.0,0.0,-3.560407195088755,-3.560407195088755,1.6284082174716996,-12.382380403326687
full,emitted,symbol,NFLX,5,5,0,1,4,1,80.0,20.0,-3.871199966705034,-7.073552418239359,4.595228275459933,-10.163846312498084
full,emitted,symbol,NVDA,7,7,0,1,3,4,42.857142857142854,57.14285714285714,2.272289529705488,0.42604554288405705,10.429477468174664,-10.00191756719637
full,emitted,symbol,SNOW,8,8,0,1,4,3,50.0,37.5,-2.7247393981912436,0.14599650397972264,12.642253547217326,-13.525812773777574
full,emitted,symbol,TQQQ,9,9,0,1,3,5,33.33333333333333,55.55555555555556,-0.4819831957004759,2.7067139615314817,11.733149200846103,-13.598253128600861
full,emitted,symbol,TSLA,8,8,0,1,5,1,62.5,12.5,-5.342241486285993,-5.812483150103976,7.837193667716033,-13.12364361847689
full,emitted,symbol,YINN,9,8,1,1,5,3,62.5,37.5,0.05849917887002931,-1.2191594039976605,14.482755929656989,-13.213453318292096
full,emitted,component_set,S_BEAR_RALLY,18,17,1,7,11,6,64.70588235294117,35.294117647058826,-3.166000993337434,-8.403392727092163,15.210093699793921,-14.232014318530403
full,emitted,component_set,S_BLOWOFF,11,10,1,5,6,4,60.0,40.0,6.554805899510765,-3.849501349345319,33.251246122443206,-16.500529278043967
full,emitted,component_set,S_CROSS+S_DELAY,9,9,0,6,4,5,44.44444444444444,55.55555555555556,3.163283639840739,0.1664970495836915,10.194641057886164,-11.591637928798287
full,emitted,component_set,S_DELAY,25,25,0,8,12,9,48.0,36.0,0.06409237092440129,0.42604554288405705,8.81937751636885,-10.18261547895957
full,suppressed,all,all,217,216,1,10,127,71,58.79629629629629,32.870370370370374,2.8114751608855215,-2.507641482837969,15.932050115981076,-12.854751479520987
full,suppressed,component,S_BLOWOFF,10,9,1,2,5,4,55.55555555555556,44.44444444444444,12.309800547240531,-4.897962297712066,36.83247369532634,-22.999493788934775
full,suppressed,component,S_BEAR_RALLY,9,9,0,5,7,2,77.77777777777779,22.22222222222222,-4.561285610923109,-5.191152683148181,13.743759850656284,-13.274189144947321
full,suppressed,component,S_CROSS,5,5,0,3,2,3,40.0,60.0,25.761290451928396,22.500943150354622,37.80765944109485,-8.064159824043688
full,suppressed,component,S_DELAY,198,198,0,10,115,65,58.080808080808076,32.82828282828283,2.7148585874970506,-2.264125592364458,15.08149860170742,-12.374561480664617
full,suppressed,regime,bull,130,129,1,9,71,47,55.03875968992248,36.434108527131784,7.330847487397769,-1.4119728539921383,20.251684365002266,-13.237123269800888
full,suppressed,regime,bear,87,87,0,9,56,24,64.36781609195403,27.586206896551722,-3.8896631163567794,-4.128652719047688,9.527075195018618,-12.287786411174928
full,suppressed,regime,unknown,0,0,0,0,0,0,,,,,,
full,suppressed,symbol,AAOI,27,27,0,1,12,13,44.44444444444444,48.148148148148145,16.00169160536208,2.7729609695148927,31.370730394386502,-14.513213674296143
full,suppressed,symbol,GOOGL,4,4,0,1,1,1,25.0,25.0,5.08658741231431,0.1570866425217643,8.034148788483915,-6.738089016640322
full,suppressed,symbol,MRNA,23,22,1,1,17,5,77.27272727272727,22.727272727272727,22.363289551486147,-9.32936535666757,43.7271522663874,-12.13084151454202
full,suppressed,symbol,MSFT,7,7,0,1,4,0,57.14285714285714,0.0,1.1969652910164494,-0.04042640255058627,3.6971045552088415,-10.19360315819061
full,suppressed,symbol,NFLX,19,19,0,1,11,5,57.89473684210527,26.31578947368421,-0.02744963880332871,-1.2039571601851207,5.837972838114736,-7.241892115411004
full,suppressed,symbol,NVDA,9,9,0,1,6,3,66.66666666666666,33.33333333333333,-2.171596424480432,-1.4119728539921383,11.247468627391397,-8.430296033156473
full,suppressed,symbol,SNOW,32,32,0,1,16,14,50.0,43.75,3.26778306710522,-0.5376550030673499,11.356437327777401,-8.279780852046645
full,suppressed,symbol,TQQQ,38,38,0,1,20,15,52.63157894736842,39.473684210526315,-1.992829596727331,-1.307318701746285,11.06371483748552,-15.886164729824573
full,suppressed,symbol,TSLA,26,26,0,1,17,8,65.38461538461539,30.76923076923077,-3.153609134827657,-3.642906925275441,8.53052346040949,-11.216208748362176
full,suppressed,symbol,YINN,32,32,0,1,23,7,71.875,21.875,-8.508321888162289,-6.48593183481998,11.141561176496268,-20.18331781028929
full,suppressed,component_set,S_BEAR_RALLY,9,9,0,5,7,2,77.77777777777779,22.22222222222222,-4.561285610923109,-5.191152683148181,13.743759850656284,-13.274189144947321
full,suppressed,component_set,S_BLOWOFF,10,9,1,2,5,4,55.55555555555556,44.44444444444444,12.309800547240531,-4.897962297712066,36.83247369532634,-22.999493788934775
full,suppressed,component_set,S_CROSS+S_DELAY,5,5,0,3,2,3,40.0,60.0,25.761290451928396,22.500943150354622,37.80765944109485,-8.064159824043688
full,suppressed,component_set,S_DELAY,193,193,0,10,113,62,58.549222797927456,32.12435233160622,2.1178007671749945,-2.457152966396392,14.49273795819997,-12.486229917364644
full,executed,all,all,31,30,1,10,18,11,60.0,36.666666666666664,-0.45913007235605285,-2.2958924817978064,15.915315941176857,-14.65353047812306
full,executed,component,S_BLOWOFF,9,8,1,4,5,3,62.5,37.5,4.6800154223684105,-3.849501349345319,30.50873796596911,-18.10331404576859
full,executed,component,S_BEAR_RALLY,10,10,0,6,6,4,60.0,40.0,-4.646981240251954,-5.179541385974341,14.540281849470043,-16.916558119908835
full,executed,component,S_CROSS,6,6,0,5,3,3,50.0,50.0,0.17729415895726763,-1.6969550727525318,9.049612963860557,-11.89402775764126
full,executed,component,S_DELAY,12,12,0,9,7,4,58.333333333333336,33.33333333333333,-0.39535109559244463,-2.2958924817978064,7.3322296677377,-10.467818398204562
full,executed,regime,bull,18,17,1,8,10,7,58.82352941176471,41.17647058823529,2.8593503069120025,-2.076713272385322,18.771942017279578,-13.891678498663321
full,executed,regime,bear,13,13,0,8,8,4,61.53846153846154,30.76923076923077,-4.7986813375527415,-3.560407195088755,12.17972799550407,-15.649798451262724
full,executed,regime,unknown,0,0,0,0,0,0,,,,,,
full,executed,symbol,AAOI,5,4,1,1,1,3,25.0,75.0,23.46406587789392,15.152762741738059,53.24446702472932,-16.81765462352187
full,executed,symbol,GOOGL,1,1,0,1,1,0,100.0,0.0,-2.515071691210291,-2.515071691210291,2.566901376500197,-9.926616791069842
full,executed,symbol,MRNA,1,1,0,1,1,0,100.0,0.0,-14.010349179271586,-14.010349179271586,2.0881706391806754,-14.902728281347798
full,executed,symbol,MSFT,1,1,0,1,1,0,100.0,0.0,-3.560407195088755,-3.560407195088755,1.6284082174716996,-12.382380403326687
full,executed,symbol,NFLX,4,4,0,1,3,1,75.0,25.0,-3.070611853821453,-5.736133713196423,5.194652429100932,-9.958933269494423
full,executed,symbol,NVDA,1,1,0,1,1,0,100.0,0.0,-3.0861267451760432,-3.0861267451760432,1.6000429465880206,-9.885097591919322
full,executed,symbol,SNOW,4,4,0,1,2,2,50.0,50.0,-7.742675474605045,-3.100473135910986,13.651513760642652,-18.995621540466008
full,executed,symbol,TQQQ,4,4,0,1,2,2,50.0,50.0,-7.9631150411470095,-2.9682089738024,11.934559373731817,-18.50297854170119
full,executed,symbol,TSLA,4,4,0,1,3,0,75.0,0.0,-7.606756872984214,-8.20521799088268,9.194925842021146,-15.738143207417632
full,executed,symbol,YINN,6,6,0,1,3,3,50.0,50.0,3.5124043497867157,-0.36355360108421,16.115913555776938,-12.075961090937284
full,executed,component_set,S_BEAR_RALLY,10,10,0,6,6,4,60.0,40.0,-4.646981240251954,-5.179541385974341,14.540281849470043,-16.916558119908835
full,executed,component_set,S_BLOWOFF,9,8,1,4,5,3,62.5,37.5,4.6800154223684105,-3.849501349345319,30.50873796596911,-18.10331404576859
full,executed,component_set,S_CROSS+S_DELAY,6,6,0,5,3,3,50.0,50.0,0.17729415895726763,-1.6969550727525318,9.049612963860557,-11.89402775764126
full,executed,component_set,S_DELAY,6,6,0,4,4,1,66.66666666666666,16.666666666666664,-0.9679963501421566,-2.2958924817978064,5.614846371614842,-9.041609038767868
full,ignored_flat,all,all,32,31,1,9,15,13,48.38709677419355,41.935483870967744,1.7926389132493397,0.42604554288405705,13.737444623090957,-10.523669360804469
full,ignored_flat,component,S_BLOWOFF,2,2,0,2,1,1,50.0,50.0,14.053967808080177,14.053967808080177,44.22127874833957,-10.089390207145465
full,ignored_flat,component,S_BEAR_RALLY,8,7,1,5,5,2,71.42857142857143,28.57142857142857,-1.050314926316691,-8.403392727092163,16.166967771685183,-10.396951745132645
full,ignored_flat,component,S_CROSS,3,3,0,2,1,2,33.33333333333333,66.66666666666666,9.135262601607682,13.650847175856097,12.484697245937378,-10.98685827111234
full,ignored_flat,component,S_DELAY,22,22,0,7,9,10,40.909090909090914,45.45454545454545,1.5825488717630003,0.7815832432507941,10.193156882606562,-10.603468525214502
full,ignored_flat,regime,bull,22,22,0,7,8,11,36.36363636363637,50.0,4.253503202169427,1.8199609022215402,14.123463068522717,-9.79126771645512
full,ignored_flat,regime,bear,10,9,1,6,7,2,77.77777777777779,22.22222222222222,-4.222807126333098,-8.695651827223239,12.79384397870222,-12.31398449143621
full,ignored_flat,regime,unknown,0,0,0,0,0,0,,,,,,
full,ignored_flat,symbol,AAOI,4,4,0,1,2,2,50.0,50.0,12.3205035915724,6.347360587408962,37.826532603171316,-11.59087213760977
full,ignored_flat,symbol,GOOGL,1,1,0,1,0,1,0.0,100.0,16.077589933379286,16.077589933379286,21.389612500709077,-0.2081511952146009
full,ignored_flat,symbol,MRNA,4,4,0,1,3,1,75.0,25.0,-6.369115018469322,-7.713861324525434,7.521179671700306,-13.166367609624913
full,ignored_flat,symbol,MSFT,0,0,0,0,0,0,,,,,,
full,ignored_flat,symbol,NFLX,1,1,0,1,1,0,100.0,0.0,-7.073552418239359,-7.073552418239359,2.197531660895935,-10.983498484512722
full,ignored_flat,symbol,NVDA,6,6,0,1,2,4,33.33333333333333,66.66666666666666,3.16535890885241,4.793456282085385,11.901049888439104,-10.021387563075878
full,ignored_flat,symbol,SNOW,4,4,0,1,2,1,50.0,25.0,2.293196678222559,1.5227745725071293,11.632993333791996,-8.05600400708914
full,ignored_flat,symbol,TQQQ,5,5,0,1,1,3,20.0,60.0,5.50292228065675,3.9562339727975404,11.572021062537534,-9.6744727981206
full,ignored_flat,symbol,TSLA,4,4,0,1,2,1,50.0,25.0,-3.077726099587774,-2.4203597570852664,6.479461493410922,-10.509144029536149
full,ignored_flat,symbol,YINN,3,2,1,1,2,0,100.0,0.0,-10.303216333880034,-10.303216333880034,9.583283051297142,-16.625930000356526
full,ignored_flat,component_set,S_BEAR_RALLY,8,7,1,5,5,2,71.42857142857143,28.57142857142857,-1.050314926316691,-8.403392727092163,16.166967771685183,-10.396951745132645
full,ignored_flat,component_set,S_BLOWOFF,2,2,0,2,1,1,50.0,50.0,14.053967808080177,14.053967808080177,44.22127874833957,-10.089390207145465
full,ignored_flat,component_set,S_CROSS+S_DELAY,3,3,0,2,1,2,33.33333333333333,66.66666666666666,9.135262601607682,13.650847175856097,12.484697245937378,-10.98685827111234
full,ignored_flat,component_set,S_DELAY,19,19,0,7,8,8,42.10526315789473,42.10526315789473,0.39001512494541946,0.6299586435899895,9.831334719975379,-10.542933302178005
full,suppressed_held,all,all,4,4,0,2,3,1,75.0,25.0,-12.727971718775333,-18.298350675825723,14.084490246472225,-23.301540879582138
full,suppressed_held,component,S_BLOWOFF,2,2,0,2,1,1,50.0,50.0,-7.157592761724942,-7.157592761724942,18.31675284587716,-23.240453761921604
full,suppressed_held,component,S_BEAR_RALLY,1,1,0,1,1,0,100.0,0.0,-14.810737806928264,-14.810737806928264,15.517520287335929,-17.920527996775213
full,suppressed_held,component,S_CROSS,0,0,0,0,0,0,,,,,,
full,suppressed_held,component,S_DELAY,1,1,0,1,1,0,100.0,0.0,-21.785963544723185,-21.785963544723185,4.186935006798653,-28.804727997710124
full,suppressed_held,regime,bull,2,2,0,2,1,1,50.0,50.0,-7.157592761724942,-7.157592761724942,18.31675284587716,-23.240453761921604
full,suppressed_held,regime,bear,2,2,0,1,2,0,100.0,0.0,-18.298350675825723,-18.298350675825723,9.852227647067291,-23.36262799724267
full,suppressed_held,regime,unknown,0,0,0,0,0,0,,,,,,
full,suppressed_held,symbol,AAOI,1,1,0,1,0,1,0.0,100.0,19.43501285047573,19.43501285047573,28.195953078882873,-11.353474771094296
full,suppressed_held,symbol,GOOGL,0,0,0,0,0,0,,,,,,
full,suppressed_held,symbol,MRNA,0,0,0,0,0,0,,,,,,
full,suppressed_held,symbol,MSFT,0,0,0,0,0,0,,,,,,
full,suppressed_held,symbol,NFLX,0,0,0,0,0,0,,,,,,
full,suppressed_held,symbol,NVDA,0,0,0,0,0,0,,,,,,
full,suppressed_held,symbol,SNOW,0,0,0,0,0,0,,,,,,
full,suppressed_held,symbol,TQQQ,0,0,0,0,0,0,,,,,,
full,suppressed_held,symbol,TSLA,0,0,0,0,0,0,,,,,,
full,suppressed_held,symbol,YINN,3,3,0,1,3,0,100.0,0.0,-23.448966575192355,-21.785963544723185,9.380669302335344,-27.284229582411417
full,suppressed_held,component_set,S_BEAR_RALLY,1,1,0,1,1,0,100.0,0.0,-14.810737806928264,-14.810737806928264,15.517520287335929,-17.920527996775213
full,suppressed_held,component_set,S_BLOWOFF,2,2,0,2,1,1,50.0,50.0,-7.157592761724942,-7.157592761724942,18.31675284587716,-23.240453761921604
full,suppressed_held,component_set,S_DELAY,1,1,0,1,1,0,100.0,0.0,-21.785963544723185,-21.785963544723185,4.186935006798653,-28.804727997710124
full,suppressed_flat,all,all,213,212,1,10,124,70,58.490566037735846,33.0188679245283,3.10467227182252,-2.4408846832835787,15.966909736160485,-12.657642245557568
full,suppressed_flat,component,S_BLOWOFF,8,7,1,1,4,3,57.14285714285714,42.857142857142854,17.871912921230667,-4.897962297712066,42.122679652311824,-22.93064808236711
full,suppressed_flat,component,S_BEAR_RALLY,8,8,0,5,6,2,75.0,25.0,-3.2801040864224644,-5.149755428233554,13.52203979607133,-12.693396788468835
full,suppressed_flat,component,S_CROSS,5,5,0,3,2,3,40.0,60.0,25.761290451928396,22.500943150354622,37.80765944109485,-8.064159824043688
full,suppressed_flat,component,S_DELAY,197,197,0,10,114,65,57.868020304568525,32.99492385786802,2.8392282429905547,-2.1036347845581505,15.136800954981066,-12.291159620172001
full,suppressed_flat,regime,bull,128,127,1,9,70,46,55.118110236220474,36.22047244094488,7.559011900769781,-1.4119728539921383,20.282155727508172,-13.079590506145443
full,suppressed_flat,regime,bear,85,85,0,9,54,24,63.52941176470588,28.235294117647058,-3.5506351737810387,-4.063931131834064,9.51942454908806,-12.02720190326745
full,suppressed_flat,regime,unknown,0,0,0,0,0,0,,,,,,
full,suppressed_flat,symbol,AAOI,26,26,0,1,12,12,46.15384615384615,46.15384615384615,15.869640788242325,1.9541813733589097,31.492837214213562,-14.63474209365006
full,suppressed_flat,symbol,GOOGL,4,4,0,1,1,1,25.0,25.0,5.08658741231431,0.1570866425217643,8.034148788483915,-6.738089016640322
full,suppressed_flat,symbol,MRNA,23,22,1,1,17,5,77.27272727272727,22.727272727272727,22.363289551486147,-9.32936535666757,43.7271522663874,-12.13084151454202
full,suppressed_flat,symbol,MSFT,7,7,0,1,4,0,57.14285714285714,0.0,1.1969652910164494,-0.04042640255058627,3.6971045552088415,-10.19360315819061
full,suppressed_flat,symbol,NFLX,19,19,0,1,11,5,57.89473684210527,26.31578947368421,-0.02744963880332871,-1.2039571601851207,5.837972838114736,-7.241892115411004
full,suppressed_flat,symbol,NVDA,9,9,0,1,6,3,66.66666666666666,33.33333333333333,-2.171596424480432,-1.4119728539921383,11.247468627391397,-8.430296033156473
full,suppressed_flat,symbol,SNOW,32,32,0,1,16,14,50.0,43.75,3.26778306710522,-0.5376550030673499,11.356437327777401,-8.279780852046645
full,suppressed_flat,symbol,TQQQ,38,38,0,1,20,15,52.63157894736842,39.473684210526315,-1.992829596727331,-1.307318701746285,11.06371483748552,-15.886164729824573
full,suppressed_flat,symbol,TSLA,26,26,0,1,17,8,65.38461538461539,30.76923076923077,-3.153609134827657,-3.642906925275441,8.53052346040949,-11.216208748362176
full,suppressed_flat,symbol,YINN,29,29,0,1,20,7,68.96551724137932,24.137931034482758,-6.962737955021246,-5.108358173318928,11.323722404857744,-19.448740730414585
full,suppressed_flat,component_set,S_BEAR_RALLY,8,8,0,5,6,2,75.0,25.0,-3.2801040864224644,-5.149755428233554,13.52203979607133,-12.693396788468835
full,suppressed_flat,component_set,S_BLOWOFF,8,7,1,1,4,3,57.14285714285714,42.857142857142854,17.871912921230667,-4.897962297712066,42.122679652311824,-22.93064808236711
full,suppressed_flat,component_set,S_CROSS+S_DELAY,5,5,0,3,2,3,40.0,60.0,25.761290451928396,22.500943150354622,37.80765944109485,-8.064159824043688
full,suppressed_flat,component_set,S_DELAY,192,192,0,10,112,62,58.333333333333336,32.29166666666667,2.242299539632797,-2.4408846832835787,14.54641401523852,-12.401237739862843
full,pending_at_cutoff,all,all,0,0,0,0,0,0,,,,,,
full,pending_at_cutoff,component,S_BLOWOFF,0,0,0,0,0,0,,,,,,
full,pending_at_cutoff,component,S_BEAR_RALLY,0,0,0,0,0,0,,,,,,
full,pending_at_cutoff,component,S_CROSS,0,0,0,0,0,0,,,,,,
full,pending_at_cutoff,component,S_DELAY,0,0,0,0,0,0,,,,,,
full,pending_at_cutoff,regime,bull,0,0,0,0,0,0,,,,,,
full,pending_at_cutoff,regime,bear,0,0,0,0,0,0,,,,,,
full,pending_at_cutoff,regime,unknown,0,0,0,0,0,0,,,,,,
full,pending_at_cutoff,symbol,AAOI,0,0,0,0,0,0,,,,,,
full,pending_at_cutoff,symbol,GOOGL,0,0,0,0,0,0,,,,,,
full,pending_at_cutoff,symbol,MRNA,0,0,0,0,0,0,,,,,,
full,pending_at_cutoff,symbol,MSFT,0,0,0,0,0,0,,,,,,
full,pending_at_cutoff,symbol,NFLX,0,0,0,0,0,0,,,,,,
full,pending_at_cutoff,symbol,NVDA,0,0,0,0,0,0,,,,,,
full,pending_at_cutoff,symbol,SNOW,0,0,0,0,0,0,,,,,,
full,pending_at_cutoff,symbol,TQQQ,0,0,0,0,0,0,,,,,,
full,pending_at_cutoff,symbol,TSLA,0,0,0,0,0,0,,,,,,
full,pending_at_cutoff,symbol,YINN,0,0,0,0,0,0,,,,,,
