window,group_by,group,trades,symbols,wins,win_rate_pct,mean_return_pct,median_return_pct,worst_return_pct,profit_to_loss,mean_peak_close_gain_pct,mean_giveback_pp,median_giveback_pp,max_giveback_pp,raw_s_count,emitted_s_count,suppressed_s_count
training,all,all,50,9,24,48.0,6.645423285558796,-0.4967422602022542,-34.38185233852087,21,26.05285484695974,19.193820351444412,21.22257936245282,38.34997972871126,19,16,3
training,exit_reason,signal,16,6,14,87.5,31.612698583927322,21.183427605214646,-7.5571202234804735,2,43.128035003559695,11.251715657259124,10.173965601222168,28.531053279413896,16,16,0
training,exit_reason,trail,28,8,4,14.285714285714285,-12.419979845098359,-14.42998412481034,-34.38185233852087,19,13.80396086758069,26.048517581550275,24.605670639793807,38.34997972871126,3,0,3
training,exit_reason,terminal,6,6,6,100.0,29.037903766309437,22.599240431364453,11.76681414720866,0,37.68054633312875,8.384179128777811,5.743050225625177,17.785600995803975,0,0,0
training,entry_kind,B,25,8,14,56.00000000000001,7.3765837959599425,8.481864091411184,-26.9742832525411,8,23.767659188841805,16.17599966549469,18.02896387355375,31.978616072767274,14,11,3
training,entry_kind,JF,25,6,10,40.0,5.914262775157648,-3.1678067374243724,-34.38185233852087,13,28.33805050507767,22.21164103739413,24.43324390935122,38.34997972871126,5,5,0
training,entry_kind,B+JF,0,0,0,,,,,0,,,,,0,0,0
training,entry_component,B_BASE_BULL,6,3,4,66.66666666666666,15.626342870623466,17.54871400257827,-21.59643001259398,2,31.32830866622578,15.47036576774826,18.36158223002721,23.050160177711977,2,2,0
training,entry_component,B_STAGE_COMPONENT,5,3,3,60.0,4.222049592871786,16.370420922658813,-23.185264576067965,1,22.253539650090026,17.82273287447378,19.71983583265369,20.88264402279184,2,2,0
training,entry_component,B_BEAR_RECOVER,10,5,6,60.0,7.37697240715722,6.71963621568027,-26.593404828411128,2,20.604899016131284,13.01285010319711,13.915178729605648,27.32743119771501,9,6,3
training,entry_component,B_CRASH_RECOVER,5,4,2,40.0,12.91769767599049,-5.003121316486691,-26.9742832525411,3,31.191269825752393,18.047397549080834,21.250471160089546,31.978616072767274,2,2,0
training,exit_s_component,S_BLOWOFF,3,3,3,100.0,68.34193276167777,25.85765548340815,14.444136202171842,0,87.46625924008491,18.787136912875066,14.686066606762036,28.531053279413896,3,3,0
training,exit_s_component,S_BEAR_RALLY,9,5,7,77.77777777777779,24.519131738669188,12.172843726286352,-7.5571202234804735,2,31.953067311371868,7.184523253130258,7.090072683788165,18.02896387355375,9,9,0
training,exit_s_component,S_CROSS,2,2,2,100.0,22.503882702312296,22.503882702312296,16.50919972702114,0,37.877989719702896,15.128731249709073,15.128731249709073,19.71983583265369,2,2,0
training,exit_s_component,S_DELAY,4,3,4,100.0,20.02629835244528,21.562381820383248,8.481864091411184,0,35.0180441335884,14.751332624837115,14.737595065507449,19.71983583265369,4,4,0
training,symbol,AAOI,7,1,2,28.57142857142857,18.492445518634874,-1.91320485993266,-25.39859610915135,5,39.901790750902855,21.172004389331192,26.37362011157598,31.978616072767274,2,2,0
training,symbol,GOOGL,2,1,1,50.0,-3.407421826704576,-3.407421826704576,-23.185264576067965,0,16.006319019195395,19.220265524965004,19.220265524965004,20.88264402279184,0,0,0
training,symbol,MRNA,4,1,1,25.0,-5.341523820061918,-8.996874879923045,-22.72557501230831,2,23.293964244781506,28.445886757947243,27.119439869130808,38.34997972871126,0,0,0
training,symbol,MSFT,2,1,1,50.0,7.071823888481051,7.071823888481051,-21.59643001259398,1,27.70416976731096,20.417880586757974,20.417880586757974,23.050160177711977,0,0,0
training,symbol,NFLX,3,1,3,100.0,33.416352293620236,26.615563913745355,8.481864091411184,0,44.075459988985244,10.391874207387596,9.81030453567988,18.93756346425044,2,2,0
training,symbol,SNOW,8,1,4,50.0,2.7601827593967165,2.909449490855148,-20.634647434082034,4,18.040406655848464,15.074394838829534,16.97755083163004,24.30256378956326,4,4,0
training,symbol,TQQQ,8,1,4,50.0,9.333360938057972,1.6626295779051663,-18.423402686815884,4,26.373554152071364,16.821198054173692,20.067753327837217,28.550309375601447,3,3,0
training,symbol,TSLA,4,1,3,75.0,13.042173583118089,18.338520266777756,-26.593404828411128,0,32.61754649862867,19.348948989089017,18.721306121891324,30.506779651429202,2,2,0
training,symbol,YINN,12,1,5,41.66666666666667,-2.6920636657316876,-6.0080959448238715,-34.38185233852087,5,18.727093342891607,21.224248822426883,24.795109616989908,34.194269407808385,6,3,3
validation,all,all,17,9,11,64.70588235294117,15.256358548990079,3.7543327154057726,-23.72333142580999,5,33.486555983906044,17.999338487139948,20.158623933837706,32.655740956791114,4,4,0
validation,exit_reason,signal,4,4,4,100.0,30.88805642595429,27.362588339449466,1.7986428200842397,0,43.6935165172898,12.543290790106877,10.133607130551969,24.23083467075753,4,4,0
validation,exit_reason,trail,9,6,3,33.33333333333333,-7.404252418126902,-9.627677945506441,-23.72333142580999,5,18.67853730552413,25.897320070398013,25.571277539367962,32.655740956791114,0,0,0
validation,exit_reason,terminal,4,4,4,100.0,50.61103534803907,50.97664809680496,25.093443715662822,0,56.59763747688163,5.684927621842358,4.9343657934765055,11.556148289072144,0,0,0
validation,entry_kind,B,9,8,8,88.88888888888889,17.366988996081155,16.47453362647122,-23.72333142580999,0,34.00045327165877,16.39837772656298,11.556148289072144,32.655740956791114,4,4,0
validation,entry_kind,JF,8,6,3,37.5,12.881899296012612,-7.035561137937252,-13.641687661864788,5,32.90842153518423,19.800419342789027,23.768995031599136,31.829276533526418,0,0,0
validation,entry_kind,B+JF,0,0,0,,,,,0,,,,,0,0,0
validation,entry_component,B_BASE_BULL,2,2,2,100.0,41.751469915652606,41.751469915652606,16.47453362647122,0,50.05443365647548,8.019034978866348,8.019034978866348,10.362955729166657,2,2,0
validation,entry_component,B_STAGE_COMPONENT,4,4,3,75.0,10.904032788506616,14.544409763704369,-23.72333142580999,0,27.65894951150679,16.532775501153477,15.665028486056853,24.89678650056293,1,1,0
validation,entry_component,B_BEAR_RECOVER,3,3,3,100.0,9.72794332646624,1.7986428200842397,0.19275887723202434,0,31.753138028650287,21.805409192240074,24.23083467075753,32.655740956791114,1,1,0
validation,entry_component,B_CRASH_RECOVER,0,0,0,,,,,0,,,,,0,0,0
validation,exit_s_component,S_BLOWOFF,2,2,2,100.0,52.63952462863085,52.63952462863085,38.25064305242771,0,63.07886933833619,10.133607130551969,10.133607130551969,10.362955729166657,2,2,0
validation,exit_s_component,S_BEAR_RALLY,0,0,0,,,,,0,,,,,0,0,0
validation,exit_s_component,S_CROSS,1,1,1,100.0,1.7986428200842397,1.7986428200842397,1.7986428200842397,0,26.233380580114552,24.23083467075753,24.23083467075753,24.23083467075753,1,1,0
validation,exit_s_component,S_DELAY,2,2,2,100.0,9.13658822327773,9.13658822327773,1.7986428200842397,0,24.308163696243412,14.952974449661784,14.952974449661784,24.23083467075753,2,2,0
validation,symbol,AAOI,3,1,2,66.66666666666666,-3.231532023075664,0.19275887723202434,-13.641687661864788,1,26.588727245645497,29.626431639805077,28.429344587402063,32.655740956791114,0,0,0
validation,symbol,GOOGL,1,1,1,100.0,3.995375811745916,3.995375811745916,3.995375811745916,0,29.100465466561865,24.89678650056293,24.89678650056293,24.89678650056293,0,0,0
validation,symbol,MRNA,3,1,1,33.33333333333333,-7.115318327964104,-9.809136752879121,-13.33546105109743,2,19.079671304133438,26.008941242704754,24.23083467075753,31.829276533526418,1,1,0
validation,symbol,MSFT,1,1,1,100.0,27.19242828208246,27.19242828208246,27.19242828208246,0,35.976847174509466,8.529651949171573,8.529651949171573,8.529651949171573,0,0,0
validation,symbol,NFLX,2,1,2,100.0,20.78398867106702,20.78398867106702,16.47453362647122,0,29.641550742934843,8.615631258819091,8.615631258819091,11.556148289072144,1,1,0
validation,symbol,NVDA,2,1,1,50.0,25.518768242858734,25.518768242858734,-23.72333142580999,0,36.32667699876409,10.5564941604115,10.5564941604115,19.77390868304156,0,0,0
validation,symbol,TQQQ,1,1,0,0.0,-4.443444330368063,-4.443444330368063,-4.443444330368063,1,15.906579767180485,20.158623933837706,20.158623933837706,20.158623933837706,0,0,0
validation,symbol,TSLA,2,1,1,50.0,28.70036412966377,28.70036412966377,-9.627677945506441,1,46.925268108728524,17.96711663426731,17.96711663426731,25.571277539367962,1,1,0
validation,symbol,YINN,2,1,2,100.0,56.82402226765562,56.82402226765562,38.25064305242771,0,62.74768598397965,5.609544571640779,5.609544571640779,9.90425853193728,1,1,0
recent,all,all,17,10,11,64.70588235294117,21.40095455266719,16.521418373581742,-27.047831583052417,5,39.00157503599265,17.35745388514491,13.482134186112015,40.94216153511245,9,8,1
recent,exit_reason,signal,8,7,6,75.0,22.947182659245268,17.88152500741751,-8.078611631424504,2,39.21340194061432,16.019955582098373,13.141308629425385,31.482994671444594,8,8,0
recent,exit_reason,trail,5,4,2,40.0,-0.6435485440404726,-10.97577608363295,-27.047831583052417,2,28.963075603578496,29.407612777429488,28.20835617933063,40.94216153511245,1,0,1
recent,exit_reason,terminal,4,4,3,75.0,45.86412721039562,25.075747621464206,-7.672306384325056,1,51.12604551726701,4.969751875882276,4.782883104341455,10.048340632594531,0,0,0
recent,entry_kind,B,10,9,5,50.0,8.509223461629691,1.6163959319473398,-27.047831583052417,4,29.979571008254773,21.253003137451337,18.69426910198635,40.94216153511245,6,5,1
recent,entry_kind,JF,7,4,6,85.71428571428571,39.81771325414934,33.52328016515871,-25.89098544678904,1,51.89015221847534,11.792383524707162,12.686205946180124,28.20835617933063,3,3,0
recent,entry_kind,B+JF,0,0,0,,,,,0,,,,,0,0,0
recent,entry_component,B_BASE_BULL,1,1,1,100.0,3.2947802138015625,3.2947802138015625,3.2947802138015625,0,25.31986621073543,21.818186138469397,21.818186138469397,21.818186138469397,1,0,1
recent,entry_component,B_STAGE_COMPONENT,5,4,1,20.0,-6.90657880823633,-8.078611631424504,-27.047831583052417,3,11.126728242824809,17.84684055557433,11.743040844537788,29.381327150370783,2,2,0
recent,entry_component,B_BEAR_RECOVER,4,4,3,75.0,29.082587110919253,29.495133307056708,-0.061988349906882956,1,54.710550664422065,25.36941061454309,23.526673368473947,40.94216153511245,3,3,0
recent,entry_component,B_CRASH_RECOVER,0,0,0,,,,,0,,,,,0,0,0
recent,exit_s_component,S_BLOWOFF,2,1,2,100.0,48.48237231317255,48.48237231317255,35.44300100700386,0,64.63337237456173,15.853589274973086,15.853589274973086,19.020972603766047,2,2,0
recent,exit_s_component,S_BEAR_RALLY,1,1,1,100.0,16.521418373581742,16.521418373581742,16.521418373581742,0,29.555294313991777,12.800483072738757,12.800483072738757,12.800483072738757,1,1,0
recent,exit_s_component,S_CROSS,2,2,1,50.0,22.43325996400151,22.43325996400151,-0.061988349906882956,1,46.2051676425293,23.526673368473947,23.526673368473947,31.482994671444594,2,2,0
recent,exit_s_component,S_DELAY,5,5,3,60.0,14.018259654807062,14.06175833620351,-8.078611631424504,2,30.977035292359865,16.730396606820413,13.482134186112015,31.482994671444594,5,5,0
recent,symbol,AAOI,3,1,3,100.0,33.41984161338222,35.44300100700386,3.2947802138015625,0,51.528870319952965,17.841788229471856,19.020972603766047,21.818186138469397,3,2,1
recent,symbol,GOOGL,2,1,1,50.0,5.784662628464111,5.784662628464111,-7.672306384325056,1,16.89224046994329,10.89569073856616,10.89569073856616,11.743040844537788,1,1,0
recent,symbol,MRNA,1,1,1,100.0,57.40207017947048,57.40207017947048,57.40207017947048,0,98.65950869154867,40.94216153511245,40.94216153511245,40.94216153511245,0,0,0
recent,symbol,MSFT,2,1,1,50.0,16.730645907625913,16.730645907625913,-0.061988349906882956,1,24.8820842227633,7.917626363877482,7.917626363877482,15.570352065503302,1,1,0
recent,symbol,NFLX,2,1,2,100.0,16.574816725675724,16.574816725675724,16.521418373581742,0,24.957685011389472,8.149368460929384,8.149368460929384,12.800483072738757,1,1,0
recent,symbol,NVDA,1,1,1,100.0,14.06175833620351,14.06175833620351,14.06175833620351,0,27.772358681080988,13.482134186112015,13.482134186112015,13.482134186112015,1,1,0
recent,symbol,SNOW,3,1,1,33.33333333333333,29.346167651045892,-25.89098544678904,-27.047831583052417,1,49.92654901713568,20.32130047425257,26.68803288386419,28.20835617933063,0,0,0
recent,symbol,TQQQ,1,1,1,100.0,44.928508277909906,44.928508277909906,44.928508277909906,0,76.7017953318747,31.482994671444594,31.482994671444594,31.482994671444594,1,1,0
recent,symbol,TSLA,1,1,0,0.0,-8.078611631424504,-8.078611631424504,-8.078611631424504,1,3.478968544127814,11.373461266504359,11.373461266504359,11.373461266504359,1,1,0
recent,symbol,YINN,1,1,0,0.0,-10.97577608363295,-10.97577608363295,-10.97577608363295,1,18.583866943784866,29.381327150370783,29.381327150370783,29.381327150370783,0,0,0
full,all,all,82,10,44,53.65853658536586,15.690496112805176,2.54671151694289,-34.38185233852087,31,38.73151201009004,22.809287370229786,22.903352907366294,116.31776245369203,35,31,4
full,exit_reason,signal,31,10,27,87.09677419354838,45.762196386267064,26.615563913745355,-8.078611631424515,4,65.00071311598856,18.946554466581336,12.686205946180124,116.31776245369203,31,31,0
full,exit_reason,trail,47,10,14,29.78723404255319,-6.7119982035284504,-9.80913675287911,-34.38185233852087,26,20.350163748141906,26.875305710453013,26.428567795526448,40.94216153511245,4,0,4
full,exit_reason,terminal,4,4,3,75.0,45.86412721039561,25.075747621464206,-7.672306384325056,1,51.12604551726701,4.969751875882276,4.782883104341455,10.048340632594531,0,0,0
full,entry_kind,B,42,10,25,59.523809523809526,16.928173391506157,3.6450780127737503,-27.047831583052417,12,38.05665224586509,20.894271254757705,20.613240816915784,76.60067403345829,25,21,4
full,entry_kind,JF,40,9,19,47.5,14.390934970169138,-0.4967422602022542,-34.38185233852087,19,39.44011476252623,24.82005429147547,24.637338239720318,116.31776245369203,10,10,0
full,entry_kind,B+JF,0,0,0,,,,,0,,,,,0,0,0
full,entry_component,B_BASE_BULL,8,5,6,75.0,24.62262586247305,14.009047786896943,-21.59643001259398,2,43.528654658357,18.65640917716705,19.874187137530633,34.02190367202716,5,4,1
full,entry_component,B_STAGE_COMPONENT,14,7,7,50.0,0.20003545122945823,-1.83846528628957,-27.047831583052417,4,19.824081250757242,19.42334472721722,20.094789753031154,29.425051522084413,5,5,0
full,entry_component,B_BEAR_RECOVER,16,8,11,68.75,32.214075849183445,6.985743273185274,-26.593404828411128,3,55.231755014809316,22.75285384218178,19.853190506703477,76.60067403345829,14,11,3
full,entry_component,B_CRASH_RECOVER,5,4,2,40.0,12.91769767599049,-5.003121316486691,-26.9742832525411,3,31.191269825752393,18.047397549080834,21.250471160089546,31.978616072767274,2,2,0
full,exit_s_component,S_BLOWOFF,9,4,9,100.0,93.33798426900663,61.521743619341265,14.444136202171842,0,127.19793436324228,33.47269333742506,14.686066606762036,116.31776245369203,9,9,0
full,exit_s_component,S_BEAR_RALLY,10,6,8,80.0,23.719360402160447,14.347131049934058,-7.5571202234804735,2,31.713290011633852,7.746119235091108,7.105499034565644,18.02896387355375,10,10,0
full,exit_s_component,S_CROSS,6,5,5,83.33333333333334,27.80253012335673,22.503882702312296,-0.06198834990690516,1,50.19882958470706,22.140310481663345,21.97533525170561,31.482994671444594,6,6,0
full,exit_s_component,S_DELAY,12,9,10,83.33333333333334,28.449385460967903,17.875415684137195,-8.078611631424515,2,46.09231643417718,17.385646339690386,14.526243125807659,31.482994671444594,12,12,0
full,symbol,AAOI,13,1,7,53.84615384615385,41.795829751979504,0.19275887723202434,-25.39859610915135,6,70.24612680458628,28.166279437720426,27.794209375222056,76.60067403345829,6,5,1
full,symbol,GOOGL,5,1,3,60.0,-0.16198960985536423,3.995375811745916,-23.185264576067965,1,18.979516888967844,18.941530564159915,20.88264402279184,27.136840820312493,1,1,0
full,symbol,MRNA,8,1,3,37.5,1.8362524894163057,-6.488471745151742,-22.72557501230831,4,31.134297447884375,29.09406653687696,27.119439869130808,40.94216153511245,1,1,0
full,symbol,MSFT,4,1,2,50.0,7.850273321260132,9.7371215662379,-21.59643001259398,2,26.293126995037134,18.226829144373525,19.31025612160764,34.02190367202716,1,1,0
full,symbol,NFLX,6,1,6,100.0,31.627093386167825,16.57481672567573,7.260260420213327,0,46.04258387023654,14.151840888848929,11.619935980979413,29.425051522084413,4,4,0
full,symbol,NVDA,3,1,2,66.66666666666666,16.96555805817546,14.06175833620351,-23.72333142580999,0,41.14737365030706,23.947533110893303,19.77390868304156,38.586556463526335,1,1,0
full,symbol,SNOW,11,1,5,45.45454545454545,10.010905911664668,-0.7935845204045111,-27.047831583052417,5,26.736627299835888,16.505369103035818,20.81081081081082,28.20835617933063,4,4,0
full,symbol,TQQQ,10,1,5,50.0,9.691765534772994,1.7713678125236774,-18.423402686815884,5,30.35968083156261,20.448202251107283,21.34133625600546,31.482994671444594,4,4,0
full,symbol,TSLA,7,1,4,57.14285714285714,14.49868728005362,10.819385050147368,-26.593404828411128,2,32.542812965157076,17.81478435591358,14.686066606762036,30.506779651429202,4,4,0
full,symbol,YINN,15,1,7,46.666666666666664,9.920404233016429,-4.459071666167269,-34.38185233852087,6,39.22952272116251,29.088947478235472,27.32743119771501,116.31776245369203,9,6,3
