symbol,kind,date,opportunity_pct,covered,missed,nearest_signal_date,signal_offset_days
AAOI,buy,2023-06-22,204.5092732179539,False,True,,
YINN,buy,2024-09-10,193.5116233482517,False,True,,
AAOI,buy,2026-02-17,190.84349632403072,False,True,,
AAOI,buy,2024-10-30,147.40787035652647,False,True,,
AAOI,buy,2023-07-31,140.532539620511,False,True,,
AAOI,buy,2023-11-10,121.42857218883476,False,True,,
AAOI,buy,2025-06-13,97.74576954081328,False,True,,
AAOI,buy,2026-03-31,92.35718328005733,False,True,,
TEM,buy,2024-07-25,92.01995743140156,False,True,,
TEM,buy,2024-10-28,84.5600149222243,False,True,,
AAOI,buy,2022-07-26,81.54762187748818,False,True,,
TEM,buy,2024-06-25,80.72917574109209,False,True,,
SNOW,buy,2026-04-30,80.42957144723812,False,True,,
AAOI,buy,2022-09-02,78.57142781116524,False,True,,
AAOI,buy,2024-08-05,77.82426589024898,False,True,,
YINN,buy,2022-10-24,75.36293578579382,False,True,,
TEM,buy,2026-07-28,72.0348958900662,False,True,,
YINN,buy,2024-04-16,65.97260775631422,False,True,,
TQQQ,buy,2025-04-21,65.34744855396492,False,True,,
MRNA,buy,2026-06-02,63.15674372383342,False,True,,
TSLA,buy,2024-10-14,63.010782965723045,False,True,,
MRNA,buy,2021-11-05,61.610743088500456,False,True,,
TQQQ,buy,2026-03-30,60.501406634195035,False,True,,
YINN,buy,2022-05-12,60.23147676107725,False,True,,
TSLA,buy,2024-06-11,58.36840096589064,False,True,,
YINN,buy,2025-01-10,56.93305585186516,False,True,,
SNOW,buy,2024-11-04,56.39768388519797,False,True,,
YINN,buy,2022-12-20,55.73321655142993,False,True,,
TSLA,buy,2023-05-16,55.317381174708366,False,True,,
TEM,buy,2025-08-01,55.20975385014006,False,True,,
TEM,buy,2025-04-09,55.01225119217634,False,True,,
MRNA,buy,2022-06-13,54.12757328587654,False,True,,
TQQQ,buy,2022-03-14,54.04941453396847,False,True,,
AAOI,buy,2026-05-08,53.4677568627223,False,True,,
MRNA,buy,2022-10-20,52.41981014229313,False,True,,
TSLA,buy,2025-04-21,52.242806068500045,False,True,,
AAOI,buy,2026-01-08,50.413471103289844,False,True,,
TSLA,buy,2022-03-14,48.70561179856061,False,True,,
MRNA,buy,2026-02-11,48.448203279089476,False,True,,
AAOI,buy,2022-12-28,47.39883954925934,False,True,,
MRNA,buy,2023-12-01,45.39970318624085,False,True,,
TSLA,buy,2024-11-27,45.36420735064315,False,True,,
TQQQ,buy,2022-07-14,44.72785303115965,False,True,,
YINN,buy,2023-07-06,44.61585668790822,False,True,,
AAOI,buy,2024-01-29,44.31487201467959,False,True,,
TQQQ,buy,2023-10-26,43.825197788580404,False,True,,
NVDA,buy,2023-01-06,43.60768669965049,False,True,,
MRNA,buy,2024-05-10,42.68854062015539,False,True,,
MRNA,buy,2022-03-08,42.343368801040995,False,True,,
NFLX,buy,2022-07-13,39.29141497544653,False,True,,
SNOW,buy,2022-06-14,38.8790532323394,False,True,,
YINN,buy,2024-02-02,38.62397791841228,False,True,,
NVDA,buy,2025-04-21,38.034022867484566,False,True,,
YINN,buy,2022-01-05,37.172776123910126,False,True,,
TQQQ,buy,2023-05-04,37.131238325001604,False,True,,
TEM,buy,2025-05-28,36.67580243115012,False,True,,
AAOI,buy,2025-09-25,36.31178522470526,False,True,,
SNOW,buy,2022-08-22,35.749177334725644,False,True,,
YINN,buy,2025-03-03,35.648618842870604,False,True,,
YINN,buy,2026-06-26,35.49424971657238,False,True,,
YINN,buy,2024-11-14,35.18785316612978,False,True,,
TSLA,buy,2022-07-05,35.14025483857275,False,True,,
TSLA,buy,2025-09-02,34.54057117032177,False,True,,
MRNA,buy,2025-06-18,33.761184808512866,False,True,,
SNOW,buy,2025-04-21,33.20562714557755,False,True,,
TQQQ,buy,2022-11-04,33.09467629029654,False,True,,
NVDA,buy,2024-01-03,32.92231520116226,False,True,,
MRNA,buy,2024-02-13,32.7870743657578,False,True,,
MSFT,buy,2026-07-23,32.729620635860044,False,True,,
TEM,buy,2025-09-25,32.54557813079499,False,True,,
TEM,buy,2026-06-09,32.19522076141323,False,True,,
SNOW,buy,2023-05-25,32.057743180845534,False,True,,
YINN,buy,2023-03-15,31.884439240000685,False,True,,
MRNA,buy,2026-05-01,31.24448354537226,False,True,,
NVDA,buy,2022-10-13,30.820266682359552,False,True,,
TQQQ,buy,2021-10-04,30.80766556414025,False,True,,
NFLX,buy,2022-12-28,30.312873060489576,False,True,,
NVDA,buy,2024-02-21,29.82339159604286,False,True,,
NVDA,buy,2021-10-04,29.794476739238963,False,True,,
SNOW,buy,2025-08-20,29.656142657848285,False,True,,
SNOW,buy,2023-04-25,29.56996889036605,False,True,,
NFLX,buy,2022-09-27,29.561587165849623,False,True,,
NVDA,buy,2022-03-08,29.298254657080648,False,True,,
TQQQ,buy,2023-03-13,29.27550123806375,False,True,,
TQQQ,buy,2024-09-06,28.584180167375628,False,True,,
NVDA,buy,2022-07-13,27.574797596700297,False,True,,
NFLX,buy,2023-05-02,27.57361882397884,False,True,,
AAOI,buy,2023-09-13,27.510922486266452,False,True,,
YINN,buy,2022-06-13,27.426663287146358,False,True,,
AAOI,buy,2024-05-13,27.34375247382563,False,True,,
GOOGL,buy,2025-08-20,27.153945178054606,False,True,,
NFLX,buy,2025-04-07,27.070268791409436,False,True,,
TSLA,buy,2022-05-24,27.054578183446097,False,True,,
GOOGL,buy,2026-03-30,27.02488196720052,False,True,,
MRNA,buy,2025-05-15,26.937570891319893,False,True,,
TQQQ,buy,2022-05-20,26.509952648205658,False,True,,
MSFT,buy,2025-04-21,26.476413165910206,False,True,,
AAOI,buy,2025-08-11,26.432257423569915,False,True,,
NVDA,buy,2024-08-05,26.406008412906612,False,True,,
MRNA,buy,2022-11-30,25.281123010246386,False,True,,
TQQQ,buy,2024-11-15,25.170179596462038,False,True,,
TSLA,buy,2021-12-21,25.095789726972484,False,True,,
AAOI,buy,2024-12-17,24.83363201280888,False,True,,
MRNA,buy,2021-12-10,24.827117441578817,False,True,,
TQQQ,buy,2024-01-05,24.811403838543455,False,True,,
TSLA,buy,2024-08-28,24.761675973582363,False,True,,
YINN,buy,2023-10-31,24.735979031871082,False,True,,
AAOI,buy,2022-03-14,24.699997901916504,False,True,,
SNOW,buy,2024-01-17,24.610785708840986,False,True,,
TQQQ,buy,2023-06-26,24.544271047663724,False,True,,
MRNA,buy,2025-09-12,24.235396995247992,False,True,,
NFLX,buy,2022-11-07,24.1805159556989,False,True,,
NFLX,buy,2024-01-02,24.034928169946834,False,True,,
YINN,buy,2023-08-21,23.911567271635704,False,True,,
TSLA,buy,2023-10-31,23.87277412108093,False,True,,
TEM,buy,2024-09-11,23.682507902839678,False,True,,
MRNA,buy,2021-08-30,23.6599190165077,False,True,,
NVDA,buy,2023-10-31,23.63761308029535,False,True,,
YINN,buy,2025-09-04,23.57601315131155,False,True,,
YINN,buy,2026-03-27,23.512285033882897,False,True,,
SNOW,buy,2026-07-28,23.492242594582734,False,True,,
NFLX,buy,2025-01-14,23.48166889316858,False,True,,
TQQQ,buy,2023-12-04,23.465652022245177,False,True,,
YINN,buy,2025-07-09,23.11380166674255,False,True,,
TSLA,buy,2023-06-26,23.043085753150507,False,True,,
NVDA,buy,2024-04-19,22.681302893248546,False,True,,
NVDA,buy,2025-02-03,22.640221925625003,False,True,,
MRNA,buy,2022-07-14,22.633541889072205,False,True,,
NVDA,buy,2022-11-21,22.586122333990954,False,True,,
SNOW,buy,2021-10-05,22.488218365293555,False,True,,
AAOI,buy,2021-10-06,22.43126230046677,False,True,,
TQQQ,buy,2024-05-31,22.119122289001993,False,True,,
YINN,buy,2025-05-30,22.0893768448426,False,True,,
GOOGL,buy,2023-01-06,22.05748950785571,False,True,,
NVDA,buy,2024-09-06,21.729597170431525,False,True,,
SNOW,buy,2023-03-10,21.55716663600744,False,True,,
GOOGL,buy,2024-11-21,21.44708517118088,False,True,,
GOOGL,buy,2025-10-10,21.389612500709077,False,True,,
TSLA,buy,2026-07-29,21.076969018862425,False,True,,
GOOGL,buy,2023-04-26,21.04356534143823,False,True,,
TSLA,buy,2026-04-27,21.009929208795832,False,True,,
SNOW,buy,2024-12-30,20.827185869274988,False,True,,
TSLA,buy,2025-11-14,20.82309294598035,False,True,,
TEM,buy,2025-11-18,20.78550267455237,False,True,,
GOOGL,buy,2026-07-23,20.746182643317468,False,True,,
NFLX,buy,2024-11-01,20.561913384079112,False,True,,
NVDA,buy,2022-05-20,20.554253894892828,False,True,,
AAOI,buy,2022-05-24,20.283023111758492,False,True,,
NVDA,buy,2025-06-13,20.26507607679573,False,True,,
NFLX,buy,2023-10-27,19.970174538396513,False,True,,
TSLA,buy,2021-11-15,19.79846189658541,False,True,,
AAOI,buy,2025-02-04,19.767443690646648,False,True,,
GOOGL,buy,2022-11-03,19.73067701762863,False,True,,
TSLA,buy,2025-06-05,19.646630060821725,False,True,,
NVDA,buy,2022-01-24,19.42251309303582,False,True,,
YINN,buy,2022-08-02,19.219546535675658,False,True,,
NVDA,buy,2023-03-13,19.169218822387577,False,True,,
SNOW,buy,2023-10-26,19.000685957191955,False,True,,
MSFT,buy,2026-03-30,18.968598746280453,False,True,,
TQQQ,buy,2025-10-10,18.920248654275994,False,True,,
TQQQ,buy,2026-05-19,18.895938647651555,False,True,,
NVDA,buy,2026-05-04,18.685393710056218,False,True,,
GOOGL,buy,2023-02-24,18.604643463132085,False,True,,
TQQQ,buy,2022-09-06,18.525611901022533,False,True,,
TQQQ,buy,2025-09-02,18.42667545425696,False,True,,
SNOW,buy,2024-08-05,18.38799890377367,False,True,,
NFLX,buy,2022-03-14,18.322899170067085,False,True,,
NFLX,buy,2023-03-13,18.187652120026666,False,True,,
NVDA,buy,2023-04-25,17.872743358768627,False,True,,
NVDA,buy,2023-06-26,17.86563764555227,False,True,,
MSFT,buy,2023-01-19,17.840419418540463,False,True,,
NVDA,buy,2026-07-29,17.818558678977702,False,True,,
NVDA,buy,2025-10-22,17.608915084186783,False,True,,
TQQQ,buy,2023-08-18,17.60236652832443,False,True,,
MRNA,buy,2025-03-04,17.292304405799275,False,True,,
TQQQ,buy,2025-11-21,17.227928954505288,False,True,,
TSLA,buy,2023-03-13,17.19022962451211,False,True,,
GOOGL,buy,2024-03-05,16.992195917723585,False,True,,
MSFT,buy,2021-10-04,16.880835862587617,False,True,,
YINN,buy,2024-06-27,16.739892037029037,False,True,,
TQQQ,buy,2021-12-20,16.52901129126998,False,True,,
TQQQ,buy,2023-09-27,16.45828269842733,False,True,,
MRNA,buy,2023-03-10,16.391072314140875,False,True,,
TSLA,buy,2024-02-05,16.02053965016119,False,True,,
TQQQ,buy,2025-06-23,16.017502234754133,False,True,,
YINN,buy,2021-11-05,16.007533416677155,False,True,,
SNOW,buy,2023-08-18,15.624586694204702,False,True,,
YINN,buy,2024-03-05,15.521908462737821,False,True,,
MRNA,buy,2022-05-12,15.433450642988845,False,True,,
MSFT,buy,2022-11-04,15.374561367392015,False,True,,
TSLA,buy,2025-01-02,15.272092264392544,False,True,,
SNOW,buy,2025-10-17,15.137223000591327,False,True,,
GOOGL,buy,2025-11-14,15.064031064754646,False,True,,
TEM,buy,2025-01-13,137.6737214367326,True,False,2025-01-15,2.0
AAOI,buy,2023-05-15,124.84849040939578,True,False,2023-05-10,-3.0
AAOI,buy,2025-04-21,107.2477940093374,True,False,2025-04-24,3.0
AAOI,buy,2026-07-29,93.14938025241717,True,False,2026-07-30,1.0
AAOI,buy,2025-11-21,90.29312585485837,True,False,2025-11-21,0.0
MRNA,buy,2025-12-31,85.04861181401388,True,False,2026-01-06,3.0
AAOI,buy,2025-03-10,67.965991067363,True,False,2025-03-12,2.0
TSLA,buy,2023-01-06,67.28312166402381,True,False,2023-01-09,1.0
TQQQ,buy,2023-01-06,51.82525764629617,True,False,2023-01-10,2.0
AAOI,buy,2024-07-02,51.374995708465576,True,False,2024-07-08,3.0
MRNA,buy,2025-11-21,51.094281060822986,True,False,2025-11-21,0.0
YINN,buy,2025-04-08,50.36704014502072,True,False,2025-04-09,1.0
YINN,buy,2023-05-31,42.95565743393026,True,False,2023-06-06,4.0
YINN,buy,2021-10-04,41.55153996615013,True,False,2021-10-07,3.0
SNOW,buy,2023-01-06,40.454289266120384,True,False,2023-01-11,3.0
SNOW,buy,2022-03-15,39.261099493043105,True,False,2022-03-16,1.0
TSLA,buy,2024-04-22,38.74973318677457,True,False,2024-04-25,3.0
TEM,buy,2026-04-10,36.43629446736192,True,False,2026-04-14,2.0
YINN,buy,2022-03-15,35.47619410923548,True,False,2022-03-15,0.0
TQQQ,buy,2024-08-05,35.15607811001102,True,False,2024-08-05,0.0
NFLX,buy,2026-02-23,32.298954179609396,True,False,2026-02-25,2.0
NVDA,buy,2026-03-30,29.861651940965107,True,False,2026-04-06,4.0
MRNA,buy,2025-01-13,29.16073842117337,True,False,2025-01-13,0.0
AAOI,buy,2023-03-28,29.120870159669067,True,False,2023-03-28,0.0
TQQQ,buy,2026-07-29,27.433339055691143,True,False,2026-08-04,4.0
TQQQ,buy,2024-04-19,27.4315125802844,True,False,2024-04-26,5.0
TEM,buy,2025-12-31,26.77296627087835,True,False,2026-01-02,1.0
YINN,buy,2024-08-05,26.30167335808553,True,False,2024-08-05,0.0
SNOW,buy,2022-01-28,26.241375568726056,True,False,2022-02-01,2.0
TSLA,buy,2023-08-18,25.92191701353923,True,False,2023-08-21,1.0
SNOW,buy,2026-06-25,24.068888415492594,True,False,2026-06-26,1.0
MRNA,buy,2024-11-15,23.76141085841439,True,False,2024-11-18,1.0
TEM,buy,2026-02-12,21.473352053052984,True,False,2026-02-19,4.0
NFLX,buy,2022-01-24,20.926301106115265,True,False,2022-01-31,5.0
TQQQ,buy,2022-01-24,20.72020291059342,True,False,2022-01-24,0.0
SNOW,buy,2022-11-09,19.91434167095605,True,False,2022-11-10,1.0
NFLX,buy,2024-05-01,19.465130085070868,True,False,2024-05-03,2.0
MRNA,buy,2023-08-16,19.274676475205798,True,False,2023-08-17,1.0
NFLX,buy,2024-08-05,18.432624470677574,True,False,2024-08-09,4.0
SNOW,buy,2024-06-25,18.41850448939408,True,False,2024-06-26,1.0
TSLA,buy,2025-03-11,18.052748427490517,True,False,2025-03-12,1.0
GOOGL,buy,2022-01-24,17.71515229453704,True,False,2022-01-31,5.0
YINN,buy,2025-12-16,17.294278353189352,True,False,2025-12-19,3.0
NFLX,buy,2022-05-12,17.05803417336633,True,False,2022-05-13,1.0
SNOW,buy,2026-02-05,16.142942979420006,True,False,2026-02-10,3.0
NFLX,buy,2026-07-17,15.237124866231543,True,False,2026-07-17,0.0
YINN,sell,2025-03-18,59.61901233013464,False,True,,
YINN,sell,2022-02-10,57.84946154522639,False,True,,
YINN,sell,2022-10-05,57.49189222181166,False,True,,
TEM,sell,2025-02-14,53.26895306308897,False,True,,
AAOI,sell,2025-02-10,52.8337345559466,False,True,,
AAOI,sell,2025-03-17,52.507165992430174,False,True,,
NFLX,sell,2022-03-29,51.79822989437729,False,True,,
TEM,sell,2024-12-02,48.135103421222205,False,True,,
TQQQ,sell,2025-03-25,47.478991818415594,False,True,,
AAOI,sell,2025-10-29,46.361266744877724,False,True,,
AAOI,sell,2023-07-13,46.23852900368678,False,True,,
MRNA,sell,2021-12-31,44.08789215804924,False,True,,
TQQQ,sell,2021-12-28,43.762782824160496,False,True,,
TSLA,sell,2022-12-01,43.56033029892047,False,True,,
YINN,sell,2022-04-04,42.90844021277107,False,True,,
TQQQ,sell,2024-07-10,42.567967452442545,False,True,,
NFLX,sell,2021-12-30,42.38455070418783,False,True,,
AAOI,sell,2024-02-16,41.40926281064953,False,True,,
AAOI,sell,2024-12-26,41.154514987185784,False,True,,
AAOI,sell,2026-06-04,40.75279270836813,False,True,,
AAOI,sell,2024-07-16,40.65544878739339,False,True,,
TSLA,sell,2025-02-19,39.96846604243134,False,True,,
AAOI,sell,2023-10-02,39.78300547259002,False,True,,
TQQQ,sell,2022-03-29,39.41309465820192,False,True,,
AAOI,sell,2023-03-09,39.285711548766265,False,True,,
MRNA,sell,2021-10-26,38.71895229807779,False,True,,
MRNA,sell,2023-10-11,38.676471336215144,False,True,,
AAOI,sell,2026-07-14,38.59514489839842,False,True,,
YINN,sell,2023-01-27,37.89968045333797,False,True,,
TEM,sell,2025-03-25,37.48165985648679,False,True,,
YINN,sell,2022-08-26,37.415842780916044,False,True,,
AAOI,sell,2022-06-08,37.39496059281675,False,True,,
YINN,sell,2023-07-31,36.70395189911576,False,True,,
TQQQ,sell,2025-02-19,36.65740456120938,False,True,,
AAOI,sell,2023-08-24,36.101451319522425,False,True,,
MRNA,sell,2026-07-06,35.85870788534646,False,True,,
YINN,sell,2022-07-07,35.674276618256684,False,True,,
TQQQ,sell,2022-06-02,35.666864810550415,False,True,,
MRNA,sell,2024-07-12,35.53261711105002,False,True,,
NVDA,sell,2022-03-29,35.38015699775355,False,True,,
TQQQ,sell,2022-09-12,35.19828947656647,False,True,,
AAOI,sell,2021-12-27,35.06261153212296,False,True,,
TEM,sell,2024-08-22,34.81269589993797,False,True,,
MRNA,sell,2021-09-23,34.480450952942185,False,True,,
SNOW,sell,2024-02-27,34.34886002463096,False,True,,
SNOW,sell,2022-04-29,34.17885028413906,False,True,,
YINN,sell,2021-11-16,34.17412488083339,False,True,,
MRNA,sell,2024-10-29,34.15486492484373,False,True,,
TSLA,sell,2022-05-04,33.91301037127111,False,True,,
AAOI,sell,2023-12-19,33.83259932622702,False,True,,
YINN,sell,2026-06-02,33.64336006557658,False,True,,
SNOW,sell,2026-03-12,33.60273656197565,False,True,,
MRNA,sell,2021-11-29,33.58268290995596,False,True,,
MRNA,sell,2025-03-13,33.55338829752931,False,True,,
AAOI,sell,2024-05-24,33.490199668734675,False,True,,
TEM,sell,2026-07-01,33.273320006657926,False,True,,
MRNA,sell,2025-01-07,32.89915639089236,False,True,,
YINN,sell,2021-09-07,32.21476704802638,False,True,,
AAOI,sell,2026-03-11,31.987364512702708,False,True,,
TSLA,sell,2022-09-21,31.91488906972778,False,True,,
AAOI,sell,2022-04-21,31.632654716219456,False,True,,
TQQQ,sell,2022-02-02,31.54079670316272,False,True,,
AAOI,sell,2025-07-15,31.265122643900323,False,True,,
MRNA,sell,2022-08-04,31.257295995892964,False,True,,
NVDA,sell,2021-12-28,31.001222232856062,False,True,,
YINN,sell,2023-12-29,30.99897236927567,False,True,,
TSLA,sell,2022-01-04,30.928359797248206,False,True,,
NVDA,sell,2022-08-15,30.766385178167234,False,True,,
TSLA,sell,2026-07-01,30.520315390367735,False,True,,
SNOW,sell,2026-01-08,30.44563009076805,False,True,,
AAOI,sell,2023-04-12,30.43478012986349,False,True,,
YINN,sell,2023-11-15,30.000002879016808,False,True,,
TSLA,sell,2023-12-28,29.415917973154336,False,True,,
MRNA,sell,2022-04-13,29.408621673074343,False,True,,
AAOI,sell,2022-10-18,29.351539724236776,False,True,,
TEM,sell,2025-10-09,28.71159641486515,False,True,,
AAOI,sell,2022-02-18,28.571425327638234,False,True,,
TEM,sell,2026-01-12,28.46551252339942,False,True,,
YINN,sell,2026-02-10,28.405280749267646,False,True,,
MRNA,sell,2024-08-19,28.16001552552757,False,True,,
TQQQ,sell,2022-12-01,27.912879678781223,False,True,,
YINN,sell,2023-05-08,27.874999046325687,False,True,,
YINN,sell,2024-05-17,27.826357651571378,False,True,,
SNOW,sell,2022-10-25,27.69729420697118,False,True,,
MRNA,sell,2025-07-23,27.61087643841098,False,True,,
TSLA,sell,2023-10-10,27.096168886241433,False,True,,
TQQQ,sell,2026-06-30,26.841972485333375,False,True,,
SNOW,sell,2022-03-29,26.799712500382256,False,True,,
AAOI,sell,2022-08-16,26.736117664862302,False,True,,
NVDA,sell,2025-03-17,26.593218011371157,False,True,,
TSLA,sell,2022-11-01,26.4776113176421,False,True,,
AAOI,sell,2025-05-13,26.464840057451433,False,True,,
SNOW,sell,2025-03-25,26.431853920905912,False,True,,
MRNA,sell,2026-01-22,26.413316917238795,False,True,,
AAOI,sell,2024-03-21,26.190472637753537,False,True,,
AAOI,sell,2022-12-05,25.833333071909447,False,True,,
SNOW,sell,2021-12-22,25.43661627970951,False,True,,
MRNA,sell,2024-06-06,25.374696214863413,False,True,,
AAOI,sell,2021-10-14,24.898507564192506,False,True,,
YINN,sell,2023-03-02,24.898373597643264,False,True,,
TSLA,sell,2025-01-17,24.85669492044297,False,True,,
SNOW,sell,2023-02-15,24.818714878015346,False,True,,
YINN,sell,2024-07-12,24.745624742465232,False,True,,
YINN,sell,2023-10-11,24.677418124291208,False,True,,
NVDA,sell,2022-06-02,24.578138319054375,False,True,,
YINN,sell,2024-11-07,24.49404169237235,False,True,,
SNOW,sell,2022-09-15,24.419994549697034,False,True,,
TSLA,sell,2021-11-22,24.10172640702404,False,True,,
YINN,sell,2025-10-02,23.96709276059701,False,True,,
TSLA,sell,2023-03-31,23.780705154342662,False,True,,
TQQQ,sell,2025-10-29,23.703516043500095,False,True,,
AAOI,sell,2026-05-01,23.5442885960752,False,True,,
TSLA,sell,2024-03-26,23.488230941065446,False,True,,
SNOW,sell,2021-11-17,23.406018708881582,False,True,,
TEM,sell,2025-12-08,23.317685181214532,False,True,,
TQQQ,sell,2021-09-07,23.279085735294714,False,True,,
TSLA,sell,2025-05-29,23.15200272900223,False,True,,
SNOW,sell,2025-02-18,22.832979727827396,False,True,,
NVDA,sell,2022-12-13,22.81091787722388,False,True,,
MRNA,sell,2023-02-15,22.77113421985422,False,True,,
YINN,sell,2024-12-09,22.7386926395153,False,True,,
TSLA,sell,2022-02-07,22.697203927446928,False,True,,
MRNA,sell,2022-02-11,22.54611849482313,False,True,,
AAOI,sell,2024-09-24,22.374999523162852,False,True,,
TSLA,sell,2025-03-27,22.25487682727025,False,True,,
MRNA,sell,2024-09-30,22.151049516284093,False,True,,
MRNA,sell,2022-06-08,22.127175412856293,False,True,,
TQQQ,sell,2023-10-12,22.051672458554872,False,True,,
MSFT,sell,2026-06-01,21.85821509319853,False,True,,
TQQQ,sell,2024-03-21,21.551307488401548,False,True,,
TEM,sell,2026-04-16,21.453566677216386,False,True,,
SNOW,sell,2022-12-13,21.2843233368731,False,True,,
MRNA,sell,2026-04-21,21.155236277797542,False,True,,
NVDA,sell,2024-03-25,21.12131908430388,False,True,,
TEM,sell,2024-07-17,21.077964020136385,False,True,,
TQQQ,sell,2023-07-31,21.031470494364125,False,True,,
SNOW,sell,2023-05-18,21.012249478095157,False,True,,
MRNA,sell,2023-07-13,20.952455060432563,False,True,,
NFLX,sell,2022-02-01,20.86558947390369,False,True,,
GOOGL,sell,2022-03-29,20.86445438156761,False,True,,
TEM,sell,2024-10-18,20.84507133061627,False,True,,
TEM,sell,2025-06-16,20.840306639945204,False,True,,
NVDA,sell,2025-01-07,20.73923363380382,False,True,,
TSLA,sell,2023-02-28,20.513070013354117,False,True,,
TQQQ,sell,2022-10-25,20.443840152387484,False,True,,
NVDA,sell,2022-02-10,20.319496346922538,False,True,,
TQQQ,sell,2024-12-16,20.303582718028235,False,True,,
MRNA,sell,2025-10-30,19.9281219200519,False,True,,
SNOW,sell,2024-05-23,19.927908704198217,False,True,,
TEM,sell,2026-02-20,19.815744747215458,False,True,,
TQQQ,sell,2023-09-01,19.58908040860672,False,True,,
NFLX,sell,2025-02-14,19.386795331846997,False,True,,
TSLA,sell,2023-07-19,19.380452550056106,False,True,,
YINN,sell,2023-09-01,19.333921034305746,False,True,,
SNOW,sell,2025-12-02,19.29697063801593,False,True,,
NVDA,sell,2024-08-26,19.27229549409981,False,True,,
MSFT,sell,2021-12-29,19.262383423629338,False,True,,
TSLA,sell,2024-09-30,19.24849058999757,False,True,,
TQQQ,sell,2024-08-22,19.202279036128445,False,True,,
MRNA,sell,2023-04-14,19.18901780367377,False,True,,
NFLX,sell,2025-11-13,19.184762495851416,False,True,,
TEM,sell,2025-01-07,19.13356988785302,False,True,,
TEM,sell,2025-05-14,18.90432598423306,False,True,,
AAOI,sell,2025-08-18,18.812697919181332,False,True,,
MRNA,sell,2024-01-29,18.790459063113918,False,True,,
TQQQ,sell,2026-01-28,18.48990596781972,False,True,,
MSFT,sell,2026-01-07,18.47726388383688,False,True,,
SNOW,sell,2024-07-05,18.435558313468835,False,True,,
SNOW,sell,2023-07-19,18.43042947214977,False,True,,
GOOGL,sell,2024-07-10,18.39347500926296,False,True,,
SNOW,sell,2022-06-02,18.310117884266752,False,True,,
TSLA,sell,2024-02-16,18.161428383820965,False,True,,
NFLX,sell,2022-06-08,18.126094895558765,False,True,,
SNOW,sell,2026-06-01,18.071205226421007,False,True,,
SNOW,sell,2022-07-08,17.886747058905872,False,True,,
YINN,sell,2025-07-23,17.780526017486707,False,True,,
MRNA,sell,2022-12-14,17.441359571992475,False,True,,
NFLX,sell,2025-03-25,17.37857001492239,False,True,,
NVDA,sell,2025-10-29,17.35315228071116,False,True,,
NFLX,sell,2023-09-05,17.277812443186836,False,True,,
NVDA,sell,2022-09-21,17.26855411003725,False,True,,
MRNA,sell,2026-03-04,17.232906901698364,False,True,,
YINN,sell,2022-11-15,16.893105450225733,False,True,,
GOOGL,sell,2025-03-25,16.84615456846339,False,True,,
TSLA,sell,2026-03-11,16.76785716706669,False,True,,
MRNA,sell,2023-08-30,16.600825683408694,False,True,,
GOOGL,sell,2022-10-06,16.534804595424703,False,True,,
NVDA,sell,2023-10-12,16.460817063329657,False,True,,
SNOW,sell,2024-12-06,16.419215246795503,False,True,,
MRNA,sell,2025-04-30,16.347541794225194,False,True,,
SNOW,sell,2023-09-11,16.06086027521646,False,True,,
GOOGL,sell,2021-12-27,16.01230041522239,False,True,,
TQQQ,sell,2021-11-22,15.904397346317566,False,True,,
TSLA,sell,2025-11-03,15.772563927195904,False,True,,
SNOW,sell,2023-10-10,15.568572814500993,False,True,,
NFLX,sell,2026-07-02,15.56824041896342,False,True,,
NFLX,sell,2022-10-26,15.499616267005534,False,True,,
NFLX,sell,2021-11-17,15.485609544591538,False,True,,
MRNA,sell,2022-09-12,15.456415667095968,False,True,,
GOOGL,sell,2022-05-04,15.240344265917061,False,True,,
TSLA,sell,2026-05-27,15.172979899765215,False,True,,
TSLA,sell,2025-12-22,14.703717276771922,False,True,,
MSFT,sell,2022-12-13,14.692956116309809,False,True,,
MSFT,sell,2025-10-28,14.689688302259663,False,True,,
NFLX,sell,2023-02-03,14.646349517928158,False,True,,
YINN,sell,2025-11-13,14.629133346521872,False,True,,
TQQQ,sell,2023-03-06,14.558555982615683,False,True,,
NFLX,sell,2022-12-13,14.283474456524925,False,True,,
GOOGL,sell,2022-02-02,14.242431319193416,False,True,,
NFLX,sell,2024-04-08,14.23756849285509,False,True,,
MSFT,sell,2022-03-30,13.98534397900033,False,True,,
AAOI,sell,2021-09-08,13.974360588896317,False,True,,
NVDA,sell,2021-11-22,13.921038246044892,False,True,,
MSFT,sell,2022-08-15,13.836088649496514,False,True,,
GOOGL,sell,2023-10-12,13.75377035928327,False,True,,
GOOGL,sell,2022-08-16,13.702962627463833,False,True,,
GOOGL,sell,2026-07-07,13.669265965087007,False,True,,
NVDA,sell,2023-07-27,13.621750542924904,False,True,,
GOOGL,sell,2026-02-03,13.619661948585138,False,True,,
MRNA,sell,2024-03-11,13.392857142857139,False,True,,
MSFT,sell,2024-07-05,13.334046315029314,False,True,,
AAOI,sell,2021-11-15,13.333336512247717,False,True,,
NFLX,sell,2026-05-19,13.285127601455994,False,True,,
SNOW,sell,2025-07-31,13.28413406197334,False,True,,
GOOGL,sell,2022-12-01,13.235739733900886,False,True,,
GOOGL,sell,2025-02-04,13.225521172237842,False,True,,
YINN,sell,2022-05-20,13.207541543700085,False,True,,
GOOGL,sell,2023-02-07,13.199412854374327,False,True,,
TQQQ,sell,2022-07-08,13.161770506915804,False,True,,
NFLX,sell,2025-06-30,13.119567983668368,False,True,,
NVDA,sell,2024-11-21,13.067904490201876,False,True,,
TSLA,sell,2026-01-23,12.914607015888347,False,True,,
NFLX,sell,2022-09-20,12.749824194914083,False,True,,
GOOGL,sell,2026-05-18,12.746878071525192,False,True,,
MSFT,sell,2025-03-25,12.711390241791932,False,True,,
SNOW,sell,2023-04-04,12.639673895743343,False,True,,
TEM,sell,2025-07-28,12.547092453953857,False,True,,
YINN,sell,2024-08-19,12.53890495119384,False,True,,
TSLA,sell,2022-08-16,12.411697715340896,False,True,,
MSFT,sell,2022-02-02,12.268571656210481,False,True,,
SNOW,sell,2024-08-21,12.26044341341741,False,True,,
YINN,sell,2026-04-17,12.20166029860823,False,True,,
NFLX,sell,2025-10-10,12.116104222018853,False,True,,
TEM,sell,2026-06-01,12.019414809143658,False,True,,
MSFT,sell,2026-03-06,12.012252552470649,False,True,,
SNOW,sell,2022-02-10,42.330130552634216,True,False,2022-02-11,1.0
NVDA,sell,2024-07-11,29.29205806525067,True,False,2024-07-17,4.0
YINN,sell,2024-10-07,26.744465350531055,True,False,2024-10-08,1.0
AAOI,sell,2025-12-11,24.283093966786108,True,False,2025-12-12,1.0
TSLA,sell,2024-07-11,22.815946715636294,True,False,2024-07-11,0.0
YINN,sell,2023-06-16,18.36787182774803,True,False,2023-06-20,1.0
TQQQ,sell,2023-02-02,16.898034827374666,True,False,2023-01-30,-3.0
NVDA,sell,2026-06-02,14.396535266645483,True,False,2026-06-08,4.0
NFLX,sell,2022-08-15,13.137238196794609,True,False,2022-08-16,1.0
YINN,sell,2026-07-30,12.574475715366408,True,False,2026-08-04,3.0
