date,open,high,low,close,volume
2022-04-21,12.960000038146973,15.550000190734863,12.960000038146973,13.789999961853027,882277284.0
2022-04-22,14.510000228881836,15.170000076293945,14.050000190734863,15.170000076293945,357664359.0
2022-04-25,15.6899995803833,16.110000610351562,13.779999732971191,14.289999961853027,598019053.0
2022-04-26,14.0,14.270000457763672,13.25,13.619999885559082,401307298.0
2022-04-27,14.029999732971191,14.979999542236328,13.800000190734863,14.979999542236328,418253535.0
2022-04-28,14.510000228881836,15.460000038146973,14.449999809265137,15.460000038146973,365473667.0
2022-04-29,16.0,17.010000228881836,15.510000228881836,17.010000228881836,418628343.0
2022-05-05,17.049999237060547,17.209999084472656,16.200000762939453,16.200000762939453,317221809.0
2022-05-06,15.8100004196167,16.65999984741211,15.649999618530273,15.680000305175781,294586803.0
2022-05-09,15.489999771118164,16.389999389648438,15.15999984741211,16.260000228881836,245111428.0
2022-05-10,15.399999618530273,15.5,14.890000343322754,15.210000038146973,249675105.0
2022-05-11,14.989999771118164,15.779999732971191,14.899999618530273,15.479999542236328,232697918.0
2022-05-12,15.670000076293945,15.75,14.949999809265137,15.010000228881836,170725354.0
2022-05-13,15.229999542236328,15.5,15.050000190734863,15.260000228881836,141844711.0
2022-05-16,15.449999809265137,16.030000686645508,15.430000305175781,15.710000038146973,185295831.0
2022-05-17,15.979999542236328,16.280000686645508,15.699999809265137,15.819999694824219,147227293.0
2022-05-18,15.609999656677246,16.530000686645508,15.279999732971191,16.149999618530273,151514048.0
2022-05-19,15.699999809265137,15.819999694824219,15.420000076293945,15.680000305175781,118212793.0
2022-05-20,15.550000190734863,16.049999237060547,15.550000190734863,15.720000267028809,106229956.0
2022-05-23,15.65999984741211,16.329999923706055,15.609999656677246,16.149999618530273,134552110.0
2022-05-24,16.139999389648438,16.31999969482422,15.850000381469727,15.9399995803833,106280085.0
2022-05-25,15.90999984741211,16.950000762939453,15.90999984741211,16.6200008392334,152806425.0
2022-05-26,16.549999237060547,17.149999618530273,16.43000030517578,16.81999969482422,101501095.0
2022-05-27,17.200000762939453,18.5,17.200000762939453,18.5,242039508.0
2022-05-30,18.389999389648438,19.670000076293945,18.219999313354492,19.5,182648507.0
2022-05-31,19.5,19.899999618530273,19.059999465942383,19.469999313354492,133607780.0
2022-06-01,19.0,19.299999237060547,18.700000762939453,18.969999313354492,95732138.0
2022-06-02,18.6299991607666,18.649999618530273,17.969999313354492,18.0,109286991.0
2022-06-06,18.5,18.790000915527344,18.350000381469727,18.56999969482422,102094733.0
2022-06-07,18.40999984741211,19.299999237060547,18.350000381469727,18.899999618530273,95215059.0
2022-06-08,19.15999984741211,19.450000762939453,18.700000762939453,19.299999237060547,97025042.0
2022-06-09,19.700000762939453,20.360000610351562,19.450000762939453,19.719999313354492,121973261.0
2022-06-10,19.299999237060547,20.489999771118164,19.299999237060547,20.309999465942383,88759842.0
2022-06-13,19.8799991607666,20.18000030517578,19.3700008392334,19.610000610351562,92989185.0
2022-06-14,19.40999984741211,20.479999542236328,19.329999923706055,20.399999618530273,101313754.0
2022-06-15,20.18000030517578,20.260000228881836,19.3799991607666,19.3799991607666,121283237.0
2022-06-16,19.0,19.260000228881836,18.34000015258789,18.610000610351562,137764417.0
2022-06-17,18.469999313354492,18.8799991607666,18.1200008392334,18.649999618530273,91223803.0
2022-06-20,17.709999084472656,17.850000381469727,16.799999237060547,17.100000381469727,175239341.0
2022-06-21,17.25,17.530000686645508,17.110000610351562,17.299999237060547,86643588.0
2022-06-22,17.149999618530273,17.459999084472656,16.700000762939453,16.760000228881836,93453254.0
2022-06-23,16.600000381469727,17.329999923706055,16.600000381469727,17.209999084472656,81329940.0
2022-06-24,17.079999923706055,17.25,16.8799991607666,17.030000686645508,66765632.0
2022-06-27,17.1200008392334,17.68000030517578,17.0,17.6200008392334,82767580.0
2022-06-28,17.899999618530273,18.299999237060547,17.899999618530273,18.170000076293945,85682861.0
2022-06-29,18.200000762939453,18.420000076293945,17.489999771118164,17.6299991607666,76410807.0
2022-06-30,17.450000762939453,17.549999237060547,17.100000381469727,17.450000762939453,65983999.0
2022-07-01,17.059999465942383,17.260000228881836,16.899999618530273,17.09000015258789,52525889.0
2022-07-04,17.059999465942383,17.5,17.059999465942383,17.219999313354492,53049218.0
2022-07-05,17.5,17.549999237060547,17.1200008392334,17.360000610351562,56757585.0
2022-07-06,16.420000076293945,16.549999237060547,15.699999809265137,16.200000762939453,170904139.0
2022-07-07,15.84000015258789,16.149999618530273,15.609999656677246,16.1200008392334,78738201.0
2022-07-08,16.510000228881836,16.520000457763672,16.0,16.030000686645508,53222903.0
2022-07-11,16.030000686645508,16.280000686645508,15.729999542236328,16.209999084472656,52193357.0
2022-07-12,16.049999237060547,16.280000686645508,16.0,16.219999313354492,30076695.0
2022-07-13,15.699999809265137,16.149999618530273,15.539999961853027,16.149999618530273,59910735.0
2022-07-14,16.079999923706055,16.25,15.710000038146973,16.190000534057617,70528535.0
2022-07-15,14.770000457763672,15.229999542236328,14.65999984741211,14.880000114440918,84544921.0
2022-07-18,15.050000190734863,15.779999732971191,15.050000190734863,15.779999732971191,81774227.0
2022-07-19,15.970000267028809,16.040000915527344,15.449999809265137,15.720000267028809,70531274.0
2022-07-20,15.8100004196167,16.100000381469727,15.729999542236328,15.829999923706055,47856524.0
2022-07-21,15.770000457763672,15.800000190734863,15.460000038146973,15.489999771118164,40473437.0
2022-07-22,15.239999771118164,15.449999809265137,15.050000190734863,15.149999618530273,49511032.0
2022-07-25,15.100000381469727,15.15999984741211,14.850000381469727,14.930000305175781,36218956.0
2022-07-26,15.149999618530273,15.279999732971191,15.050000190734863,15.25,39395713.0
2022-07-27,15.100000381469727,15.220000267028809,14.970000267028809,15.039999961853027,29596759.0
2022-07-28,15.220000267028809,15.460000038146973,15.199999809265137,15.420000076293945,51909417.0
2022-07-29,15.319999694824219,15.59000015258789,15.029999732971191,15.100000381469727,44123141.0
2022-08-01,15.109999656677246,15.520000457763672,15.050000190734863,15.4399995803833,43392183.0
2022-08-02,15.130000114440918,15.180000305175781,14.699999809265137,15.039999961853027,50145630.0
2022-08-03,14.9399995803833,15.109999656677246,14.8100004196167,14.869999885559082,30652793.0
2022-08-04,14.710000038146973,14.710000038146973,14.380000114440918,14.600000381469727,44398452.0
2022-08-05,14.300000190734863,14.319999694824219,14.010000228881836,14.260000228881836,81916055.0
2022-08-08,14.149999618530273,14.300000190734863,14.069999694824219,14.289999961853027,40321179.0
2022-08-09,14.319999694824219,14.5,14.300000190734863,14.34000015258789,45747221.0
2022-08-10,14.369999885559082,14.470000267028809,14.079999923706055,14.210000038146973,37602399.0
2022-08-11,14.289999961853027,14.430000305175781,14.25,14.390000343322754,35292422.0
2022-08-12,14.579999923706055,15.329999923706055,14.510000228881836,15.0600004196167,105815079.0
2022-08-15,14.800000190734863,15.199999809265137,14.65999984741211,15.0,60731091.0
2022-08-16,14.6899995803833,14.829999923706055,14.520000457763672,14.65999984741211,48663449.0
2022-08-17,14.600000381469727,14.800000190734863,14.520000457763672,14.770000457763672,36922534.0
2022-08-18,14.760000228881836,14.760000228881836,14.380000114440918,14.40999984741211,49851012.0
2022-08-19,14.600000381469727,15.079999923706055,14.529999732971191,14.84000015258789,98004133.0
2022-08-22,14.84000015258789,15.180000305175781,14.829999923706055,15.079999923706055,55232788.0
2022-08-23,15.100000381469727,16.25,15.069999694824219,16.040000915527344,160690177.0
2022-08-24,16.110000610351562,16.770000457763672,16.079999923706055,16.350000381469727,138569825.0
2022-08-25,16.65999984741211,17.979999542236328,16.540000915527344,17.68000030517578,178918087.0
2022-08-26,17.209999084472656,17.309999465942383,16.68000030517578,16.709999084472656,96676317.0
2022-08-29,16.450000762939453,17.579999923706055,16.450000762939453,17.229999542236328,90234292.0
2022-08-30,17.579999923706055,17.790000915527344,16.5,17.030000686645508,95754701.0
2022-08-31,16.5,16.639999389648438,16.18000030517578,16.270000457763672,72720099.0
2022-09-01,16.15999984741211,16.670000076293945,15.970000267028809,16.0,62569554.0
2022-09-02,15.979999542236328,16.260000228881836,15.819999694824219,16.030000686645508,35522054.0
2022-09-05,16.299999237060547,17.149999618530273,16.260000228881836,17.100000381469727,76514015.0
2022-09-06,17.18000030517578,17.209999084472656,16.709999084472656,17.0,53317805.0
2022-09-07,16.6200008392334,16.799999237060547,16.40999984741211,16.68000030517578,63319365.0
2022-09-08,16.18000030517578,16.219999313354492,15.930000305175781,16.170000076293945,60539494.0
2022-09-09,16.139999389648438,16.309999465942383,16.0,16.270000457763672,33157234.0
2022-09-13,16.549999237060547,16.600000381469727,16.18000030517578,16.34000015258789,46439199.0
2022-09-14,16.079999923706055,16.950000762939453,16.079999923706055,16.690000534057617,77276110.0
2022-09-15,16.979999542236328,17.0,16.440000534057617,16.729999542236328,59682630.0
2022-09-16,16.479999542236328,16.6200008392334,16.100000381469727,16.1200008392334,36762197.0
2022-09-19,16.010000228881836,16.399999618530273,15.859999656677246,16.100000381469727,30708925.0
2022-09-20,16.25,16.290000915527344,15.930000305175781,16.149999618530273,30838577.0
2022-09-21,16.0,16.65999984741211,15.829999923706055,16.6200008392334,44916737.0
2022-09-22,16.25,16.850000381469727,16.110000610351562,16.670000076293945,54083021.0
2022-09-23,16.59000015258789,17.530000686645508,16.56999969482422,17.0,77710437.0
2022-09-26,16.43000030517578,16.440000534057617,15.479999542236328,15.520000457763672,89288489.0
2022-09-27,15.449999809265137,15.550000190734863,14.84000015258789,15.34000015258789,68715073.0
2022-09-28,15.300000190734863,15.649999618530273,15.020000457763672,15.149999618530273,39277776.0
2022-09-29,15.479999542236328,15.710000038146973,15.300000190734863,15.430000305175781,41767446.0
2022-09-30,15.420000076293945,15.949999809265137,15.300000190734863,15.829999923706055,38697633.0
2022-10-10,16.700000762939453,16.8700008392334,16.40999984741211,16.530000686645508,64665612.0
2022-10-11,16.459999084472656,16.829999923706055,16.030000686645508,16.700000762939453,47508418.0
2022-10-12,16.459999084472656,16.760000228881836,16.34000015258789,16.670000076293945,41229127.0
2022-10-13,16.049999237060547,16.09000015258789,15.680000305175781,15.9399995803833,36219761.0
2022-10-14,16.15999984741211,16.360000610351562,16.09000015258789,16.290000915527344,39787203.0
2022-10-17,16.139999389648438,16.670000076293945,15.9399995803833,16.540000915527344,38573764.0
2022-10-18,16.5,16.5,16.079999923706055,16.110000610351562,35834967.0
2022-10-19,16.0,16.139999389648438,15.789999961853027,15.800000190734863,26287253.0
2022-10-20,15.960000038146973,16.329999923706055,15.890000343322754,16.079999923706055,35444290.0
2022-10-21,15.800000190734863,15.949999809265137,15.180000305175781,15.920000076293945,97348168.0
2022-10-24,15.850000381469727,16.049999237060547,15.6899995803833,15.9399995803833,67504913.0
2022-10-25,15.869999885559082,15.920000076293945,15.359999656677246,15.5,49277713.0
2022-10-26,15.479999542236328,15.720000267028809,15.0,15.180000305175781,78103210.0
2022-10-27,15.3100004196167,15.5,15.180000305175781,15.369999885559082,50864580.0
2022-10-28,15.390000343322754,15.5,15.199999809265137,15.34000015258789,44693156.0
2022-10-31,15.199999809265137,15.239999771118164,14.65999984741211,14.699999809265137,56720383.0
2022-11-01,14.479999542236328,15.350000381469727,14.479999542236328,15.239999771118164,52173018.0
2022-11-02,15.210000038146973,15.670000076293945,15.140000343322754,15.5600004196167,53357819.0
2022-11-03,15.350000381469727,15.619999885559082,15.260000228881836,15.350000381469727,37612658.0
2022-11-04,15.3100004196167,15.829999923706055,15.300000190734863,15.739999771118164,74492672.0
2022-11-07,15.75,17.0,15.75,16.40999984741211,103465576.0
2022-11-08,16.520000457763672,16.65999984741211,16.100000381469727,16.25,52333248.0
2022-11-09,16.06999969482422,16.229999542236328,16.0,16.079999923706055,36296371.0
2022-11-10,15.75,15.90999984741211,15.539999961853027,15.859999656677246,48278436.0
2022-11-11,16.1200008392334,16.360000610351562,15.829999923706055,16.299999237060547,61189231.0
2022-11-14,16.350000381469727,16.579999923706055,15.9399995803833,16.030000686645508,43202292.0
2022-11-15,15.800000190734863,16.079999923706055,15.609999656677246,16.06999969482422,36380467.0
2022-11-16,16.09000015258789,16.399999618530273,16.06999969482422,16.280000686645508,47069174.0
2022-11-17,16.06999969482422,16.139999389648438,15.720000267028809,15.890000343322754,49511695.0
2022-11-18,15.739999771118164,15.850000381469727,15.609999656677246,15.670000076293945,42636276.0
2022-11-21,15.40999984741211,15.550000190734863,15.319999694824219,15.479999542236328,33229869.0
2022-11-22,15.430000305175781,16.0,15.399999618530273,15.710000038146973,45533651.0
2022-11-23,15.819999694824219,16.350000381469727,15.800000190734863,16.100000381469727,77033254.0
2022-11-24,15.880000114440918,16.100000381469727,15.75,15.960000038146973,53347470.0
2022-11-25,15.920000076293945,16.209999084472656,15.890000343322754,16.1200008392334,35225256.0
2022-11-28,15.8100004196167,15.979999542236328,15.680000305175781,15.869999885559082,37782694.0
2022-11-29,15.920000076293945,16.329999923706055,15.779999732971191,16.25,59644858.0
2022-11-30,16.190000534057617,16.540000915527344,16.1200008392334,16.469999313354492,51441055.0
2022-12-01,16.65999984741211,16.770000457763672,16.309999465942383,16.540000915527344,58992410.0
2022-12-02,16.469999313354492,17.100000381469727,16.469999313354492,16.760000228881836,58308329.0
2022-12-05,16.780000686645508,17.31999969482422,16.700000762939453,17.149999618530273,55720262.0
2022-12-06,16.8799991607666,16.940000534057617,16.559999465942383,16.690000534057617,56241017.0
2022-12-07,16.399999618530273,16.43000030517578,16.1299991607666,16.229999542236328,52604571.0
2022-12-08,16.139999389648438,16.280000686645508,16.0,16.200000762939453,42636381.0
2022-12-09,16.15999984741211,16.190000534057617,16.059999465942383,16.149999618530273,26801215.0
2022-12-12,16.149999618530273,16.149999618530273,15.850000381469727,15.880000114440918,37077913.0
2022-12-13,16.030000686645508,16.100000381469727,15.899999618530273,16.030000686645508,22854382.0
2022-12-14,16.049999237060547,16.09000015258789,15.880000114440918,15.930000305175781,25053053.0
2022-12-15,16.059999465942383,16.06999969482422,15.880000114440918,15.899999618530273,21675995.0
2022-12-16,15.800000190734863,15.899999618530273,15.720000267028809,15.84000015258789,19133221.0
2022-12-19,15.819999694824219,15.829999923706055,15.180000305175781,15.3100004196167,48054139.0
2022-12-20,15.300000190734863,15.479999542236328,15.25,15.34000015258789,21428139.0
2022-12-21,15.390000343322754,15.40999984741211,15.149999618530273,15.220000267028809,18345060.0
2022-12-22,15.350000381469727,15.380000114440918,15.09000015258789,15.109999656677246,22793035.0
2022-12-23,15.069999694824219,15.140000343322754,14.970000267028809,15.0600004196167,16785229.0
2022-12-26,15.199999809265137,15.449999809265137,15.149999618530273,15.449999809265137,31468086.0
2022-12-27,15.5,15.600000381469727,15.380000114440918,15.449999809265137,25777353.0
2022-12-28,15.449999809265137,15.479999542236328,15.34000015258789,15.369999885559082,16446958.0
2022-12-29,15.300000190734863,15.300000190734863,15.079999923706055,15.09000015258789,26183798.0
2022-12-30,15.140000343322754,15.300000190734863,15.130000114440918,15.199999809265137,16988099.0
2023-01-03,15.210000038146973,15.520000457763672,15.210000038146973,15.479999542236328,26364619.0
2023-01-04,15.329999923706055,15.369999885559082,15.229999542236328,15.289999961853027,30651293.0
2023-01-05,15.220000267028809,15.279999732971191,15.119999885559082,15.279999732971191,32714731.0
2023-01-06,15.239999771118164,15.350000381469727,15.199999809265137,15.319999694824219,22619617.0
2023-01-09,15.359999656677246,15.5,15.3100004196167,15.5,32061853.0
2023-01-10,15.430000305175781,15.550000190734863,15.369999885559082,15.430000305175781,19849065.0
2023-01-11,15.399999618530273,15.550000190734863,15.350000381469727,15.489999771118164,20930182.0
2023-01-12,15.649999618530273,15.800000190734863,15.569999694824219,15.75,42105126.0
2023-01-13,15.819999694824219,15.930000305175781,15.720000267028809,15.760000228881836,26337383.0
2023-01-16,15.729999542236328,15.850000381469727,15.630000114440918,15.75,29441795.0
2023-01-17,15.699999809265137,15.699999809265137,15.449999809265137,15.470000267028809,36496352.0
2023-01-18,15.5600004196167,15.829999923706055,15.5600004196167,15.800000190734863,38770416.0
2023-01-19,15.65999984741211,15.760000228881836,15.609999656677246,15.710000038146973,25875504.0
2023-01-20,15.890000343322754,16.34000015258789,15.819999694824219,16.190000534057617,65971728.0
2023-01-30,16.399999618530273,16.479999542236328,16.030000686645508,16.059999465942383,51359201.0
2023-01-31,15.960000038146973,16.030000686645508,15.819999694824219,15.890000343322754,35435886.0
2023-02-01,15.960000038146973,16.030000686645508,15.859999656677246,16.030000686645508,44561756.0
2023-02-02,15.9399995803833,16.139999389648438,15.850000381469727,16.100000381469727,42330719.0
2023-02-03,15.960000038146973,15.979999542236328,15.84000015258789,15.890000343322754,34704512.0
2023-02-06,15.760000228881836,15.90999984741211,15.649999618530273,15.899999618530273,20821678.0
2023-02-07,15.949999809265137,16.030000686645508,15.869999885559082,16.0,27338722.0
2023-02-08,16.1299991607666,16.200000762939453,15.90999984741211,15.960000038146973,34651794.0
2023-02-09,15.960000038146973,16.09000015258789,15.920000076293945,16.020000457763672,28854703.0
2023-02-10,15.979999542236328,16.010000228881836,15.819999694824219,15.890000343322754,28513859.0
2023-02-13,15.930000305175781,15.989999771118164,15.890000343322754,15.960000038146973,25126899.0
2023-02-14,15.960000038146973,16.09000015258789,15.880000114440918,16.09000015258789,27137782.0
2023-02-15,16.010000228881836,16.059999465942383,15.920000076293945,15.9399995803833,17953041.0
2023-02-16,15.930000305175781,16.06999969482422,15.699999809265137,15.819999694824219,35130357.0
2023-02-17,15.829999923706055,15.890000343322754,15.760000228881836,15.850000381469727,22003646.0
2023-02-20,15.829999923706055,16.06999969482422,15.760000228881836,16.049999237060547,43377441.0
2023-02-21,16.059999465942383,16.15999984741211,16.010000228881836,16.049999237060547,47023115.0
2023-02-22,15.979999542236328,16.280000686645508,15.960000038146973,16.139999389648438,46662501.0
2023-02-23,16.079999923706055,16.139999389648438,16.030000686645508,16.09000015258789,30873116.0
2023-02-24,16.139999389648438,16.139999389648438,15.890000343322754,15.979999542236328,20271861.0
2023-02-27,15.970000267028809,16.030000686645508,15.899999618530273,15.949999809265137,17447993.0
2023-02-28,15.949999809265137,16.020000457763672,15.899999618530273,15.970000267028809,15529717.0
2023-03-01,15.989999771118164,16.15999984741211,15.979999542236328,16.139999389648438,39510853.0
2023-03-02,16.15999984741211,16.809999465942383,16.139999389648438,16.670000076293945,120310858.0
2023-03-03,16.68000030517578,17.34000015258789,16.549999237060547,17.18000030517578,139571691.0
2023-03-06,17.31999969482422,17.510000228881836,17.040000915527344,17.200000762939453,74352664.0
2023-03-07,17.25,18.920000076293945,17.25,18.209999084472656,173701597.0
2023-03-08,17.950000762939453,18.15999984741211,17.770000457763672,18.1200008392334,90169843.0
2023-03-09,17.969999313354492,18.520000457763672,17.899999618530273,18.200000762939453,69616568.0
2023-03-10,18.020000457763672,18.149999618530273,17.5,17.549999237060547,67784842.0
2023-03-13,17.770000457763672,18.459999084472656,17.690000534057617,18.40999984741211,88407032.0
2023-03-14,18.209999084472656,18.360000610351562,17.850000381469727,17.90999984741211,65067897.0
2023-03-15,17.780000686645508,18.110000610351562,17.40999984741211,17.8700008392334,70587858.0
2023-03-16,17.360000610351562,17.389999389648438,16.799999237060547,16.93000030517578,109731696.0
2023-03-17,17.020000457763672,17.700000762939453,17.020000457763672,17.469999313354492,83405892.0
2023-03-20,17.309999465942383,17.65999984741211,16.850000381469727,16.959999084472656,100311992.0
2023-03-21,17.09000015258789,17.100000381469727,16.56999969482422,16.8799991607666,55504407.0
2023-03-22,17.0,17.1299991607666,16.719999313354492,16.829999923706055,54564949.0
2023-03-23,16.850000381469727,17.149999618530273,16.579999923706055,17.010000228881836,60203373.0
2023-03-24,16.889999389648438,16.889999389648438,16.6200008392334,16.700000762939453,60297333.0
2023-03-27,16.700000762939453,16.700000762939453,16.399999618530273,16.469999313354492,54849134.0
2023-03-28,16.75,16.889999389648438,16.600000381469727,16.790000915527344,70655962.0
2023-03-29,16.8700008392334,16.959999084472656,16.700000762939453,16.850000381469727,45390711.0
2023-03-30,16.700000762939453,17.299999237060547,16.549999237060547,17.149999618530273,100793224.0
2023-03-31,17.139999389648438,17.200000762939453,16.920000076293945,17.040000915527344,47063464.0
2023-04-03,17.56999969482422,18.290000915527344,17.56999969482422,17.639999389648438,116931504.0
2023-04-04,17.889999389648438,18.280000686645508,17.770000457763672,18.059999465942383,82307557.0
2023-04-06,18.059999465942383,18.06999969482422,17.549999237060547,17.770000457763672,75451248.0
2023-04-07,17.65999984741211,17.739999771118164,17.329999923706055,17.56999969482422,47731003.0
2023-04-10,17.600000381469727,18.09000015258789,17.450000762939453,18.0,80018839.0
2023-04-11,17.850000381469727,17.860000610351562,17.610000610351562,17.81999969482422,46880619.0
2023-04-12,17.809999465942383,18.280000686645508,17.799999237060547,18.139999389648438,64378415.0
2023-04-13,18.299999237060547,19.3799991607666,18.299999237060547,18.829999923706055,137177466.0
2023-04-14,18.719999313354492,19.219999313354492,18.610000610351562,18.950000762939453,66156734.0
2023-04-17,18.93000030517578,19.979999542236328,18.81999969482422,19.850000381469727,110398539.0
2023-04-18,19.6299991607666,19.6299991607666,19.149999618530273,19.31999969482422,61084724.0
2023-04-19,19.260000228881836,19.510000228881836,18.959999084472656,19.079999923706055,50520204.0
2023-04-20,18.8799991607666,19.40999984741211,18.579999923706055,19.3700008392334,59963261.0
2023-04-21,19.1200008392334,20.149999618530273,19.0,19.280000686645508,90359332.0
2023-04-24,19.360000610351562,19.520000457763672,18.700000762939453,18.899999618530273,72601732.0
2023-04-25,18.969999313354492,19.299999237060547,18.700000762939453,19.110000610351562,79821105.0
2023-04-26,18.8799991607666,18.8799991607666,18.0,18.530000686645508,82559135.0
2023-04-27,18.18000030517578,18.510000228881836,18.18000030517578,18.3799991607666,40441111.0
2023-04-28,18.649999618530273,19.479999542236328,18.6200008392334,19.329999923706055,75354352.0
2023-05-04,18.6299991607666,19.170000076293945,18.219999313354492,18.920000076293945,80288404.0
2023-05-05,18.799999237060547,19.040000915527344,18.350000381469727,18.5,52065194.0
2023-05-08,18.739999771118164,20.299999237060547,18.739999771118164,19.920000076293945,117274063.0
2023-05-09,20.09000015258789,20.59000015258789,19.610000610351562,19.729999542236328,82618923.0
2023-05-10,19.799999237060547,19.889999389648438,18.959999084472656,19.149999618530273,71232415.0
2023-05-11,19.09000015258789,19.399999618530273,19.010000228881836,19.229999542236328,37115732.0
2023-05-12,19.059999465942383,19.239999771118164,18.65999984741211,18.860000610351562,53339800.0
2023-05-15,18.700000762939453,19.06999969482422,18.5,19.059999465942383,37422893.0
2023-05-16,19.200000762939453,19.549999237060547,18.93000030517578,18.950000762939453,45955814.0
2023-05-17,18.799999237060547,18.90999984741211,18.649999618530273,18.81999969482422,27813891.0
2023-05-18,19.049999237060547,19.200000762939453,18.950000762939453,18.959999084472656,32153434.0
2023-05-19,18.899999618530273,19.1200008392334,18.729999542236328,19.040000915527344,30725932.0
2023-05-22,18.920000076293945,19.18000030517578,18.8700008392334,19.15999984741211,22902048.0
2023-05-23,19.219999313354492,19.450000762939453,18.530000686645508,18.540000915527344,50999827.0
2023-05-24,18.530000686645508,18.68000030517578,18.299999237060547,18.399999618530273,34096558.0
2023-05-25,18.3799991607666,18.450000762939453,17.68000030517578,18.100000381469727,44660626.0
2023-05-26,17.899999618530273,18.18000030517578,17.709999084472656,18.0,35314349.0
2023-05-29,18.15999984741211,18.559999465942383,18.09000015258789,18.3700008392334,37514831.0
2023-05-30,18.3700008392334,18.510000228881836,18.170000076293945,18.34000015258789,25438008.0
2023-05-31,18.059999465942383,18.06999969482422,17.450000762939453,17.549999237060547,58803155.0
2023-06-01,17.469999313354492,17.829999923706055,17.389999389648438,17.719999313354492,29187709.0
2023-06-02,17.899999618530273,18.209999084472656,17.889999389648438,17.940000534057617,28985817.0
2023-06-05,18.190000534057617,18.25,17.969999313354492,18.079999923706055,29309498.0
2023-06-06,18.0,18.200000762939453,17.899999618530273,17.979999542236328,22992381.0
2023-06-07,17.940000534057617,18.100000381469727,17.850000381469727,18.09000015258789,24055834.0
2023-06-08,18.139999389648438,18.450000762939453,18.1299991607666,18.43000030517578,32567966.0
2023-06-09,18.350000381469727,18.729999542236328,18.329999923706055,18.670000076293945,27399203.0
2023-06-12,18.6299991607666,18.780000686645508,18.530000686645508,18.579999923706055,28808868.0
2023-06-13,18.3700008392334,18.399999618530273,17.68000030517578,18.020000457763672,61540956.0
2023-06-14,18.15999984741211,18.309999465942383,18.09000015258789,18.25,27372303.0
2023-06-15,18.1299991607666,18.229999542236328,18.0,18.209999084472656,25800411.0
2023-06-16,18.479999542236328,18.549999237060547,18.360000610351562,18.5,28256737.0
2023-06-19,18.5,18.510000228881836,18.280000686645508,18.350000381469727,24093271.0
2023-06-20,18.280000686645508,18.309999465942383,17.90999984741211,17.950000762939453,34602708.0
2023-06-21,17.90999984741211,18.18000030517578,17.84000015258789,17.84000015258789,31128939.0
2023-06-26,17.790000915527344,17.979999542236328,17.700000762939453,17.81999969482422,21095175.0
2023-06-27,17.90999984741211,18.190000534057617,17.690000534057617,18.09000015258789,32032093.0
2023-06-28,18.0,18.25,17.90999984741211,18.219999313354492,22589264.0
2023-06-29,18.459999084472656,18.459999084472656,18.0,18.020000457763672,14822411.0
2023-06-30,18.049999237060547,18.1299991607666,18.0,18.1200008392334,12947946.0
2023-07-03,18.1299991607666,18.670000076293945,18.1200008392334,18.6200008392334,33832364.0
2023-07-04,18.549999237060547,19.059999465942383,18.5,19.049999237060547,38796351.0
2023-07-05,19.149999618530273,19.25,18.860000610351562,19.059999465942383,23696010.0
2023-07-06,19.06999969482422,19.200000762939453,18.8799991607666,19.059999465942383,15142437.0
2023-07-07,19.059999465942383,19.200000762939453,18.90999984741211,19.100000381469727,16083477.0
2023-07-10,19.170000076293945,19.299999237060547,18.8700008392334,19.0,16960509.0
2023-07-11,19.010000228881836,19.040000915527344,18.809999465942383,18.90999984741211,17659112.0
2023-07-12,18.989999771118164,19.389999389648438,18.989999771118164,19.270000457763672,35684924.0
2023-07-13,19.489999771118164,19.799999237060547,19.309999465942383,19.75,39610610.0
2023-07-14,19.25,19.3700008392334,19.040000915527344,19.06999969482422,26466635.0
2023-07-17,18.8799991607666,19.059999465942383,18.799999237060547,19.049999237060547,16767572.0
2023-07-18,19.0,19.040000915527344,18.84000015258789,18.860000610351562,11919975.0
2023-07-19,18.979999542236328,19.34000015258789,18.920000076293945,19.18000030517578,16528169.0
2023-07-20,19.18000030517578,19.280000686645508,18.770000457763672,18.84000015258789,21682405.0
2023-07-21,18.860000610351562,18.920000076293945,18.65999984741211,18.68000030517578,16492513.0
2023-07-24,18.799999237060547,18.829999923706055,18.360000610351562,18.489999771118164,18779632.0
2023-07-25,18.809999465942383,19.110000610351562,18.809999465942383,18.979999542236328,29109017.0
2023-07-26,18.979999542236328,19.09000015258789,18.670000076293945,18.760000228881836,19437296.0
2023-07-27,18.770000457763672,19.09000015258789,18.760000228881836,18.829999923706055,19582375.0
2023-07-28,18.760000228881836,18.90999984741211,18.600000381469727,18.889999389648438,33964725.0
2023-07-31,18.90999984741211,19.110000610351562,18.639999389648438,18.780000686645508,35879293.0
2023-08-01,18.850000381469727,19.09000015258789,18.799999237060547,19.040000915527344,44340079.0
2023-08-02,19.079999923706055,19.1200008392334,18.75,18.84000015258789,34063690.0
2023-08-03,18.709999084472656,18.709999084472656,18.450000762939453,18.530000686645508,31704607.0
2023-08-04,18.649999618530273,18.860000610351562,18.600000381469727,18.6299991607666,33010323.0
2023-08-07,18.649999618530273,18.790000915527344,18.59000015258789,18.75,19876697.0
2023-08-08,18.729999542236328,18.8700008392334,18.65999984741211,18.75,14509564.0
2023-08-09,18.809999465942383,18.81999969482422,18.56999969482422,18.639999389648438,15521047.0
2023-08-10,18.760000228881836,19.030000686645508,18.760000228881836,19.010000228881836,54052051.0
2023-08-11,18.899999618530273,19.010000228881836,18.600000381469727,18.65999984741211,36614349.0
2023-08-14,18.610000610351562,18.75,18.5,18.65999984741211,23513931.0
2023-08-15,18.610000610351562,18.700000762939453,18.5,18.65999984741211,17866293.0
2023-08-16,18.549999237060547,18.579999923706055,18.239999771118164,18.260000228881836,25814602.0
2023-08-17,18.09000015258789,18.440000534057617,18.0,18.440000534057617,17792309.0
2023-08-18,18.43000030517578,18.670000076293945,18.34000015258789,18.459999084472656,21394711.0
2023-08-21,18.43000030517578,18.549999237060547,18.309999465942383,18.459999084472656,16582086.0
2023-08-22,18.3799991607666,18.860000610351562,18.3700008392334,18.809999465942383,37642809.0
2023-08-23,18.799999237060547,19.010000228881836,18.729999542236328,18.739999771118164,23774613.0
2023-08-24,18.739999771118164,18.8799991607666,18.610000610351562,18.719999313354492,18498266.0
2023-08-25,18.639999389648438,18.81999969482422,18.639999389648438,18.739999771118164,15345300.0
2023-08-28,19.389999389648438,19.450000762939453,18.860000610351562,18.969999313354492,35920559.0
2023-08-29,18.969999313354492,19.079999923706055,18.93000030517578,18.969999313354492,16968930.0
2023-08-30,18.979999542236328,19.020000457763672,18.940000534057617,19.010000228881836,15982772.0
2023-08-31,19.100000381469727,19.100000381469727,18.940000534057617,19.0,10674033.0
2023-09-01,19.049999237060547,19.190000534057617,19.049999237060547,19.149999618530273,25746752.0
2023-09-04,19.280000686645508,19.469999313354492,19.270000457763672,19.459999084472656,48102679.0
2023-09-05,19.399999618530273,19.639999389648438,19.34000015258789,19.5,40743766.0
2023-09-06,19.700000762939453,19.969999313354492,19.399999618530273,19.639999389648438,31535647.0
2023-09-07,19.739999771118164,20.040000915527344,19.68000030517578,19.719999313354492,57666690.0
2023-09-08,19.579999923706055,19.579999923706055,19.18000030517578,19.3700008392334,35522423.0
2023-09-11,19.389999389648438,19.6200008392334,19.329999923706055,19.5,32817196.0
2023-09-12,19.420000076293945,19.65999984741211,19.329999923706055,19.360000610351562,27391548.0
2023-09-13,19.540000915527344,19.649999618530273,19.450000762939453,19.610000610351562,27769513.0
2023-09-14,19.59000015258789,20.299999237060547,19.530000686645508,20.229999542236328,62917872.0
2023-09-15,20.5,21.100000381469727,20.190000534057617,20.31999969482422,56633409.0
2023-09-18,20.350000381469727,20.43000030517578,19.979999542236328,20.329999923706055,37586723.0
2023-09-19,20.360000610351562,20.639999389648438,20.309999465942383,20.40999984741211,30764200.0
2023-09-20,20.31999969482422,20.65999984741211,20.229999542236328,20.610000610351562,33647107.0
2023-09-21,20.5,20.81999969482422,20.450000762939453,20.739999771118164,32253331.0
2023-09-22,20.739999771118164,20.780000686645508,20.219999313354492,20.670000076293945,45420926.0
2023-09-25,20.639999389648438,20.770000457763672,20.43000030517578,20.440000534057617,38559526.0
2023-09-26,20.5,20.700000762939453,20.399999618530273,20.479999542236328,33749137.0
2023-09-27,20.540000915527344,20.81999969482422,20.440000534057617,20.799999237060547,38882040.0
2023-09-28,21.18000030517578,21.329999923706055,20.920000076293945,21.139999389648438,33669658.0
2023-10-09,20.489999771118164,21.079999923706055,19.979999542236328,20.979999542236328,72563556.0
2023-10-10,20.799999237060547,20.940000534057617,20.170000076293945,20.200000762939453,45495576.0
2023-10-11,20.209999084472656,20.5,20.06999969482422,20.290000915527344,43478954.0
2023-10-12,20.200000762939453,20.450000762939453,20.09000015258789,20.3799991607666,36836677.0
2023-10-13,20.3700008392334,20.780000686645508,20.299999237060547,20.729999542236328,32457012.0
2023-10-16,21.100000381469727,21.149999618530273,20.6200008392334,20.8700008392334,41858124.0
2023-10-17,20.700000762939453,21.149999618530273,20.700000762939453,21.1299991607666,33347945.0
2023-10-18,20.770000457763672,20.770000457763672,20.43000030517578,20.479999542236328,25834842.0
2023-10-19,20.5,20.559999465942383,20.1200008392334,20.170000076293945,19259675.0
2023-10-20,20.25,20.290000915527344,20.079999923706055,20.110000610351562,16262174.0
2023-10-23,20.030000686645508,20.709999084472656,19.979999542236328,20.309999465942383,41486835.0
2023-10-24,20.329999923706055,20.450000762939453,20.049999237060547,20.200000762939453,33762800.0
2023-10-25,20.149999618530273,20.18000030517578,19.40999984741211,19.6299991607666,55263329.0
2023-10-26,19.579999923706055,20.059999465942383,19.520000457763672,20.059999465942383,27992994.0
2023-10-27,19.93000030517578,20.190000534057617,19.799999237060547,19.899999618530273,26640074.0
2023-10-30,19.90999984741211,19.959999084472656,19.420000076293945,19.520000457763672,33725996.0
2023-10-31,19.420000076293945,19.6299991607666,19.290000915527344,19.5,19263949.0
2023-11-01,19.3799991607666,19.639999389648438,19.299999237060547,19.6299991607666,19561929.0
2023-11-02,19.6299991607666,19.799999237060547,19.559999465942383,19.639999389648438,17474088.0
2023-11-03,19.729999542236328,19.770000457763672,19.459999084472656,19.520000457763672,23613549.0
2023-11-06,19.43000030517578,19.43000030517578,18.56999969482422,18.799999237060547,77039167.0
2023-11-07,18.670000076293945,19.09000015258789,18.600000381469727,19.030000686645508,40813075.0
2023-11-08,18.729999542236328,18.959999084472656,18.530000686645508,18.940000534057617,37441918.0
2023-11-09,18.790000915527344,19.040000915527344,18.68000030517578,18.979999542236328,26853378.0
2023-11-10,18.940000534057617,19.079999923706055,18.8799991607666,19.040000915527344,17876668.0
2023-11-13,19.09000015258789,19.260000228881836,18.81999969482422,19.25,30781689.0
2023-11-14,19.280000686645508,19.3799991607666,18.90999984741211,19.010000228881836,27521799.0
2023-11-15,19.030000686645508,19.239999771118164,18.979999542236328,19.219999313354492,22280834.0
2023-11-16,19.1299991607666,19.43000030517578,19.1200008392334,19.360000610351562,22699304.0
2023-11-17,19.200000762939453,19.200000762939453,18.920000076293945,19.1200008392334,27398987.0
2023-11-20,19.229999542236328,19.43000030517578,18.979999542236328,19.040000915527344,31562776.0
2023-11-21,19.1200008392334,19.15999984741211,18.979999542236328,18.989999771118164,24145356.0
2023-11-22,18.959999084472656,19.209999084472656,18.90999984741211,19.059999465942383,24046849.0
2023-11-23,19.0,19.239999771118164,18.989999771118164,19.229999542236328,22837070.0
2023-11-24,19.190000534057617,19.450000762939453,19.190000534057617,19.399999618530273,25165847.0
2023-11-27,19.389999389648438,19.420000076293945,19.079999923706055,19.18000030517578,28718764.0
2023-11-28,19.190000534057617,19.299999237060547,19.149999618530273,19.229999542236328,20046139.0
2023-11-29,19.280000686645508,19.5,19.25,19.459999084472656,24656320.0
2023-11-30,19.5,19.899999618530273,19.5,19.8799991607666,30354996.0
2023-12-01,19.700000762939453,20.030000686645508,19.700000762939453,19.959999084472656,25217759.0
2023-12-04,19.920000076293945,20.149999618530273,19.809999465942383,19.850000381469727,24864116.0
2023-12-05,19.809999465942383,19.8799991607666,19.6200008392334,19.6299991607666,20377868.0
2023-12-06,19.600000381469727,19.600000381469727,19.280000686645508,19.469999313354492,27980521.0
2023-12-07,19.260000228881836,19.469999313354492,19.0,19.399999618530273,34877873.0
2023-12-08,19.40999984741211,20.06999969482422,19.399999618530273,20.06999969482422,44832511.0
2023-12-11,19.940000534057617,19.959999084472656,19.450000762939453,19.670000076293945,40927142.0
2023-12-12,19.610000610351562,19.860000610351562,19.5,19.84000015258789,22653928.0
2023-12-13,19.610000610351562,19.780000686645508,19.3799991607666,19.389999389648438,36136473.0
2023-12-14,19.450000762939453,19.639999389648438,19.3799991607666,19.559999465942383,17982477.0
2023-12-15,19.649999618530273,19.809999465942383,19.350000381469727,19.350000381469727,20297723.0
2023-12-18,19.31999969482422,19.600000381469727,19.25,19.549999237060547,18435140.0
2023-12-19,19.600000381469727,19.760000228881836,19.540000915527344,19.709999084472656,19103262.0
2023-12-20,19.799999237060547,20.0,19.780000686645508,19.84000015258789,26187538.0
2023-12-21,19.799999237060547,19.889999389648438,19.649999618530273,19.719999313354492,21723400.0
2023-12-22,19.700000762939453,20.010000228881836,19.670000076293945,19.93000030517578,29461169.0
2023-12-25,19.959999084472656,20.0,19.780000686645508,20.0,26668877.0
2023-12-26,19.940000534057617,20.239999771118164,19.940000534057617,20.030000686645508,40938072.0
2023-12-27,20.100000381469727,20.690000534057617,20.040000915527344,20.6200008392334,47415276.0
2023-12-28,20.549999237060547,20.850000381469727,20.3700008392334,20.65999984741211,42417181.0
2023-12-29,20.5,21.079999923706055,20.459999084472656,20.969999313354492,42887060.0
2024-01-02,20.969999313354492,21.5,20.81999969482422,20.920000076293945,33543371.0
2024-01-03,20.829999923706055,21.280000686645508,20.81999969482422,21.09000015258789,31851875.0
2024-01-04,21.260000228881836,21.549999237060547,21.079999923706055,21.329999923706055,34589451.0
2024-01-05,21.420000076293945,21.600000381469727,21.059999465942383,21.18000030517578,27483723.0
2024-01-08,21.200000762939453,21.229999542236328,20.899999618530273,21.170000076293945,23977349.0
2024-01-09,20.899999618530273,21.149999618530273,20.65999984741211,21.100000381469727,29633910.0
2024-01-10,21.100000381469727,21.31999969482422,20.690000534057617,20.739999771118164,29979408.0
2024-01-11,20.68000030517578,20.799999237060547,20.43000030517578,20.540000915527344,26408847.0
2024-01-12,20.639999389648438,20.850000381469727,20.530000686645508,20.610000610351562,23019850.0
2024-01-15,20.610000610351562,20.610000610351562,20.610000610351562,20.610000610351562,0.0
2024-01-16,20.90999984741211,20.989999771118164,20.600000381469727,20.860000610351562,24503477.0
2024-01-17,20.790000915527344,20.969999313354492,20.649999618530273,20.65999984741211,24737324.0
2024-01-18,20.600000381469727,20.780000686645508,19.8799991607666,20.649999618530273,41577004.0
2024-01-19,20.549999237060547,20.75,20.40999984741211,20.5,26463437.0
2024-01-22,20.479999542236328,20.690000534057617,20.280000686645508,20.459999084472656,32294796.0
2024-01-23,20.469999313354492,20.600000381469727,20.219999313354492,20.540000915527344,24310908.0
2024-01-24,20.56999969482422,21.149999618530273,20.540000915527344,21.1200008392334,32835127.0
2024-01-25,21.31999969482422,22.479999542236328,21.1299991607666,22.31999969482422,65260645.0
2024-01-26,22.5,23.200000762939453,22.299999237060547,22.8799991607666,70900300.0
2024-01-29,22.8799991607666,23.489999771118164,22.709999084472656,22.84000015258789,58474699.0
2024-01-30,22.600000381469727,23.190000534057617,22.600000381469727,22.889999389648438,35340540.0
2024-01-31,22.790000915527344,23.149999618530273,22.700000762939453,22.940000534057617,29655990.0
2024-02-01,22.75,22.93000030517578,22.149999618530273,22.18000030517578,51197631.0
2024-02-02,22.079999923706055,22.520000457763672,21.920000076293945,22.3700008392334,43023698.0
2024-02-05,22.270000457763672,23.239999771118164,22.200000762939453,23.040000915527344,57766746.0
2024-02-06,23.040000915527344,23.3799991607666,22.700000762939453,22.8700008392334,45040042.0
2024-02-07,22.760000228881836,23.010000228881836,22.3799991607666,23.010000228881836,54768707.0
2024-02-08,22.8799991607666,22.989999771118164,22.5,22.850000381469727,36641302.0
2024-02-19,22.8799991607666,24.719999313354492,22.850000381469727,24.610000610351562,59279425.0
2024-02-20,24.399999618530273,25.06999969482422,24.260000228881836,24.479999542236328,47794795.0
2024-02-21,24.479999542236328,25.270000457763672,24.479999542236328,24.559999465942383,51373343.0
2024-02-22,24.600000381469727,25.760000228881836,24.520000457763672,25.299999237060547,65174725.0
2024-02-23,25.540000915527344,25.649999618530273,24.899999618530273,24.989999771118164,47501801.0
2024-02-26,24.899999618530273,25.270000457763672,24.700000762939453,25.020000457763672,50943914.0
2024-02-27,25.0,25.989999771118164,24.93000030517578,25.770000457763672,62978611.0
2024-02-28,25.780000686645508,25.950000762939453,24.940000534057617,25.15999984741211,59481226.0
2024-02-29,25.149999618530273,25.299999237060547,25.020000457763672,25.270000457763672,31736775.0
2024-03-01,25.09000015258789,25.350000381469727,25.030000686645508,25.1299991607666,25007644.0
2024-03-04,25.299999237060547,26.989999771118164,25.260000228881836,26.969999313354492,64306770.0
2024-03-05,26.700000762939453,27.100000381469727,26.649999618530273,27.059999465942383,43488704.0
2024-03-06,27.1200008392334,28.0,27.020000457763672,27.100000381469727,59750734.0
2024-03-07,27.100000381469727,28.5,26.959999084472656,28.06999969482422,58780565.0
2024-03-08,28.399999618530273,30.8799991607666,27.8700008392334,30.579999923706055,73843966.0
2024-03-11,30.299999237060547,30.31999969482422,28.5,29.139999389648438,102994898.0
2024-03-12,28.829999923706055,28.8700008392334,27.309999465942383,27.469999313354492,111616231.0
2024-03-13,27.059999465942383,28.049999237060547,26.829999923706055,27.8700008392334,78343220.0
2024-03-14,27.979999542236328,28.959999084472656,27.84000015258789,28.59000015258789,79875678.0
2024-03-15,28.75,29.200000762939453,27.3700008392334,28.049999237060547,61152620.0
2024-03-18,27.600000381469727,28.209999084472656,27.399999618530273,28.149999618530273,52156623.0
2024-03-19,28.510000228881836,28.959999084472656,28.299999237060547,28.420000076293945,54790235.0
2024-03-20,28.399999618530273,29.0,28.059999465942383,28.700000762939453,65853175.0
2024-03-21,28.65999984741211,28.959999084472656,28.25,28.3799991607666,56426418.0
2024-03-22,27.600000381469727,27.8700008392334,27.020000457763672,27.309999465942383,71979502.0
2024-03-25,27.200000762939453,28.290000915527344,27.200000762939453,28.1200008392334,63521090.0
2024-03-26,28.450000762939453,28.610000610351562,27.700000762939453,28.049999237060547,47391371.0
2024-03-27,27.8700008392334,28.0,27.700000762939453,27.850000381469727,28513521.0
2024-03-28,27.799999237060547,28.209999084472656,27.5,28.149999618530273,39906218.0
2024-03-29,28.399999618530273,29.299999237060547,28.399999618530273,29.229999542236328,55695211.0
2024-04-01,29.280000686645508,29.479999542236328,28.799999237060547,28.979999542236328,45376700.0
2024-04-02,29.219999313354492,29.969999313354492,29.219999313354492,29.799999237060547,62821824.0
2024-04-03,30.200000762939453,30.469999313354492,29.809999465942383,29.920000076293945,52454890.0
2024-04-08,29.3700008392334,30.399999618530273,29.290000915527344,29.75,52193183.0
2024-04-09,29.809999465942383,29.90999984741211,28.809999465942383,29.110000610351562,41788486.0
2024-04-10,28.799999237060547,29.479999542236328,28.780000686645508,29.260000228881836,37119854.0
2024-04-11,29.110000610351562,29.760000228881836,29.110000610351562,29.3700008392334,39839085.0
2024-04-12,29.25,29.3799991607666,28.899999618530273,29.200000762939453,38116970.0
2024-04-15,29.079999923706055,29.93000030517578,29.049999237060547,29.850000381469727,56295665.0
2024-04-16,29.809999465942383,30.399999618530273,29.670000076293945,29.8700008392334,57406487.0
2024-04-17,29.729999542236328,29.770000457763672,29.209999084472656,29.75,47190359.0
2024-04-18,29.399999618530273,29.739999771118164,29.100000381469727,29.149999618530273,50969840.0
2024-04-19,29.520000457763672,31.100000381469727,29.520000457763672,30.299999237060547,104688880.0
2024-04-22,29.889999389648438,30.260000228881836,28.790000915527344,28.889999389648438,104764858.0
2024-04-23,28.799999237060547,28.889999389648438,27.959999084472656,28.360000610351562,49678027.0
2024-04-24,28.600000381469727,28.799999237060547,28.34000015258789,28.68000030517578,30081028.0
2024-04-25,28.56999969482422,28.850000381469727,28.510000228881836,28.850000381469727,21857153.0
2024-04-26,29.68000030517578,30.18000030517578,29.649999618530273,29.969999313354492,85536010.0
2024-04-29,29.790000915527344,29.799999237060547,29.1200008392334,29.280000686645508,60590745.0
2024-04-30,29.100000381469727,30.059999465942383,29.049999237060547,29.920000076293945,61371854.0
2024-05-06,29.239999771118164,29.239999771118164,28.899999618530273,29.219999313354492,66904986.0
2024-05-07,29.219999313354492,29.399999618530273,29.1299991607666,29.25,32289663.0
2024-05-08,29.170000076293945,29.329999923706055,29.0,29.059999465942383,34746854.0
2024-05-09,29.209999084472656,29.280000686645508,28.8799991607666,28.950000762939453,37126108.0
2024-05-10,29.049999237060547,29.190000534057617,28.8700008392334,29.139999389648438,39992339.0
2024-05-13,28.899999618530273,29.18000030517578,28.860000610351562,28.920000076293945,33081126.0
2024-05-14,28.969999313354492,29.049999237060547,28.770000457763672,28.799999237060547,33529176.0
2024-05-15,28.700000762939453,28.799999237060547,28.260000228881836,28.309999465942383,36395580.0
2024-05-16,28.329999923706055,28.719999313354492,28.18000030517578,28.260000228881836,32549934.0
2024-05-17,28.360000610351562,28.3700008392334,27.649999618530273,28.200000762939453,38206073.0
2024-05-20,28.25,29.1200008392334,28.229999542236328,29.030000686645508,59838660.0
2024-05-21,28.860000610351562,28.989999771118164,28.670000076293945,28.670000076293945,29500693.0
2024-05-22,28.600000381469727,28.670000076293945,28.399999618530273,28.459999084472656,29204150.0
2024-05-23,28.280000686645508,28.3799991607666,28.18000030517578,28.219999313354492,27405014.0
2024-05-24,28.270000457763672,28.489999771118164,28.1200008392334,28.34000015258789,22263312.0
2024-05-27,28.459999084472656,29.149999618530273,28.459999084472656,29.06999969482422,54428100.0
2024-05-28,29.219999313354492,29.969999313354492,29.219999313354492,29.450000762939453,66169295.0
2024-05-29,29.65999984741211,30.530000686645508,29.5,30.440000534057617,81149747.0
2024-05-30,30.139999389648438,30.3799991607666,29.530000686645508,29.6200008392334,42114335.0
2024-05-31,29.399999618530273,29.729999542236328,29.399999618530273,29.600000381469727,30960386.0
2024-06-03,29.5,30.65999984741211,29.489999771118164,30.0,63474012.0
2024-06-04,29.15999984741211,30.170000076293945,29.0,29.969999313354492,55173514.0
2024-06-05,29.90999984741211,30.299999237060547,29.100000381469727,29.149999618530273,65981870.0
2024-06-06,29.299999237060547,29.950000762939453,29.190000534057617,29.780000686645508,54090431.0
2024-06-07,30.1299991607666,30.329999923706055,29.93000030517578,30.190000534057617,37636394.0
2024-06-11,30.579999923706055,30.979999542236328,29.6299991607666,30.1299991607666,54208628.0
2024-06-12,29.84000015258789,31.530000686645508,29.84000015258789,31.420000076293945,75127338.0
2024-06-13,31.389999389648438,32.380001068115234,30.90999984741211,31.270000457763672,68582968.0
2024-06-14,31.3799991607666,31.440000534057617,30.549999237060547,30.709999084472656,48240962.0
2024-06-17,30.610000610351562,30.8700008392334,30.31999969482422,30.389999389648438,30195500.0
2024-06-18,30.649999618530273,30.719999313354492,30.139999389648438,30.5,28151600.0
2024-06-19,30.649999618530273,31.530000686645508,30.649999618530273,31.510000228881836,56948158.0
2024-06-20,31.600000381469727,32.18000030517578,31.450000762939453,32.040000915527344,50565180.0
2024-06-21,32.040000915527344,32.400001525878906,31.6299991607666,32.0,49682542.0
2024-06-24,32.0,32.97999954223633,31.989999771118164,32.470001220703125,54995806.0
2024-06-25,32.75,32.880001068115234,31.8700008392334,32.2599983215332,43888413.0
2024-06-26,32.15999984741211,32.25,31.649999618530273,31.979999542236328,33091432.0
2024-06-27,31.959999084472656,32.20000076293945,31.68000030517578,32.08000183105469,34448571.0
2024-06-28,32.279998779296875,33.0,32.18000030517578,33.0,51558084.0
2024-07-01,32.90999984741211,34.36000061035156,32.81999969482422,34.040000915527344,58100068.0
2024-07-02,34.2400016784668,35.349998474121094,34.150001525878906,35.13999938964844,53379414.0
2024-07-03,35.16999816894531,35.619998931884766,34.2599983215332,34.81999969482422,51348865.0
2024-07-04,34.869998931884766,35.13999938964844,34.709999084472656,35.08000183105469,35612004.0
2024-07-05,35.08000183105469,35.08000183105469,35.08000183105469,35.08000183105469,0.0
2024-07-08,33.97999954223633,34.88999938964844,33.880001068115234,34.77000045776367,40792208.0
2024-07-09,34.52000045776367,34.70000076293945,34.0099983215332,34.59000015258789,38830144.0
2024-07-10,34.40999984741211,34.599998474121094,33.869998931884766,33.88999938964844,39993228.0
2024-07-11,34.0,34.220001220703125,33.43000030517578,33.79999923706055,46830661.0
2024-07-12,33.43000030517578,34.0,33.029998779296875,33.2599983215332,44034389.0
2024-07-15,33.0,33.86000061035156,32.779998779296875,33.86000061035156,37474163.0
2024-07-16,33.970001220703125,34.15999984741211,33.70000076293945,33.90999984741211,35210737.0
2024-07-17,33.79999923706055,33.79999923706055,32.060001373291016,32.25,79422022.0
2024-07-18,32.45000076293945,32.97999954223633,32.25,32.97999954223633,42918465.0
2024-07-19,32.66999816894531,32.68000030517578,31.579999923706055,31.700000762939453,62510405.0
2024-07-22,31.100000381469727,31.329999923706055,30.010000228881836,30.75,75718239.0
2024-07-23,30.540000915527344,30.860000610351562,30.219999313354492,30.34000015258789,39732242.0
2024-07-24,30.100000381469727,30.700000762939453,29.75,30.40999984741211,50137546.0
2024-07-25,30.43000030517578,30.5,28.940000534057617,28.940000534057617,72408932.0
2024-07-26,28.84000015258789,29.450000762939453,28.65999984741211,28.93000030517578,47982117.0
2024-07-29,28.75,29.690000534057617,28.530000686645508,29.610000610351562,49042981.0
2024-07-30,29.200000762939453,29.280000686645508,27.799999237060547,28.06999969482422,78667487.0
2024-07-31,27.8700008392334,29.100000381469727,27.799999237060547,28.81999969482422,58510857.0
2024-08-01,29.299999237060547,29.969999313354492,29.190000534057617,29.389999389648438,50480721.0
2024-08-02,28.90999984741211,29.09000015258789,28.270000457763672,28.440000534057617,44038714.0
2024-08-05,27.530000686645508,27.68000030517578,26.56999969482422,26.8700008392334,82191155.0
2024-08-06,27.149999618530273,27.56999969482422,26.65999984741211,26.959999084472656,43642534.0
2024-08-07,26.649999618530273,27.780000686645508,26.399999618530273,27.489999771118164,48421957.0
2024-08-08,27.799999237060547,28.1299991607666,27.43000030517578,27.549999237060547,38600432.0
2024-08-09,27.709999084472656,28.469999313354492,27.709999084472656,28.270000457763672,45190953.0
2024-08-12,28.299999237060547,28.420000076293945,27.969999313354492,28.15999984741211,26615311.0
2024-08-13,28.559999465942383,28.75,28.239999771118164,28.459999084472656,35653764.0
2024-08-14,28.25,28.530000686645508,28.100000381469727,28.43000030517578,22464504.0
2024-08-15,28.229999542236328,28.639999389648438,28.1200008392334,28.549999237060547,25144300.0
2024-08-16,28.670000076293945,29.219999313354492,28.639999389648438,29.059999465942383,34271596.0
2024-08-19,28.850000381469727,29.200000762939453,28.829999923706055,29.0,26002922.0
2024-08-20,28.850000381469727,28.989999771118164,27.920000076293945,28.260000228881836,38607024.0
2024-08-21,28.149999618530273,28.329999923706055,27.739999771118164,28.1200008392334,27422770.0
2024-08-22,27.809999465942383,27.93000030517578,27.610000610351562,27.8799991607666,24159911.0
2024-08-23,28.049999237060547,28.290000915527344,27.799999237060547,27.93000030517578,23111102.0
2024-08-26,28.389999389648438,28.600000381469727,28.31999969482422,28.56999969482422,32954329.0
2024-08-27,28.84000015258789,29.440000534057617,28.75,29.389999389648438,51520480.0
2024-08-28,29.170000076293945,29.649999618530273,29.139999389648438,29.600000381469727,41027271.0
2024-08-29,29.600000381469727,29.649999618530273,28.65999984741211,29.0,45487095.0
2024-08-30,29.049999237060547,29.420000076293945,28.889999389648438,29.360000610351562,38148137.0
2024-09-02,28.809999465942383,29.09000015258789,28.3799991607666,28.899999618530273,33476791.0
2024-09-03,28.989999771118164,29.139999389648438,28.110000610351562,28.309999465942383,40718023.0
2024-09-04,27.100000381469727,27.170000076293945,26.729999542236328,26.75,55810369.0
2024-09-05,26.75,26.93000030517578,26.459999084472656,26.600000381469727,31672976.0
2024-09-06,26.549999237060547,26.860000610351562,26.520000457763672,26.559999465942383,23007140.0
2024-09-09,26.0,26.1200008392334,25.360000610351562,25.600000381469727,47595165.0
2024-09-10,25.68000030517578,25.889999389648438,25.5,25.81999969482422,30379301.0
2024-09-11,25.010000228881836,25.299999237060547,24.280000686645508,25.299999237060547,67077295.0
2024-09-12,25.149999618530273,25.639999389648438,24.940000534057617,25.489999771118164,40136805.0
2024-09-13,25.75,26.469999313354492,25.75,26.18000030517578,47246926.0
2024-09-18,26.489999771118164,26.579999923706055,26.170000076293945,26.309999465942383,27005504.0
2024-09-19,26.299999237060547,26.700000762939453,25.940000534057617,26.690000534057617,39236097.0
2024-09-20,26.850000381469727,27.200000762939453,26.479999542236328,26.770000457763672,37939193.0
2024-09-23,26.719999313354492,27.25,26.709999084472656,27.079999923706055,27293067.0
2024-09-24,27.200000762939453,28.030000686645508,27.049999237060547,27.959999084472656,41587515.0
2024-09-25,28.399999618530273,28.979999542236328,28.209999084472656,28.3700008392334,57227521.0
2024-09-26,28.059999465942383,28.309999465942383,27.399999618530273,27.770000457763672,90648735.0
2024-09-27,27.399999618530273,27.850000381469727,27.270000457763672,27.770000457763672,58844165.0
2024-09-30,28.3799991607666,30.34000015258789,28.3799991607666,30.049999237060547,130366922.0
2024-10-08,33.060001373291016,33.060001373291016,30.0,31.469999313354492,132423506.0
2024-10-09,30.350000381469727,30.350000381469727,28.65999984741211,28.8700008392334,89780239.0
2024-10-10,28.760000228881836,30.8799991607666,28.75,29.989999771118164,86758329.0
2024-10-11,30.489999771118164,30.649999618530273,29.829999923706055,30.06999969482422,73057151.0
2024-10-14,30.100000381469727,30.579999923706055,29.90999984741211,30.170000076293945,47158769.0
2024-10-15,29.399999618530273,29.540000915527344,28.959999084472656,28.969999313354492,61428337.0
2024-10-16,28.65999984741211,29.260000228881836,28.420000076293945,29.079999923706055,39443793.0
2024-10-17,29.100000381469727,29.479999542236328,28.770000457763672,28.93000030517578,44915450.0
2024-10-18,28.3799991607666,28.649999618530273,28.010000228881836,28.440000534057617,47850179.0
2024-10-21,28.239999771118164,28.540000915527344,28.010000228881836,28.299999237060547,46402009.0
2024-10-22,28.389999389648438,28.540000915527344,28.049999237060547,28.18000030517578,37509388.0
2024-10-23,28.350000381469727,28.450000762939453,28.110000610351562,28.280000686645508,36694779.0
2024-10-24,28.219999313354492,28.360000610351562,28.100000381469727,28.260000228881836,26964327.0
2024-10-25,28.110000610351562,28.18000030517578,27.829999923706055,27.8799991607666,40909989.0
2024-10-28,27.440000534057617,27.440000534057617,27.110000610351562,27.389999389648438,63516865.0
2024-10-29,27.309999465942383,27.559999465942383,27.06999969482422,27.110000610351562,38951536.0
2024-10-30,27.139999389648438,27.139999389648438,26.34000015258789,26.520000457763672,59051357.0
2024-10-31,26.610000610351562,26.780000686645508,26.299999237060547,26.40999984741211,35560010.0
2024-11-01,26.690000534057617,27.219999313354492,26.520000457763672,27.049999237060547,64279661.0
2024-11-04,27.1200008392334,27.190000534057617,26.3700008392334,26.729999542236328,60008648.0
2024-11-05,26.799999237060547,27.270000457763672,26.729999542236328,27.18000030517578,58143938.0
2024-11-06,27.049999237060547,27.299999237060547,26.709999084472656,26.860000610351562,59206279.0
2024-11-07,26.969999313354492,27.06999969482422,26.389999389648438,27.049999237060547,64558724.0
2024-11-08,27.059999465942383,27.200000762939453,26.6200008392334,26.700000762939453,60434036.0
2024-11-11,26.399999618530273,26.420000076293945,25.979999542236328,26.40999984741211,61326990.0
2024-11-12,26.059999465942383,26.549999237060547,25.989999771118164,26.100000381469727,60297426.0
2024-11-13,26.100000381469727,26.780000686645508,25.950000762939453,26.450000762939453,64508846.0
2024-11-14,26.299999237060547,26.719999313354492,26.1200008392334,26.149999618530273,49935413.0
2024-11-15,26.190000534057617,26.190000534057617,25.540000915527344,25.65999984741211,77767956.0
2024-11-18,25.770000457763672,26.350000381469727,25.440000534057617,26.049999237060547,64613793.0
2024-11-19,26.299999237060547,26.469999313354492,26.1200008392334,26.399999618530273,50953633.0
2024-11-20,26.309999465942383,26.540000915527344,26.190000534057617,26.530000686645508,37525085.0
2024-11-21,26.540000915527344,26.709999084472656,26.3799991607666,26.450000762939453,30223706.0
2024-11-22,26.540000915527344,26.860000610351562,26.139999389648438,26.209999084472656,51898528.0
2024-11-25,26.34000015258789,26.81999969482422,26.219999313354492,26.5,52903006.0
2024-11-26,26.0,26.190000534057617,25.75,26.1200008392334,33871375.0
2024-11-27,26.0,26.25,25.959999084472656,26.190000534057617,26065436.0
2024-11-28,26.1200008392334,26.260000228881836,26.0,26.020000457763672,25417803.0
2024-11-29,26.020000457763672,26.280000686645508,26.020000457763672,26.18000030517578,27117118.0
2024-12-02,26.280000686645508,26.280000686645508,26.030000686645508,26.280000686645508,34136611.0
2024-12-03,26.200000762939453,26.989999771118164,26.18000030517578,26.899999618530273,58125204.0
2024-12-04,26.989999771118164,27.59000015258789,26.940000534057617,27.489999771118164,68212217.0
2024-12-05,27.25,27.329999923706055,27.010000228881836,27.040000915527344,41112724.0
2024-12-06,27.15999984741211,27.25,26.959999084472656,27.0,38823385.0
2024-12-09,26.899999618530273,27.399999618530273,26.709999084472656,27.239999771118164,45304283.0
2024-12-10,27.5,27.579999923706055,27.0,27.030000686645508,45039227.0
2024-12-11,27.010000228881836,27.25,26.959999084472656,27.229999542236328,29989915.0
2024-12-12,27.31999969482422,27.450000762939453,27.229999542236328,27.360000610351562,26600615.0
2024-12-13,27.239999771118164,27.350000381469727,27.010000228881836,27.030000686645508,27257650.0
2024-12-16,27.030000686645508,27.790000915527344,27.030000686645508,27.700000762939453,62872740.0
2024-12-17,27.65999984741211,28.15999984741211,27.649999618530273,27.709999084472656,43177555.0
2024-12-18,27.770000457763672,27.989999771118164,27.68000030517578,27.719999313354492,34416762.0
2024-12-19,27.520000457763672,27.940000534057617,27.399999618530273,27.559999465942383,33741318.0
2024-12-20,27.489999771118164,27.639999389648438,27.34000015258789,27.399999618530273,24610490.0
2024-12-23,27.59000015258789,28.5,27.59000015258789,28.450000762939453,81851541.0
2024-12-24,28.389999389648438,28.969999313354492,28.100000381469727,28.75,64850040.0
2024-12-25,28.8799991607666,29.5,28.8700008392334,29.040000915527344,55074113.0
2024-12-26,28.950000762939453,28.979999542236328,28.56999969482422,28.829999923706055,40561056.0
2024-12-27,28.84000015258789,29.020000457763672,28.709999084472656,28.8799991607666,29275999.0
2024-12-30,28.93000030517578,29.549999237060547,28.889999389648438,29.5,56028291.0
2024-12-31,29.56999969482422,29.809999465942383,29.399999618530273,29.510000228881836,48944906.0
2025-01-02,29.559999465942383,29.719999313354492,28.649999618530273,28.8799991607666,49299922.0
2025-01-03,29.100000381469727,29.6200008392334,29.040000915527344,29.09000015258789,46648018.0
2025-01-06,29.420000076293945,29.489999771118164,28.5,28.649999618530273,43023376.0
2025-01-07,28.360000610351562,28.739999771118164,28.25,28.739999771118164,29325889.0
2025-01-08,28.90999984741211,29.399999618530273,28.719999313354492,29.110000610351562,43352326.0
2025-01-09,28.799999237060547,28.860000610351562,28.43000030517578,28.579999923706055,28962916.0
2025-01-10,28.690000534057617,28.719999313354492,28.09000015258789,28.25,26851457.0
2025-01-13,28.8799991607666,29.440000534057617,28.6200008392334,28.829999923706055,52131697.0
2025-01-14,28.829999923706055,28.950000762939453,28.600000381469727,28.90999984741211,39181155.0
2025-01-15,28.700000762939453,29.1299991607666,28.540000915527344,28.719999313354492,29733152.0
2025-01-16,29.079999923706055,29.5,28.969999313354492,29.450000762939453,58921112.0
2025-01-17,29.280000686645508,29.559999465942383,29.06999969482422,29.1200008392334,31896516.0
2025-01-20,29.1200008392334,29.229999542236328,28.219999313354492,28.40999984741211,57386280.0
2025-01-21,28.229999542236328,28.280000686645508,27.610000610351562,27.739999771118164,47130359.0
2025-01-22,27.5,27.780000686645508,27.40999984741211,27.600000381469727,30210990.0
2025-01-23,27.700000762939453,28.030000686645508,27.459999084472656,27.600000381469727,40560861.0
2025-01-24,27.43000030517578,27.450000762939453,26.90999984741211,27.219999313354492,50103298.0
2025-01-27,27.030000686645508,27.59000015258789,26.979999542236328,27.510000228881836,35004161.0
2025-02-05,27.299999237060547,27.360000610351562,26.8799991607666,27.040000915527344,37010300.0
2025-02-06,26.920000076293945,27.09000015258789,26.8700008392334,27.079999923706055,26754799.0
2025-02-07,26.979999542236328,27.1200008392334,26.809999465942383,27.010000228881836,40404720.0
2025-02-10,27.049999237060547,27.190000534057617,26.93000030517578,27.049999237060547,34796418.0
2025-02-11,27.149999618530273,27.530000686645508,27.149999618530273,27.5,49511355.0
2025-02-12,27.549999237060547,27.559999465942383,27.110000610351562,27.25,39801996.0
2025-02-13,26.93000030517578,27.100000381469727,26.809999465942383,27.0,36946542.0
2025-02-14,27.040000915527344,27.049999237060547,26.889999389648438,26.90999984741211,26506159.0
2025-02-17,26.850000381469727,26.860000610351562,26.5,26.549999237060547,48241885.0
2025-02-18,26.600000381469727,26.940000534057617,26.530000686645508,26.670000076293945,50551169.0
2025-02-19,26.670000076293945,26.739999771118164,26.399999618530273,26.459999084472656,37752526.0
2025-02-20,26.459999084472656,26.600000381469727,26.360000610351562,26.510000228881836,31139844.0
2025-02-21,26.600000381469727,26.610000610351562,26.25,26.3700008392334,43653319.0
2025-02-24,26.0,26.110000610351562,25.600000381469727,25.690000534057617,83272646.0
2025-02-25,25.690000534057617,25.700000762939453,25.520000457763672,25.579999923706055,34920989.0
2025-02-26,25.229999542236328,25.469999313354492,25.200000762939453,25.450000762939453,42809327.0
2025-02-27,25.399999618530273,25.850000381469727,25.200000762939453,25.739999771118164,56673494.0
2025-02-28,25.790000915527344,26.149999618530273,25.719999313354492,25.850000381469727,49855818.0
2025-03-03,25.950000762939453,26.0,25.5,25.549999237060547,36840300.0
2025-03-04,25.200000762939453,25.200000762939453,24.760000228881836,24.799999237060547,69769702.0
2025-03-05,24.59000015258789,24.799999237060547,24.579999923706055,24.700000762939453,37152130.0
2025-03-06,24.5,24.850000381469727,24.299999237060547,24.850000381469727,52490740.0
2025-03-07,24.75,25.049999237060547,24.68000030517578,24.899999618530273,43354820.0
2025-03-10,24.8799991607666,25.139999389648438,24.84000015258789,25.020000457763672,32769839.0
2025-03-11,24.760000228881836,25.18000030517578,24.719999313354492,25.15999984741211,29873066.0
2025-03-12,25.18000030517578,25.360000610351562,25.06999969482422,25.290000915527344,28568892.0
2025-03-13,25.399999618530273,25.850000381469727,25.34000015258789,25.639999389648438,54484566.0
2025-03-14,25.520000457763672,25.719999313354492,25.520000457763672,25.639999389648438,33193905.0
2025-03-17,25.90999984741211,26.030000686645508,25.709999084472656,25.719999313354492,38348585.0
2025-03-18,25.729999542236328,25.760000228881836,25.520000457763672,25.65999984741211,23659051.0
2025-03-19,25.479999542236328,25.770000457763672,25.440000534057617,25.729999542236328,25943596.0
2025-03-20,25.65999984741211,26.09000015258789,25.65999984741211,26.020000457763672,39494626.0
2025-03-21,26.149999618530273,26.530000686645508,26.010000228881836,26.079999923706055,58548335.0
2025-03-24,26.100000381469727,26.420000076293945,26.010000228881836,26.399999618530273,43423436.0
2025-03-25,26.399999618530273,26.549999237060547,26.260000228881836,26.530000686645508,32439490.0
2025-03-26,26.549999237060547,26.639999389648438,26.25,26.290000915527344,34495912.0
2025-03-27,26.399999618530273,26.530000686645508,26.229999542236328,26.399999618530273,32887762.0
2025-03-28,26.0,26.059999465942383,25.709999084472656,25.790000915527344,44921951.0
2025-03-31,25.790000915527344,26.100000381469727,25.610000610351562,25.969999313354492,38166054.0
2025-04-01,26.270000457763672,26.59000015258789,26.260000228881836,26.520000457763672,54347389.0
2025-04-02,26.59000015258789,26.6299991607666,25.8799991607666,25.959999084472656,52725997.0
2025-04-03,25.5,25.729999542236328,25.450000762939453,25.68000030517578,37238497.0
2025-04-07,23.110000610351562,23.850000381469727,23.110000610351562,23.229999542236328,105193284.0
2025-04-08,23.459999084472656,24.350000381469727,23.34000015258789,24.34000015258789,67251554.0
2025-04-09,23.760000228881836,24.270000457763672,23.549999237060547,24.270000457763672,60247060.0
2025-04-10,24.799999237060547,24.799999237060547,24.34000015258789,24.440000534057617,40130703.0
2025-04-11,24.43000030517578,24.43000030517578,24.15999984741211,24.239999771118164,29839390.0
2025-04-14,24.299999237060547,24.809999465942383,24.260000228881836,24.700000762939453,35322156.0
2025-04-15,24.700000762939453,24.780000686645508,24.549999237060547,24.760000228881836,22051290.0
2025-04-16,24.75,24.75,24.520000457763672,24.739999771118164,29197147.0
2025-04-17,24.889999389648438,24.950000762939453,24.690000534057617,24.81999969482422,22338809.0
2025-04-18,24.860000610351562,25.270000457763672,24.860000610351562,25.149999618530273,34449875.0
2025-04-21,24.959999084472656,25.09000015258789,24.8799991607666,24.920000076293945,27846021.0
2025-04-22,24.8700008392334,25.1200008392334,24.81999969482422,24.969999313354492,18160754.0
2025-04-23,25.100000381469727,25.239999771118164,25.0,25.139999389648438,26124875.0
2025-04-24,24.979999542236328,25.18000030517578,24.90999984741211,25.09000015258789,23599682.0
2025-04-25,25.1200008392334,25.290000915527344,25.06999969482422,25.290000915527344,23058904.0
2025-04-28,25.270000457763672,25.950000762939453,25.200000762939453,25.729999542236328,35052571.0
2025-04-29,25.600000381469727,25.760000228881836,25.09000015258789,25.110000610351562,33109779.0
2025-04-30,25.049999237060547,25.219999313354492,24.93000030517578,25.020000457763672,32293219.0
2025-05-06,24.84000015258789,24.969999313354492,24.540000915527344,24.899999618530273,41458954.0
2025-05-07,25.25,25.329999923706055,24.920000076293945,25.020000457763672,36292312.0
2025-05-08,24.969999313354492,25.06999969482422,24.899999618530273,24.989999771118164,24935400.0
2025-05-09,25.15999984741211,25.25,24.950000762939453,24.979999542236328,30890653.0
2025-05-12,25.100000381469727,25.139999389648438,24.90999984741211,25.1200008392334,34189394.0
2025-05-13,25.200000762939453,25.3799991607666,25.1299991607666,25.15999984741211,42214507.0
2025-05-14,25.229999542236328,25.84000015258789,25.219999313354492,25.719999313354492,59884113.0
2025-05-15,25.559999465942383,25.75,25.309999465942383,25.329999923706055,35782956.0
2025-05-16,25.299999237060547,25.450000762939453,25.079999923706055,25.09000015258789,26757600.0
2025-05-19,25.110000610351562,25.18000030517578,25.010000228881836,25.09000015258789,17145651.0
2025-05-20,25.110000610351562,25.25,25.110000610351562,25.229999542236328,17886486.0
2025-05-21,25.31999969482422,25.75,25.31999969482422,25.68000030517578,46941074.0
2025-05-22,25.510000228881836,25.799999237060547,25.510000228881836,25.649999618530273,28796437.0
2025-05-23,26.049999237060547,26.100000381469727,25.6200008392334,25.649999618530273,35336925.0
2025-05-26,25.670000076293945,25.8799991607666,25.520000457763672,25.649999618530273,22065150.0
2025-05-27,25.610000610351562,25.860000610351562,25.540000915527344,25.549999237060547,18702459.0
2025-05-28,25.59000015258789,25.790000915527344,25.440000534057617,25.68000030517578,22385193.0
2025-05-29,25.780000686645508,25.93000030517578,25.65999984741211,25.709999084472656,21229800.0
2025-05-30,25.610000610351562,25.850000381469727,25.559999465942383,25.790000915527344,24609242.0
2025-06-03,25.969999313354492,26.020000457763672,25.799999237060547,25.920000076293945,21185798.0
2025-06-04,25.969999313354492,26.059999465942383,25.8799991607666,25.90999984741211,20070968.0
2025-06-05,25.850000381469727,25.969999313354492,25.84000015258789,25.950000762939453,13604500.0
2025-06-06,25.959999084472656,26.239999771118164,25.899999618530273,26.18000030517578,25963172.0
2025-06-09,26.25,26.5,26.25,26.489999771118164,30113094.0
2025-06-10,26.559999465942383,26.600000381469727,26.299999237060547,26.489999771118164,36683980.0
2025-06-11,26.5,26.6299991607666,26.440000534057617,26.610000610351562,22819497.0
2025-06-12,26.989999771118164,27.09000015258789,26.610000610351562,26.850000381469727,41170547.0
2025-06-13,27.59000015258789,27.799999237060547,27.190000534057617,27.649999618530273,106795007.0
2025-06-16,27.700000762939453,27.860000610351562,27.049999237060547,27.170000076293945,84700319.0
2025-06-17,26.950000762939453,27.100000381469727,26.610000610351562,26.969999313354492,58542940.0
2025-06-18,27.290000915527344,27.479999542236328,27.010000228881836,27.049999237060547,46842633.0
2025-06-19,27.030000686645508,27.200000762939453,26.739999771118164,26.940000534057617,46081616.0
2025-06-20,26.8799991607666,26.920000076293945,26.6299991607666,26.690000534057617,29025148.0
2025-06-23,27.100000381469727,27.239999771118164,26.579999923706055,26.739999771118164,58067185.0
2025-06-24,26.020000457763672,26.329999923706055,25.770000457763672,26.149999618530273,63394250.0
2025-06-25,26.09000015258789,26.25,26.06999969482422,26.229999542236328,34057002.0
2025-06-26,26.229999542236328,26.43000030517578,26.190000534057617,26.3700008392334,27271177.0
2025-06-27,26.34000015258789,26.3799991607666,26.100000381469727,26.1200008392334,30670840.0
2025-06-30,26.1299991607666,26.170000076293945,25.940000534057617,26.110000610351562,24299299.0
2025-07-01,26.110000610351562,26.15999984741211,25.959999084472656,26.1299991607666,22734394.0
2025-07-02,26.18000030517578,26.309999465942383,26.15999984741211,26.299999237060547,27423260.0
2025-07-03,26.3700008392334,26.40999984741211,26.239999771118164,26.290000915527344,20256319.0
2025-07-04,26.260000228881836,26.360000610351562,26.190000534057617,26.290000915527344,19250141.0
2025-07-07,26.190000534057617,26.190000534057617,25.920000076293945,25.989999771118164,27522168.0
2025-07-08,26.040000915527344,26.09000015258789,25.979999542236328,26.059999465942383,19756506.0
2025-07-09,26.1299991607666,26.239999771118164,26.059999465942383,26.15999984741211,26809474.0
2025-07-10,26.18000030517578,27.18000030517578,26.1299991607666,27.100000381469727,111742920.0
2025-07-11,26.510000228881836,26.639999389648438,25.8700008392334,25.899999618530273,76221204.0
2025-07-14,26.100000381469727,26.219999313354492,26.040000915527344,26.049999237060547,29151481.0
2025-07-15,25.989999771118164,26.030000686645508,25.799999237060547,25.809999465942383,29630738.0
2025-07-16,25.84000015258789,25.940000534057617,25.770000457763672,25.799999237060547,20137929.0
2025-07-17,25.809999465942383,25.860000610351562,25.65999984741211,25.700000762939453,22191006.0
2025-07-18,25.770000457763672,25.860000610351562,25.700000762939453,25.850000381469727,21076445.0
2025-07-21,25.829999923706055,26.020000457763672,25.770000457763672,26.0,27982517.0
2025-07-22,25.989999771118164,26.15999984741211,25.8799991607666,26.1299991607666,35845926.0
2025-07-23,26.15999984741211,26.299999237060547,26.049999237060547,26.059999465942383,37279086.0
2025-07-24,26.100000381469727,26.1200008392334,25.93000030517578,26.049999237060547,32262787.0
2025-07-25,26.059999465942383,26.18000030517578,26.010000228881836,26.059999465942383,29947085.0
2025-07-28,26.0,26.09000015258789,25.790000915527344,25.860000610351562,34848254.0
2025-07-29,25.979999542236328,26.149999618530273,25.90999984741211,26.1200008392334,35630158.0
2025-07-30,26.260000228881836,26.579999923706055,26.219999313354492,26.489999771118164,50955283.0
2025-07-31,26.510000228881836,26.530000686645508,26.06999969482422,26.15999984741211,33658843.0
2025-08-01,26.030000686645508,26.1299991607666,25.8700008392334,25.940000534057617,32625309.0
2025-08-04,25.700000762939453,25.799999237060547,25.649999618530273,25.790000915527344,26615257.0
2025-08-05,25.799999237060547,26.049999237060547,25.700000762939453,26.030000686645508,23614993.0
2025-08-06,25.920000076293945,26.049999237060547,25.889999389648438,26.010000228881836,20157001.0
2025-08-07,25.979999542236328,26.190000534057617,25.920000076293945,26.15999984741211,26129174.0
2025-08-08,26.079999923706055,26.3799991607666,26.010000228881836,26.209999084472656,29040633.0
2025-08-11,26.190000534057617,26.25,25.829999923706055,25.850000381469727,43709587.0
2025-08-12,25.860000610351562,26.06999969482422,25.860000610351562,26.030000686645508,27896980.0
2025-08-13,25.979999542236328,26.059999465942383,25.8799991607666,25.899999618530273,28887532.0
2025-08-14,25.899999618530273,25.969999313354492,25.780000686645508,25.799999237060547,25867397.0
2025-08-15,25.81999969482422,25.8700008392334,25.690000534057617,25.719999313354492,34086688.0
2025-08-18,25.65999984741211,25.739999771118164,25.56999969482422,25.56999969482422,57478300.0
2025-08-19,25.56999969482422,25.6299991607666,25.5,25.5,30670867.0
2025-08-20,25.510000228881836,25.6200008392334,25.440000534057617,25.579999923706055,31082580.0
2025-08-21,25.600000381469727,25.860000610351562,25.59000015258789,25.770000457763672,38338795.0
2025-08-22,25.770000457763672,25.780000686645508,25.559999465942383,25.65999984741211,33948994.0
2025-08-25,25.75,25.989999771118164,25.600000381469727,25.989999771118164,52266722.0
2025-08-26,26.0,26.100000381469727,25.829999923706055,26.0,38503344.0
2025-08-27,25.889999389648438,25.950000762939453,25.469999313354492,25.469999313354492,60273020.0
2025-08-28,25.56999969482422,25.799999237060547,25.540000915527344,25.770000457763672,44513359.0
2025-08-29,25.850000381469727,26.309999465942383,25.649999618530273,25.68000030517578,85746920.0
2025-09-01,25.690000534057617,25.950000762939453,25.6200008392334,25.940000534057617,45863855.0
2025-09-02,26.010000228881836,26.479999542236328,26.0,26.3799991607666,100338899.0
2025-09-03,26.469999313354492,26.56999969482422,26.049999237060547,26.239999771118164,45092911.0
2025-09-04,26.0,26.0,25.40999984741211,25.639999389648438,83351569.0
2025-09-05,25.579999923706055,25.770000457763672,25.559999465942383,25.739999771118164,34427381.0
2025-09-08,25.579999923706055,26.149999618530273,25.549999237060547,26.149999618530273,58644723.0
2025-09-09,26.049999237060547,26.209999084472656,25.8700008392334,25.950000762939453,27724118.0
2025-09-10,26.049999237060547,26.149999618530273,25.8700008392334,26.1200008392334,27401330.0
2025-09-11,26.149999618530273,26.290000915527344,25.979999542236328,26.219999313354492,39731987.0
2025-09-12,26.110000610351562,26.360000610351562,26.100000381469727,26.299999237060547,40220516.0
2025-09-15,26.299999237060547,26.360000610351562,26.0,26.270000457763672,37908701.0
2025-09-16,26.25,26.549999237060547,26.200000762939453,26.5,50924747.0
2025-09-17,26.579999923706055,26.899999618530273,26.510000228881836,26.809999465942383,46337194.0
2025-09-18,26.700000762939453,26.700000762939453,26.020000457763672,26.15999984741211,60715542.0
2025-09-19,26.1200008392334,26.479999542236328,26.079999923706055,26.399999618530273,36263162.0
2025-09-22,26.40999984741211,26.450000762939453,26.1200008392334,26.15999984741211,27471815.0
2025-09-23,26.1200008392334,26.3700008392334,26.040000915527344,26.110000610351562,33420344.0
2025-09-24,26.200000762939453,26.65999984741211,26.200000762939453,26.329999923706055,35694697.0
2025-09-25,26.34000015258789,26.709999084472656,26.31999969482422,26.600000381469727,44561236.0
2025-09-26,26.549999237060547,26.690000534057617,26.469999313354492,26.5,22192550.0
2025-09-29,26.549999237060547,26.579999923706055,26.209999084472656,26.399999618530273,31542708.0
2025-09-30,26.15999984741211,26.190000534057617,25.8799991607666,26.1299991607666,51791066.0
2025-10-09,26.010000228881836,26.479999542236328,25.969999313354492,26.469999313354492,44343458.0
2025-10-10,26.399999618530273,27.239999771118164,26.360000610351562,26.770000457763672,64267198.0
2025-10-13,26.329999923706055,26.6200008392334,26.149999618530273,26.31999969482422,49644195.0
2025-10-14,26.350000381469727,26.65999984741211,26.219999313354492,26.520000457763672,40745536.0
2025-10-15,26.5,26.649999618530273,26.31999969482422,26.489999771118164,36484598.0
2025-10-16,26.479999542236328,26.65999984741211,26.40999984741211,26.40999984741211,42084968.0
2025-10-17,25.850000381469727,25.920000076293945,25.559999465942383,25.59000015258789,43029448.0
2025-10-20,25.639999389648438,26.100000381469727,25.5,26.100000381469727,40769817.0
2025-10-21,26.100000381469727,26.350000381469727,25.8700008392334,26.209999084472656,39065539.0
2025-10-22,26.209999084472656,27.190000534057617,26.18000030517578,27.1299991607666,88966943.0
2025-10-23,27.450000762939453,27.700000762939453,27.209999084472656,27.489999771118164,72942342.0
2025-10-24,27.469999313354492,27.649999618530273,27.149999618530273,27.309999465942383,51313085.0
2025-10-27,27.309999465942383,27.950000762939453,27.110000610351562,27.729999542236328,54081187.0
2025-10-28,27.670000076293945,27.899999618530273,27.139999389648438,27.15999984741211,38549352.0
2025-10-29,27.1299991607666,27.270000457763672,27.010000228881836,27.149999618530273,26318448.0
2025-10-30,27.100000381469727,27.440000534057617,26.979999542236328,27.010000228881836,29202282.0
2025-10-31,27.18000030517578,27.260000228881836,26.790000915527344,27.110000610351562,39873695.0
2025-11-03,27.139999389648438,28.5,27.139999389648438,28.420000076293945,80921835.0
2025-11-04,28.40999984741211,28.559999465942383,28.010000228881836,28.139999389648438,32824087.0
2025-11-05,27.979999542236328,28.010000228881836,27.75,27.790000915527344,27510054.0
2025-11-06,27.75,28.479999542236328,27.6299991607666,28.299999237060547,31804571.0
2025-11-07,28.350000381469727,28.579999923706055,28.200000762939453,28.450000762939453,27390216.0
2025-11-10,28.399999618530273,29.190000534057617,28.280000686645508,29.040000915527344,49767590.0
2025-11-11,29.149999618530273,29.18000030517578,28.709999084472656,28.860000610351562,30650455.0
2025-11-12,29.0,30.06999969482422,28.950000762939453,29.59000015258789,57817867.0
2025-11-13,29.020000457763672,29.18000030517578,28.549999237060547,28.969999313354492,55793637.0
2025-11-14,28.899999618530273,29.280000686645508,28.8799991607666,29.020000457763672,33957700.0
2025-11-17,28.920000076293945,29.459999084472656,28.719999313354492,28.959999084472656,43672877.0
2025-11-18,28.850000381469727,29.09000015258789,28.40999984741211,28.579999923706055,34297819.0
2025-11-19,28.579999923706055,29.610000610351562,28.5,29.520000457763672,50001979.0
2025-11-20,29.209999084472656,29.68000030517578,29.170000076293945,29.200000762939453,35354696.0
2025-11-21,29.100000381469727,29.25,28.670000076293945,28.90999984741211,40834445.0
2025-11-24,28.799999237060547,28.899999618530273,27.93000030517578,28.0,43554829.0
2025-11-25,28.139999389648438,28.31999969482422,27.899999618530273,28.15999984741211,32977051.0
2025-11-26,28.030000686645508,28.299999237060547,27.59000015258789,27.809999465942383,41140313.0
2025-11-27,27.8799991607666,28.219999313354492,27.600000381469727,28.079999923706055,38510818.0
2025-11-28,28.190000534057617,28.280000686645508,27.68000030517578,27.790000915527344,32894844.0
2025-12-01,27.989999771118164,28.59000015258789,27.860000610351562,28.479999542236328,51639718.0
2025-12-02,28.479999542236328,28.979999542236328,28.450000762939453,28.760000228881836,29593607.0
2025-12-03,28.670000076293945,28.920000076293945,28.559999465942383,28.719999313354492,21342087.0
2025-12-04,28.84000015258789,29.200000762939453,28.84000015258789,29.079999923706055,26390326.0
2025-12-05,29.139999389648438,29.190000534057617,28.75,28.940000534057617,22564897.0
2025-12-08,28.989999771118164,29.010000228881836,28.440000534057617,28.540000915527344,26417450.0
2025-12-09,28.299999237060547,28.59000015258789,28.110000610351562,28.219999313354492,22333298.0
2025-12-10,28.219999313354492,28.3700008392334,28.09000015258789,28.209999084472656,17848830.0
2025-12-11,28.350000381469727,28.770000457763672,28.100000381469727,28.209999084472656,33972364.0
2025-12-12,28.200000762939453,28.579999923706055,28.1200008392334,28.399999618530273,44287118.0
2025-12-15,28.389999389648438,28.639999389648438,28.280000686645508,28.31999969482422,25985202.0
2025-12-16,28.200000762939453,28.239999771118164,27.860000610351562,27.979999542236328,28413851.0
2025-12-17,27.780000686645508,28.299999237060547,27.700000762939453,28.25,31840593.0
2025-12-18,28.399999618530273,28.780000686645508,28.239999771118164,28.56999969482422,29085749.0
2025-12-19,28.5,28.559999465942383,27.760000228881836,27.790000915527344,57495040.0
2025-12-22,27.799999237060547,27.829999923706055,27.350000381469727,27.649999618530273,47987787.0
2025-12-23,27.770000457763672,28.18000030517578,27.709999084472656,28.110000610351562,43319035.0
2025-12-24,28.100000381469727,28.1200008392334,27.809999465942383,28.110000610351562,24436922.0
2025-12-25,28.1200008392334,28.309999465942383,28.030000686645508,28.1299991607666,24055585.0
2025-12-26,28.110000610351562,28.399999618530273,28.049999237060547,28.309999465942383,27351498.0
2025-12-29,28.200000762939453,29.040000915527344,28.170000076293945,28.940000534057617,48283938.0
2025-12-30,28.93000030517578,30.079999923706055,28.8799991607666,29.860000610351562,58502566.0
2025-12-31,29.920000076293945,30.360000610351562,29.81999969482422,30.18000030517578,44404661.0
2026-01-05,30.360000610351562,30.440000534057617,28.719999313354492,29.040000915527344,93724049.0
2026-01-06,29.040000915527344,29.8799991607666,28.8799991607666,29.790000915527344,58133873.0
2026-01-07,29.450000762939453,29.479999542236328,28.290000915527344,28.59000015258789,102101114.0
2026-01-08,28.450000762939453,28.540000915527344,28.309999465942383,28.389999389648438,34394293.0
2026-01-09,28.799999237060547,28.940000534057617,28.520000457763672,28.739999771118164,47851948.0
2026-01-12,28.770000457763672,28.809999465942383,28.520000457763672,28.610000610351562,33872173.0
2026-01-13,28.6299991607666,29.899999618530273,28.6200008392334,29.6299991607666,78529987.0
2026-01-14,29.889999389648438,30.100000381469727,29.360000610351562,29.56999969482422,67513177.0
2026-01-15,29.399999618530273,30.440000534057617,29.299999237060547,30.040000915527344,59152252.0
2026-01-16,29.600000381469727,30.079999923706055,29.110000610351562,29.329999923706055,47089149.0
2026-01-19,29.280000686645508,29.68000030517578,29.15999984741211,29.43000030517578,31939179.0
2026-01-20,29.450000762939453,29.780000686645508,29.3799991607666,29.639999389648438,28448845.0
2026-01-21,29.6299991607666,30.59000015258789,29.6299991607666,30.559999465942383,62747321.0
2026-01-22,30.850000381469727,32.38999938964844,30.809999465942383,31.81999969482422,85592281.0
2026-01-23,31.809999465942383,31.809999465942383,30.989999771118164,31.399999618530273,56200956.0
2026-01-26,31.899999618530273,33.599998474121094,31.899999618530273,33.4900016784668,87760309.0
2026-01-27,33.34000015258789,34.040000915527344,32.880001068115234,33.25,74748782.0
2026-01-28,33.93000030517578,36.220001220703125,33.91999816894531,35.56999969482422,117561908.0
2026-01-29,36.61000061035156,36.900001525878906,35.27000045776367,36.41999816894531,120933154.0
2026-01-30,36.41999816894531,36.77000045776367,34.5,35.52000045776367,94067808.0
2026-02-02,33.849998474121094,34.9900016784668,33.529998779296875,33.529998779296875,86800415.0
2026-02-03,33.189998626708984,33.79999923706055,33.04999923706055,33.779998779296875,43387187.0
2026-02-04,34.45000076293945,34.65999984741211,33.79999923706055,34.0099983215332,43570798.0
2026-02-05,34.34000015258789,34.70000076293945,33.33000183105469,33.68000030517578,44198798.0
2026-02-06,32.79999923706055,34.560001373291016,32.720001220703125,34.29999923706055,51086732.0
2026-02-09,34.20000076293945,34.40999984741211,33.93000030517578,34.09000015258789,32141923.0
2026-02-10,34.290000915527344,34.86000061035156,34.2599983215332,34.31999969482422,34229834.0
2026-02-11,34.279998779296875,34.97999954223633,33.90999984741211,34.83000183105469,41183351.0
2026-02-12,35.02000045776367,35.68000030517578,34.95000076293945,35.540000915527344,45157985.0
2026-02-13,34.5,34.75,34.060001373291016,34.38999938964844,36105360.0
2026-02-24,35.79999923706055,37.2599983215332,35.779998779296875,37.220001220703125,86902139.0
2026-02-25,37.29999923706055,37.29999923706055,35.849998474121094,36.38999938964844,83545473.0
2026-02-26,36.11000061035156,36.459999084472656,35.400001525878906,35.470001220703125,44788212.0
2026-02-27,35.47999954223633,35.93000030517578,35.290000915527344,35.869998931884766,33582801.0
2026-03-02,39.459999084472656,39.459999084472656,37.900001525878906,39.459999084472656,177271865.0
2026-03-03,41.790000915527344,43.40999984741211,41.0,43.40999984741211,253280221.0
2026-03-04,44.5,44.5,39.06999969482422,42.849998474121094,262523548.0
2026-03-05,42.0,42.849998474121094,40.560001373291016,41.599998474121094,168716941.0
2026-03-06,40.66999816894531,42.380001068115234,39.65999984741211,40.4900016784668,122718533.0
2026-03-09,44.540000915527344,44.540000915527344,43.0,43.36000061035156,213415357.0
2026-03-10,39.029998779296875,41.65999984741211,39.029998779296875,40.97999954223633,165158546.0
2026-03-11,40.20000076293945,42.08000183105469,40.20000076293945,41.7599983215332,120809993.0
2026-03-12,42.619998931884766,43.25,41.650001525878906,43.0,149555523.0
2026-03-13,43.5,43.65999984741211,41.400001525878906,42.0,119988433.0
2026-03-16,42.20000076293945,42.880001068115234,41.16999816894531,41.209999084472656,79104697.0
2026-03-17,40.5099983215332,41.36000061035156,39.900001525878906,40.459999084472656,84783950.0
2026-03-18,39.95000076293945,40.189998626708984,38.599998474121094,39.900001525878906,86598038.0
2026-03-19,41.31999969482422,42.400001525878906,40.79999923706055,42.2400016784668,136230400.0
2026-03-20,40.349998474121094,42.33000183105469,40.310001373291016,41.90999984741211,92530627.0
2026-03-23,42.279998779296875,43.20000076293945,41.720001220703125,42.099998474121094,102731338.0
2026-03-24,40.91999816894531,42.0,40.91999816894531,41.95000076293945,80682428.0
2026-03-25,40.7599983215332,40.880001068115234,39.52000045776367,40.58000183105469,103630426.0
2026-03-26,40.56999969482422,41.20000076293945,40.279998779296875,40.93000030517578,63708531.0
2026-03-27,40.83000183105469,41.40999984741211,40.369998931884766,41.06999969482422,53363849.0
2026-03-30,41.9900016784668,42.20000076293945,40.88999938964844,41.099998474121094,62496564.0
2026-03-31,41.060001373291016,41.45000076293945,39.900001525878906,40.0,58721335.0
2026-04-01,39.09000015258789,40.16999816894531,38.5,38.63999938964844,74930937.0
2026-04-02,39.20000076293945,39.68000030517578,38.90999984741211,39.33000183105469,72634594.0
2026-04-03,39.5,39.54999923706055,38.869998931884766,39.18000030517578,50521214.0
2026-04-07,39.189998626708984,40.18000030517578,38.70000076293945,39.7599983215332,67432877.0
2026-04-08,36.5099983215332,37.65999984741211,36.5099983215332,37.369998931884766,115704938.0
2026-04-09,37.54999923706055,38.400001525878906,37.25,38.310001373291016,74275166.0
2026-04-10,38.0,38.459999084472656,37.880001068115234,38.099998474121094,44690902.0
2026-04-13,38.91999816894531,38.97999954223633,37.720001220703125,38.11000061035156,61718118.0
2026-04-14,37.630001068115234,38.0,37.29999923706055,37.70000076293945,52072187.0
2026-04-15,37.0099983215332,37.11000061035156,36.279998779296875,36.88999938964844,69023357.0
2026-04-16,36.54999923706055,37.189998626708984,36.45000076293945,36.959999084472656,51632816.0
2026-04-17,36.97999954223633,37.45000076293945,36.7599983215332,37.34000015258789,40717495.0
2026-04-20,37.0099983215332,37.540000915527344,36.5,37.15999984741211,47723684.0
2026-04-21,37.15999984741211,37.599998474121094,37.099998474121094,37.439998626708984,34600448.0
2026-04-22,37.68000030517578,37.849998474121094,37.0099983215332,37.09000015258789,37740721.0
2026-04-23,37.349998474121094,38.31999969482422,37.15999984741211,38.040000915527344,63611635.0
2026-04-24,38.20000076293945,38.77000045776367,38.0,38.380001068115234,52500265.0
2026-04-27,38.380001068115234,39.18000030517578,38.099998474121094,38.81999969482422,52421955.0
2026-04-28,38.83000183105469,39.900001525878906,38.77000045776367,39.77000045776367,51862072.0
2026-04-29,39.84000015258789,40.2599983215332,39.439998626708984,39.95000076293945,58409740.0
2026-04-30,40.400001525878906,40.52000045776367,39.70000076293945,39.9900016784668,44954450.0
2026-05-06,39.0,39.11000061035156,38.15999984741211,38.279998779296875,68355900.0
2026-05-07,37.209999084472656,37.619998931884766,36.29999923706055,36.36000061035156,75175334.0
2026-05-08,36.70000076293945,36.81999969482422,36.279998779296875,36.349998474121094,40022426.0
2026-05-11,36.70000076293945,36.779998779296875,36.18000030517578,36.25,44247806.0
2026-05-12,36.20000076293945,36.470001220703125,36.099998474121094,36.189998626708984,39542827.0
2026-05-13,36.220001220703125,36.75,36.119998931884766,36.209999084472656,33859530.0
2026-05-14,36.060001373291016,36.279998779296875,35.900001525878906,36.060001373291016,35381239.0
2026-05-15,36.09000015258789,36.66999816894531,35.650001525878906,36.5099983215332,43335029.0
2026-05-18,36.9900016784668,37.349998474121094,36.68000030517578,36.900001525878906,46406051.0
2026-05-19,36.7400016784668,36.970001220703125,36.369998931884766,36.91999816894531,37102340.0
2026-05-20,36.88999938964844,38.0,36.75,37.58000183105469,47917496.0
2026-05-21,36.54999923706055,36.72999954223633,36.20000076293945,36.220001220703125,45989572.0
2026-05-22,36.0,36.2400016784668,35.5,35.83000183105469,34131129.0
2026-05-25,34.90999984741211,35.59000015258789,34.5099983215332,34.619998931884766,60717880.0
2026-05-26,34.619998931884766,35.279998779296875,34.59000015258789,35.16999816894531,39175550.0
2026-05-27,35.0,35.15999984741211,33.90999984741211,34.09000015258789,42409024.0
2026-05-28,34.0,34.939998626708984,33.90999984741211,34.459999084472656,37581807.0
2026-05-29,34.060001373291016,34.560001373291016,33.630001068115234,34.400001525878906,39094738.0
2026-06-01,34.529998779296875,34.97999954223633,34.29999923706055,34.81999969482422,37576693.0
2026-06-02,35.20000076293945,36.060001373291016,35.040000915527344,35.18000030517578,41746362.0
2026-06-03,35.189998626708984,36.369998931884766,35.060001373291016,36.279998779296875,55082358.0
2026-06-04,35.91999816894531,35.91999816894531,35.25,35.45000076293945,34974600.0
2026-06-05,34.95000076293945,35.7400016784668,34.810001373291016,35.18000030517578,37917848.0
2026-06-08,35.2599983215332,37.20000076293945,35.189998626708984,36.56999969482422,72168509.0
2026-06-09,35.66999816894531,36.0,34.810001373291016,35.040000915527344,57517725.0
2026-06-10,35.060001373291016,35.150001525878906,33.900001525878906,34.04999923706055,40791649.0
2026-06-11,34.720001220703125,34.86000061035156,33.349998474121094,33.81999969482422,48075267.0
2026-06-12,32.86000061035156,33.9900016784668,32.86000061035156,33.36000061035156,66967423.0
2026-06-15,32.040000915527344,32.29999923706055,31.6200008392334,31.81999969482422,80481244.0
2026-06-16,31.780000686645508,31.93000030517578,31.15999984741211,31.270000457763672,48980769.0
2026-06-17,31.010000228881836,31.399999618530273,30.700000762939453,31.399999618530273,55561914.0
2026-06-18,31.34000015258789,31.420000076293945,30.440000534057617,30.700000762939453,44971449.0
2026-06-22,31.149999618530273,31.15999984741211,30.299999237060547,30.540000915527344,60762181.0
2026-06-23,30.309999465942383,30.700000762939453,29.229999542236328,29.34000015258789,69425056.0
2026-06-24,29.110000610351562,29.530000686645508,28.90999984741211,29.209999084472656,50175753.0
2026-06-25,28.450000762939453,28.760000228881836,27.559999465942383,27.729999542236328,98418625.0
2026-06-26,28.0,28.100000381469727,26.979999542236328,27.3700008392334,63766119.0
2026-06-29,27.450000762939453,27.700000762939453,27.0,27.34000015258789,57631540.0
2026-06-30,27.219999313354492,27.260000228881836,26.649999618530273,27.149999618530273,52562781.0
2026-07-01,27.100000381469727,27.450000762939453,26.90999984741211,27.020000457763672,48364074.0
2026-07-02,26.5,27.139999389648438,26.399999618530273,26.75,63347108.0
2026-07-03,26.8799991607666,27.81999969482422,26.860000610351562,27.690000534057617,63812160.0
2026-07-06,27.530000686645508,28.43000030517578,27.3799991607666,28.270000457763672,63463043.0
2026-07-07,28.280000686645508,28.489999771118164,27.829999923706055,28.399999618530273,55607294.0
2026-07-08,28.979999542236328,29.209999084472656,28.549999237060547,28.760000228881836,75052774.0
2026-07-09,29.049999237060547,29.239999771118164,28.280000686645508,28.350000381469727,70917904.0
2026-07-10,27.5,28.399999618530273,27.5,28.149999618530273,50112154.0
2026-07-13,28.770000457763672,28.850000381469727,28.18000030517578,28.81999969482422,64126826.0
2026-07-14,29.510000228881836,29.8799991607666,28.700000762939453,29.520000457763672,96404155.0
2026-07-15,28.93000030517578,29.950000762939453,28.739999771118164,29.790000915527344,62296348.0
2026-07-16,29.68000030517578,29.940000534057617,28.8799991607666,28.959999084472656,53499102.0
2026-07-17,29.010000228881836,29.350000381469727,28.81999969482422,28.969999313354492,49011962.0
2026-07-20,29.600000381469727,31.8700008392334,29.510000228881836,31.8700008392334,96424379.0
2026-07-21,31.799999237060547,31.979999542236328,30.760000228881836,30.93000030517578,105543363.0
2026-07-22,31.68000030517578,32.630001068115234,31.459999084472656,32.38999938964844,88384881.0
2026-07-23,32.79999923706055,33.29999923706055,32.400001525878906,32.9900016784668,81349712.0
2026-07-24,33.66999816894531,33.83000183105469,31.809999465942383,31.90999984741211,101079075.0
2026-07-27,30.549999237060547,31.799999237060547,30.0,31.549999237060547,107389567.0
2026-07-28,30.420000076293945,31.530000686645508,30.420000076293945,31.31999969482422,54000021.0
2026-07-29,31.600000381469727,32.18000030517578,31.440000534057617,31.479999542236328,44911865.0
2026-07-30,32.08000183105469,32.720001220703125,31.889999389648438,32.54999923706055,61887731.0
2026-07-31,31.540000915527344,32.27000045776367,31.540000915527344,32.2599983215332,47873736.0
2026-08-03,31.799999237060547,32.58000183105469,31.75,31.850000381469727,49792705.0
2026-08-04,31.809999465942383,32.0,31.549999237060547,31.559999465942383,38155475.0
2026-08-05,30.920000076293945,31.190000534057617,30.559999465942383,30.690000534057617,68020642.0
2026-08-06,30.510000228881836,30.989999771118164,30.420000076293945,30.959999084472656,41578789.0
2026-08-07,31.299999237060547,31.489999771118164,31.020000457763672,31.329999923706055,43458348.0
2026-08-10,31.600000381469727,32.380001068115234,31.3799991607666,32.0,46468834.0
2026-08-11,32.72999954223633,33.75,32.279998779296875,33.70000076293945,80111856.0
2026-08-12,33.529998779296875,33.529998779296875,32.810001373291016,32.849998474121094,48981761.0
2026-08-13,32.470001220703125,32.93000030517578,31.899999618530273,32.630001068115234,48573813.0
2026-08-14,32.150001525878906,32.779998779296875,31.93000030517578,32.66999816894531,36127680.0
2026-08-17,32.68000030517578,33.150001525878906,32.54999923706055,32.88999938964844,35066096.0
2026-08-18,33.349998474121094,33.84000015258789,33.25,33.58000183105469,49532866.0
2026-08-19,33.779998779296875,33.97999954223633,33.349998474121094,33.349998474121094,44351585.0
2026-08-20,33.2599983215332,33.72999954223633,32.79999923706055,33.29999923706055,41654072.0
2026-08-21,33.54999923706055,34.4900016784668,33.54999923706055,33.86000061035156,44539938.0
2026-08-24,33.29999923706055,33.84000015258789,33.189998626708984,33.720001220703125,34631197.0
2026-08-25,33.79999923706055,33.95000076293945,33.40999984741211,33.5099983215332,35550734.0
2026-08-26,32.5,33.459999084472656,32.22999954223633,33.33000183105469,56947025.0
2026-08-27,33.31999969482422,33.9900016784668,33.099998474121094,33.81999969482422,42094612.0
2026-08-28,33.939998626708984,34.380001068115234,33.70000076293945,34.189998626708984,31199367.0
