case,rule,mode,symbol,total,cagr,mdd,sharpe,calmar,exposure
full5y,v5,reset_liquidate,TQQQ,94.2966287827349,14.267547380299739,41.142941765421284,0.5453329162225032,0.34677995223693375,0.19123505976095617
full5y,v5,reset_liquidate,MSFT,25.06134511355913,4.5928526438054895,24.162530104592793,0.3265729431604539,0.19008161082156225,0.5250996015936255
full5y,v5,reset_liquidate,NFLX,328.96703639846294,33.96418538036807,21.57231063446934,1.3162533160342058,1.5744342808645804,0.5346613545816733
full5y,v5,reset_liquidate,YINN,74.02191793496785,11.766720130871278,67.50277009410183,0.48062152735874175,0.1743146261178312,0.3466135458167331
full5y,v5,reset_liquidate,SNOW,45.41179608059094,7.807627623376301,57.86149243006074,0.38101716327201435,0.13493650605043864,0.3282868525896414
full5y,v5,reset_liquidate,TSLA,101.84649770517531,15.145584436916447,46.48102029656914,0.6476669109800594,0.3258444918007614,0.2047808764940239
full5y,v5,reset_liquidate,MRNA,-4.730592954989454,-0.9683711498738035,49.13825050293683,0.1534022872766261,-0.019707074223489645,0.27729083665338644
full5y,v5,reset_liquidate,NVDA,39.68970412991748,6.942060685270346,29.312222852966695,0.4129156063402117,0.2368316016186312,0.24382470119521912
full5y,v5,reset_liquidate,GOOGL,-6.063822826241793,-1.2482207269816414,28.194142102145637,0.010635528408310673,-0.04427234290227434,0.2972111553784861
full5y,v5,reset_liquidate,AAOI,1285.5202504003153,69.52440440608933,40.88018136185644,1.1316482924763211,1.7006872790187668,0.24860557768924302
full5y,v5,reset_mark,TQQQ,94.2966287827349,14.267547380299739,41.142941765421284,0.5453329162225032,0.34677995223693375,0.19123505976095617
full5y,v5,reset_mark,MSFT,25.1865316452043,4.6138671740245885,24.162530104592793,0.3275890490972465,0.1909513264568096,0.5250996015936255
full5y,v5,reset_mark,NFLX,329.3964328312942,33.991101124138254,21.57231063446934,1.3171506674961455,1.5756819795569577,0.5346613545816733
full5y,v5,reset_mark,YINN,74.02191793496785,11.766720130871278,67.50277009410183,0.48062152735874175,0.1743146261178312,0.3466135458167331
full5y,v5,reset_mark,SNOW,45.55735343402496,7.829288058016659,57.86149243006074,0.3815633905570008,0.1353108557903203,0.3282868525896414
full5y,v5,reset_mark,TSLA,101.84649770517531,15.145584436916447,46.48102029656914,0.6476669109800594,0.3258444918007614,0.2047808764940239
full5y,v5,reset_mark,MRNA,-4.730592954989454,-0.9683711498738035,49.13825050293683,0.1534022872766261,-0.019707074223489645,0.27729083665338644
full5y,v5,reset_mark,NVDA,39.68970412991748,6.942060685270346,29.312222852966695,0.4129156063402117,0.2368316016186312,0.24382470119521912
full5y,v5,reset_mark,GOOGL,-5.969792618860659,-1.2283797703840582,28.194142102145637,0.011812058534206596,-0.043568616698238735,0.2972111553784861
full5y,v5,reset_mark,AAOI,1285.5202504003153,69.52440440608933,40.88018136185644,1.1316482924763211,1.7006872790187668,0.24860557768924302
full5y,v5,carry_mark,TQQQ,94.2966287827349,14.267547380299739,41.142941765421284,0.5453329162225032,0.34677995223693375,0.19123505976095617
full5y,v5,carry_mark,MSFT,25.1865316452043,4.6138671740245885,24.162530104592793,0.3275890490972465,0.1909513264568096,0.5250996015936255
full5y,v5,carry_mark,NFLX,329.3964328312942,33.991101124138254,21.57231063446934,1.3171506674961455,1.5756819795569577,0.5346613545816733
full5y,v5,carry_mark,YINN,74.02191793496785,11.766720130871278,67.50277009410183,0.48062152735874175,0.1743146261178312,0.3466135458167331
full5y,v5,carry_mark,SNOW,45.55735343402496,7.829288058016659,57.86149243006074,0.3815633905570008,0.1353108557903203,0.3282868525896414
full5y,v5,carry_mark,TSLA,101.84649770517531,15.145584436916447,46.48102029656914,0.6476669109800594,0.3258444918007614,0.2047808764940239
full5y,v5,carry_mark,MRNA,-4.730592954989454,-0.9683711498738035,49.13825050293683,0.1534022872766261,-0.019707074223489645,0.27729083665338644
full5y,v5,carry_mark,NVDA,39.68970412991748,6.942060685270346,29.312222852966695,0.4129156063402117,0.2368316016186312,0.24382470119521912
full5y,v5,carry_mark,GOOGL,-5.969792618860659,-1.2283797703840582,28.194142102145637,0.011812058534206596,-0.043568616698238735,0.2972111553784861
full5y,v5,carry_mark,AAOI,1285.5202504003153,69.52440440608933,40.88018136185644,1.1316482924763211,1.7006872790187668,0.24860557768924302
full5y,P-confirm5-v5profit50,reset_liquidate,TQQQ,52.83943458439093,8.89147625015223,46.834318987502556,0.41303987002608333,0.18984958983870065,0.24223107569721117
full5y,P-confirm5-v5profit50,reset_liquidate,MSFT,43.36946111666913,7.501864637854294,27.24527434368299,0.4407907201847706,0.2753455349071812,0.6804780876494024
full5y,P-confirm5-v5profit50,reset_liquidate,NFLX,321.0722207552902,33.46543720421617,29.40788810072914,1.3174781302969965,1.1379748552357432,0.5298804780876494
full5y,P-confirm5-v5profit50,reset_liquidate,YINN,-15.95400636667147,-3.429771859864883,71.17162405797026,0.15064429584167863,-0.0481901587221234,0.28844621513944224
full5y,P-confirm5-v5profit50,reset_liquidate,SNOW,27.487058348997053,4.997088560737573,56.097583215933625,0.3093589966249755,0.08907849989726882,0.349003984063745
full5y,P-confirm5-v5profit50,reset_liquidate,TSLA,142.30863275895445,19.448320418038122,40.58105783951332,0.7605182166321709,0.4792462654608651,0.24701195219123506
full5y,P-confirm5-v5profit50,reset_liquidate,MRNA,27.57425086997751,5.011504022072133,36.908705117993655,0.3129631765806189,0.13578108487010926,0.2836653386454183
full5y,P-confirm5-v5profit50,reset_liquidate,NVDA,37.0002644525738,6.525411973560202,40.37082014432,0.38493992933730437,0.16163684438990275,0.27729083665338644
full5y,P-confirm5-v5profit50,reset_liquidate,GOOGL,-2.4865443724335856,-0.5043265624266158,29.14945108900865,0.05740020877724134,-0.01730140855437177,0.30916334661354583
full5y,P-confirm5-v5profit50,reset_liquidate,AAOI,1680.906508224371,78.28908288949188,38.51533003214803,1.18670075688394,2.0326732972077726,0.25657370517928285
full5y,P-confirm5-v5profit50,reset_mark,TQQQ,52.83943458439093,8.89147625015223,46.834318987502556,0.41303987002608333,0.18984958983870065,0.24223107569721117
full5y,P-confirm5-v5profit50,reset_mark,MSFT,43.51297409075989,7.523463639372441,27.24527434368299,0.44170087373345923,0.27613829629565867,0.6804780876494024
full5y,P-confirm5-v5profit50,reset_mark,NFLX,321.49371446975994,33.49225274076997,29.40788810072914,1.3183911087790967,1.1388867036643668,0.5298804780876494
full5y,P-confirm5-v5profit50,reset_mark,YINN,-15.95400636667147,-3.429771859864883,71.17162405797026,0.15064429584167863,-0.0481901587221234,0.28844621513944224
full5y,P-confirm5-v5profit50,reset_mark,SNOW,27.614673022019097,5.0181843090100875,56.097583215933625,0.3099062692682635,0.08945455439129778,0.349003984063745
full5y,P-confirm5-v5profit50,reset_mark,TSLA,142.30863275895445,19.448320418038122,40.58105783951332,0.7605182166321709,0.4792462654608651,0.24701195219123506
full5y,P-confirm5-v5profit50,reset_mark,MRNA,27.57425086997751,5.011504022072133,36.908705117993655,0.3129631765806189,0.13578108487010926,0.2836653386454183
full5y,P-confirm5-v5profit50,reset_mark,NVDA,37.0002644525738,6.525411973560202,40.37082014432,0.38493992933730437,0.16163684438990275,0.27729083665338644
full5y,P-confirm5-v5profit50,reset_mark,GOOGL,-2.388933305739327,-0.4843361445034722,29.14945108900865,0.05855392960843825,-0.016615618010251323,0.30916334661354583
full5y,P-confirm5-v5profit50,reset_mark,AAOI,1680.906508224371,78.28908288949188,38.51533003214803,1.18670075688394,2.0326732972077726,0.25657370517928285
full5y,P-confirm5-v5profit50,carry_mark,TQQQ,52.83943458439093,8.89147625015223,46.834318987502556,0.41303987002608333,0.18984958983870065,0.24223107569721117
full5y,P-confirm5-v5profit50,carry_mark,MSFT,43.51297409075989,7.523463639372441,27.24527434368299,0.44170087373345923,0.27613829629565867,0.6804780876494024
full5y,P-confirm5-v5profit50,carry_mark,NFLX,321.49371446975994,33.49225274076997,29.40788810072914,1.3183911087790967,1.1388867036643668,0.5298804780876494
full5y,P-confirm5-v5profit50,carry_mark,YINN,-15.95400636667147,-3.429771859864883,71.17162405797026,0.15064429584167863,-0.0481901587221234,0.28844621513944224
full5y,P-confirm5-v5profit50,carry_mark,SNOW,27.614673022019097,5.0181843090100875,56.097583215933625,0.3099062692682635,0.08945455439129778,0.349003984063745
full5y,P-confirm5-v5profit50,carry_mark,TSLA,142.30863275895445,19.448320418038122,40.58105783951332,0.7605182166321709,0.4792462654608651,0.24701195219123506
full5y,P-confirm5-v5profit50,carry_mark,MRNA,27.57425086997751,5.011504022072133,36.908705117993655,0.3129631765806189,0.13578108487010926,0.2836653386454183
full5y,P-confirm5-v5profit50,carry_mark,NVDA,37.0002644525738,6.525411973560202,40.37082014432,0.38493992933730437,0.16163684438990275,0.27729083665338644
full5y,P-confirm5-v5profit50,carry_mark,GOOGL,-2.388933305739327,-0.4843361445034722,29.14945108900865,0.05855392960843825,-0.016615618010251323,0.30916334661354583
full5y,P-confirm5-v5profit50,carry_mark,AAOI,1680.906508224371,78.28908288949188,38.51533003214803,1.18670075688394,2.0326732972077726,0.25657370517928285
year2021,v5,reset_liquidate,TQQQ,19.256839918206637,19.256839918206637,41.142941765421284,0.6084398523228648,0.4680472297776021,0.29365079365079366
year2021,v5,reset_liquidate,MSFT,-21.59643001259395,-21.59643001259395,23.192038396358882,-0.9950359873389958,-0.9312001663460749,0.36507936507936506
year2021,v5,reset_liquidate,NFLX,0.0,0.0,0.0,,,0.0
year2021,v5,reset_liquidate,YINN,-11.980770357805415,-11.980770357805415,40.45346108536163,0.08568070742256588,-0.2961618125214196,0.3888888888888889
year2021,v5,reset_liquidate,SNOW,11.035064589081788,11.035064589081788,29.67843587237774,0.45589626154015755,0.3718209624164299,0.4166666666666667
year2021,v5,reset_liquidate,TSLA,10.819385050147323,10.819385050147323,23.486838250874076,0.5195461560596975,0.4606573662482933,0.16666666666666666
year2021,v5,reset_liquidate,MRNA,-25.173479453374327,-25.173479453374327,33.868365313698554,-0.6056313586980115,-0.7432741208561532,0.20238095238095238
year2021,v5,reset_liquidate,NVDA,0.0,0.0,0.0,,,0.0
year2021,v5,reset_liquidate,GOOGL,-23.185264576068032,-23.185264576068032,24.508953549724055,-1.4744555823957037,-0.9459916160447035,0.23412698412698413
year2021,v5,reset_liquidate,AAOI,-14.528879830647135,-14.528879830647135,22.27459532673385,-0.4558710899810254,-0.6522623471955807,0.09126984126984126
year2021,v5,reset_mark,TQQQ,19.256839918206637,19.256839918206637,41.142941765421284,0.6084398523228648,0.4680472297776021,0.29365079365079366
year2021,v5,reset_mark,MSFT,-21.59643001259395,-21.59643001259395,23.192038396358882,-0.9950359873389958,-0.9312001663460749,0.36507936507936506
year2021,v5,reset_mark,NFLX,0.0,0.0,0.0,,,0.0
year2021,v5,reset_mark,YINN,-11.892663020826244,-11.892663020826244,40.45346108536163,0.08729129425121931,-0.29398381996861295,0.3888888888888889
year2021,v5,reset_mark,SNOW,11.035064589081788,11.035064589081788,29.67843587237774,0.45589626154015755,0.3718209624164299,0.4166666666666667
year2021,v5,reset_mark,TSLA,10.819385050147323,10.819385050147323,23.486838250874076,0.5195461560596975,0.4606573662482933,0.16666666666666666
year2021,v5,reset_mark,MRNA,-25.173479453374327,-25.173479453374327,33.868365313698554,-0.6056313586980115,-0.7432741208561532,0.20238095238095238
year2021,v5,reset_mark,NVDA,0.0,0.0,0.0,,,0.0
year2021,v5,reset_mark,GOOGL,-23.185264576068032,-23.185264576068032,24.508953549724055,-1.4744555823957037,-0.9459916160447035,0.23412698412698413
year2021,v5,reset_mark,AAOI,-14.528879830647135,-14.528879830647135,22.27459532673385,-0.4558710899810254,-0.6522623471955807,0.09126984126984126
year2021,v5,carry_mark,TQQQ,19.256839918206637,19.256839918206637,41.142941765421284,0.6084398523228648,0.4680472297776021,0.29365079365079366
year2021,v5,carry_mark,MSFT,-21.59643001259395,-21.59643001259395,23.192038396358882,-0.9950359873389958,-0.9312001663460749,0.36507936507936506
year2021,v5,carry_mark,NFLX,0.0,0.0,0.0,,,0.0
year2021,v5,carry_mark,YINN,-11.892663020826244,-11.892663020826244,40.45346108536163,0.08729129425121931,-0.29398381996861295,0.3888888888888889
year2021,v5,carry_mark,SNOW,11.035064589081788,11.035064589081788,29.67843587237774,0.45589626154015755,0.3718209624164299,0.4166666666666667
year2021,v5,carry_mark,TSLA,10.819385050147323,10.819385050147323,23.486838250874076,0.5195461560596975,0.4606573662482933,0.16666666666666666
year2021,v5,carry_mark,MRNA,-25.173479453374327,-25.173479453374327,33.868365313698554,-0.6056313586980115,-0.7432741208561532,0.20238095238095238
year2021,v5,carry_mark,NVDA,0.0,0.0,0.0,,,0.0
year2021,v5,carry_mark,GOOGL,-23.185264576068032,-23.185264576068032,24.508953549724055,-1.4744555823957037,-0.9459916160447035,0.23412698412698413
year2021,v5,carry_mark,AAOI,-14.528879830647135,-14.528879830647135,22.27459532673385,-0.4558710899810254,-0.6522623471955807,0.09126984126984126
year2021,P-confirm5-v5profit50,reset_liquidate,TQQQ,-20.687454802215967,-20.687454802215967,41.142941765421284,-0.4199556284472242,-0.5028190478008746,0.15476190476190477
year2021,P-confirm5-v5profit50,reset_liquidate,MSFT,-26.559868972042132,-26.559868972042132,27.24527434368299,-1.2562849120493964,-0.9748431466317837,0.4007936507936508
year2021,P-confirm5-v5profit50,reset_liquidate,NFLX,4.808436559184814,4.808436559184814,5.498186743120714,0.570025687336556,0.8745495167476969,0.0992063492063492
year2021,P-confirm5-v5profit50,reset_liquidate,YINN,0.11569361829644187,0.11569361829644187,33.58379470307285,0.2244905959954283,0.0034449239378495887,0.24603174603174602
year2021,P-confirm5-v5profit50,reset_liquidate,SNOW,1.1974139686188323,1.1974139686188323,29.67843587237774,0.2421240519902818,0.04034626264564324,0.3412698412698413
year2021,P-confirm5-v5profit50,reset_liquidate,TSLA,23.488911083142728,23.488911083142728,14.799427624586892,1.0040968030009056,1.5871499681595553,0.2222222222222222
year2021,P-confirm5-v5profit50,reset_liquidate,MRNA,-12.562209368851374,-12.562209368851374,33.868365313698554,-0.2377387857544738,-0.37091277516634097,0.13095238095238096
year2021,P-confirm5-v5profit50,reset_liquidate,NVDA,0.0,0.0,0.0,,,0.0
year2021,P-confirm5-v5profit50,reset_liquidate,GOOGL,-23.185264576068032,-23.185264576068032,24.508953549724055,-1.4744555823957037,-0.9459916160447035,0.23412698412698413
year2021,P-confirm5-v5profit50,reset_liquidate,AAOI,-14.528879830647135,-14.528879830647135,22.27459532673385,-0.4558710899810254,-0.6522623471955807,0.09126984126984126
year2021,P-confirm5-v5profit50,reset_mark,TQQQ,-20.687454802215967,-20.687454802215967,41.142941765421284,-0.4199556284472242,-0.5028190478008746,0.15476190476190477
year2021,P-confirm5-v5profit50,reset_mark,MSFT,-26.559868972042132,-26.559868972042132,27.24527434368299,-1.2562849120493964,-0.9748431466317837,0.4007936507936508
year2021,P-confirm5-v5profit50,reset_mark,NFLX,4.808436559184814,4.808436559184814,5.498186743120714,0.570025687336556,0.8745495167476969,0.0992063492063492
year2021,P-confirm5-v5profit50,reset_mark,YINN,0.2159095278242651,0.2159095278242651,33.58379470307285,0.22663277802706372,0.00642897950434737,0.24603174603174602
year2021,P-confirm5-v5profit50,reset_mark,SNOW,1.1974139686188323,1.1974139686188323,29.67843587237774,0.2421240519902818,0.04034626264564324,0.3412698412698413
year2021,P-confirm5-v5profit50,reset_mark,TSLA,23.488911083142728,23.488911083142728,14.799427624586892,1.0040968030009056,1.5871499681595553,0.2222222222222222
year2021,P-confirm5-v5profit50,reset_mark,MRNA,-12.562209368851374,-12.562209368851374,33.868365313698554,-0.2377387857544738,-0.37091277516634097,0.13095238095238096
year2021,P-confirm5-v5profit50,reset_mark,NVDA,0.0,0.0,0.0,,,0.0
year2021,P-confirm5-v5profit50,reset_mark,GOOGL,-23.185264576068032,-23.185264576068032,24.508953549724055,-1.4744555823957037,-0.9459916160447035,0.23412698412698413
year2021,P-confirm5-v5profit50,reset_mark,AAOI,-14.528879830647135,-14.528879830647135,22.27459532673385,-0.4558710899810254,-0.6522623471955807,0.09126984126984126
year2021,P-confirm5-v5profit50,carry_mark,TQQQ,-20.687454802215967,-20.687454802215967,41.142941765421284,-0.4199556284472242,-0.5028190478008746,0.15476190476190477
year2021,P-confirm5-v5profit50,carry_mark,MSFT,-26.559868972042132,-26.559868972042132,27.24527434368299,-1.2562849120493964,-0.9748431466317837,0.4007936507936508
year2021,P-confirm5-v5profit50,carry_mark,NFLX,4.808436559184814,4.808436559184814,5.498186743120714,0.570025687336556,0.8745495167476969,0.0992063492063492
year2021,P-confirm5-v5profit50,carry_mark,YINN,0.2159095278242651,0.2159095278242651,33.58379470307285,0.22663277802706372,0.00642897950434737,0.24603174603174602
year2021,P-confirm5-v5profit50,carry_mark,SNOW,1.1974139686188323,1.1974139686188323,29.67843587237774,0.2421240519902818,0.04034626264564324,0.3412698412698413
year2021,P-confirm5-v5profit50,carry_mark,TSLA,23.488911083142728,23.488911083142728,14.799427624586892,1.0040968030009056,1.5871499681595553,0.2222222222222222
year2021,P-confirm5-v5profit50,carry_mark,MRNA,-12.562209368851374,-12.562209368851374,33.868365313698554,-0.2377387857544738,-0.37091277516634097,0.13095238095238096
year2021,P-confirm5-v5profit50,carry_mark,NVDA,0.0,0.0,0.0,,,0.0
year2021,P-confirm5-v5profit50,carry_mark,GOOGL,-23.185264576068032,-23.185264576068032,24.508953549724055,-1.4744555823957037,-0.9459916160447035,0.23412698412698413
year2021,P-confirm5-v5profit50,carry_mark,AAOI,-14.528879830647135,-14.528879830647135,22.27459532673385,-0.4558710899810254,-0.6522623471955807,0.09126984126984126
year2022,v5,reset_liquidate,TQQQ,2.2482565124952503,2.266444869993167,23.94679084632988,0.22549974055011557,0.09464503550965477,0.108
year2022,v5,reset_liquidate,MSFT,6.027552906191702,6.077209860539656,11.964166017531063,0.5149673175802288,0.5079509805894314,0.332
year2022,v5,reset_liquidate,NFLX,37.35492396348303,37.704136641974515,13.585720143306235,1.249249303914324,2.7752769999867524,0.556
year2022,v5,reset_liquidate,YINN,4.112739308890689,4.146314131638484,41.211374335300334,0.38706146703431266,0.10061091624617055,0.22
year2022,v5,reset_liquidate,SNOW,0.7095387682187315,0.7152353298196079,23.3711413573513,0.17167135214027546,0.030603354747783144,0.204
year2022,v5,reset_liquidate,TSLA,4.299803785877376,4.33493728739951,31.709273405746043,0.29018856587512576,0.13670881801454254,0.12
year2022,v5,reset_liquidate,MRNA,5.482767351299778,5.527820145985074,4.137505872436364,0.5207091212505441,1.3360271420545502,0.024
year2022,v5,reset_liquidate,NVDA,0.0,0.0,0.0,,,0.0
year2022,v5,reset_liquidate,GOOGL,0.0,0.0,0.0,,,0.0
year2022,v5,reset_liquidate,AAOI,159.1402351109985,161.12179784832023,26.82796515540703,2.07200645505087,6.005740536599997,0.228
year2022,v5,reset_mark,TQQQ,2.2482565124952503,2.266444869993167,23.94679084632988,0.22549974055011557,0.09464503550965477,0.108
year2022,v5,reset_mark,MSFT,6.133686592784482,6.184243149357682,11.964166017531063,0.5224554782563899,0.5168971360223459,0.332
year2022,v5,reset_mark,NFLX,37.35492396348303,37.704136641974515,13.585720143306235,1.249249303914324,2.7752769999867524,0.556
year2022,v5,reset_mark,YINN,4.112739308890689,4.146314131638484,41.211374335300334,0.38706146703431266,0.10061091624617055,0.22
year2022,v5,reset_mark,SNOW,0.7095387682187315,0.7152353298196079,23.3711413573513,0.17167135214027546,0.030603354747783144,0.204
year2022,v5,reset_mark,TSLA,4.299803785877376,4.33493728739951,31.709273405746043,0.29018856587512576,0.13670881801454254,0.12
year2022,v5,reset_mark,MRNA,5.588355707006776,5.63429909341282,4.137505872436364,0.5296541141381425,1.3617621985621668,0.024
year2022,v5,reset_mark,NVDA,0.0,0.0,0.0,,,0.0
year2022,v5,reset_mark,GOOGL,0.0,0.0,0.0,,,0.0
year2022,v5,reset_mark,AAOI,159.1402351109985,161.12179784832023,26.82796515540703,2.07200645505087,6.005740536599997,0.228
year2022,v5,carry_mark,TQQQ,2.2482565124952503,2.266444869993167,23.94679084632989,0.2254997405501152,0.09464503550965472,0.108
year2022,v5,carry_mark,MSFT,6.133686592784415,6.1842431493576155,11.964166017531086,0.5224554782563902,0.5168971360223393,0.332
year2022,v5,carry_mark,NFLX,37.35492396348303,37.704136641974515,13.585720143306235,1.249249303914324,2.7752769999867524,0.556
year2022,v5,carry_mark,YINN,-15.487448253021297,-15.601139211338788,52.27887767047341,0.06086470923353248,-0.2984214640122268,0.244
year2022,v5,carry_mark,SNOW,0.7095387682187981,0.7152353298196745,23.371141357351267,0.17167135214027687,0.03060335474778604,0.204
year2022,v5,carry_mark,TSLA,4.29980378587731,4.334937287399443,31.709273405746096,0.2901885658751232,0.1367088180145402,0.12
year2022,v5,carry_mark,MRNA,5.5883557070067535,5.634299093412798,4.137505872436364,0.5296541141381406,1.3617621985621615,0.024
year2022,v5,carry_mark,NVDA,0.0,0.0,0.0,,,0.0
year2022,v5,carry_mark,GOOGL,0.0,0.0,0.0,,,0.0
year2022,v5,carry_mark,AAOI,159.14023511099828,161.12179784832,26.82796515540703,2.072006455050868,6.005740536599989,0.228
year2022,P-confirm5-v5profit50,reset_liquidate,TQQQ,-1.6549424926050382,-1.6680709933924454,23.94679084632988,0.09770549985637299,-0.06965739184413916,0.124
year2022,P-confirm5-v5profit50,reset_liquidate,MSFT,6.027552906191702,6.077209860539656,11.964166017531063,0.5149673175802288,0.5079509805894314,0.332
year2022,P-confirm5-v5profit50,reset_liquidate,NFLX,42.920295584886034,43.32919344493511,13.48855227367033,1.559358734022277,3.212293844871236,0.42
year2022,P-confirm5-v5profit50,reset_liquidate,YINN,-18.274382953584777,-18.406216098224547,41.211374335300334,-0.08029460260188198,-0.446629514183864,0.16
year2022,P-confirm5-v5profit50,reset_liquidate,SNOW,-7.013794630456571,-7.067873834222372,23.3711413573513,-0.04441163390833686,-0.3024188560649478,0.292
year2022,P-confirm5-v5profit50,reset_liquidate,TSLA,4.299803785877376,4.33493728739951,31.709273405746043,0.29018856587512576,0.13670881801454254,0.12
year2022,P-confirm5-v5profit50,reset_liquidate,MRNA,-1.0862331603067599,-1.0948752801152595,15.082581000414397,0.04932498053770358,-0.07259203713775365,0.076
year2022,P-confirm5-v5profit50,reset_liquidate,NVDA,-1.509372585492097,-1.5213552469898417,6.050628223642363,-0.2539085468489005,-0.25143756825865843,0.02
year2022,P-confirm5-v5profit50,reset_liquidate,GOOGL,0.0,0.0,0.0,,,0.0
year2022,P-confirm5-v5profit50,reset_liquidate,AAOI,219.02146436021758,221.99599015249683,19.903843949532284,2.0865714212429,11.153422962689246,0.268
year2022,P-confirm5-v5profit50,reset_mark,TQQQ,-1.6549424926050382,-1.6680709933924454,23.94679084632988,0.09770549985637299,-0.06965739184413916,0.124
year2022,P-confirm5-v5profit50,reset_mark,MSFT,6.133686592784482,6.184243149357682,11.964166017531063,0.5224554782563899,0.5168971360223459,0.332
year2022,P-confirm5-v5profit50,reset_mark,NFLX,42.920295584886034,43.32919344493511,13.48855227367033,1.559358734022277,3.212293844871236,0.42
year2022,P-confirm5-v5profit50,reset_mark,YINN,-18.274382953584777,-18.406216098224547,41.211374335300334,-0.08029460260188198,-0.446629514183864,0.16
year2022,P-confirm5-v5profit50,reset_mark,SNOW,-7.013794630456571,-7.067873834222372,23.3711413573513,-0.04441163390833686,-0.3024188560649478,0.292
year2022,P-confirm5-v5profit50,reset_mark,TSLA,4.299803785877376,4.33493728739951,31.709273405746043,0.29018856587512576,0.13670881801454254,0.12
year2022,P-confirm5-v5profit50,reset_mark,MRNA,-0.987220380687448,-0.995078718783704,15.082581000414397,0.0540741065379735,-0.06597536050072358,0.076
year2022,P-confirm5-v5profit50,reset_mark,NVDA,-1.509372585492097,-1.5213552469898417,6.050628223642363,-0.2539085468489005,-0.25143756825865843,0.02
year2022,P-confirm5-v5profit50,reset_mark,GOOGL,0.0,0.0,0.0,,,0.0
year2022,P-confirm5-v5profit50,reset_mark,AAOI,219.34080516538296,222.32088830788337,19.903843949532284,2.088349337025741,11.16974635008167,0.268
year2022,P-confirm5-v5profit50,carry_mark,TQQQ,-1.6549424926049605,-1.6680709933923676,23.946790846329858,0.09770549985637408,-0.06965739184413598,0.124
year2022,P-confirm5-v5profit50,carry_mark,MSFT,6.13368659278426,6.18424314935746,11.964166017531097,0.5224554782563835,0.5168971360223259,0.332
year2022,P-confirm5-v5profit50,carry_mark,NFLX,42.92029558488613,43.3291934449352,13.48855227367033,1.55935873402228,3.212293844871242,0.42
year2022,P-confirm5-v5profit50,carry_mark,YINN,-33.659987379670085,-33.87742556071862,52.27887767047341,-0.43184892882976433,-0.6480136351483355,0.184
year2022,P-confirm5-v5profit50,carry_mark,SNOW,-7.013794630456482,-7.067873834222283,23.371141357351267,-0.04441163390833423,-0.30241885606494445,0.292
year2022,P-confirm5-v5profit50,carry_mark,TSLA,4.2998037858773985,4.334937287399532,31.709273405746053,0.2901885658751261,0.1367088180145432,0.12
year2022,P-confirm5-v5profit50,carry_mark,MRNA,-0.9872203806873814,-0.9950787187836374,15.082581000414352,0.05407410653797663,-0.06597536050071937,0.076
year2022,P-confirm5-v5profit50,carry_mark,NVDA,-1.509372585492097,-1.5213552469898417,6.050628223642363,-0.2539085468489005,-0.25143756825865843,0.02
year2022,P-confirm5-v5profit50,carry_mark,GOOGL,0.0,0.0,0.0,,,0.0
year2022,P-confirm5-v5profit50,carry_mark,AAOI,219.340805165383,222.32088830788342,19.903843949532295,2.0883493370257407,11.169746350081667,0.268
year2023,v5,reset_liquidate,TQQQ,34.484856246253905,34.64369644309202,21.55565677467498,1.1913269187364641,1.6071742468915973,0.3187250996015936
year2023,v5,reset_liquidate,MSFT,-1.8869667723366068,-1.8944129061223558,2.7597664514391607,-0.7344009240740443,-0.6864395735858224,0.027888446215139442
year2023,v5,reset_liquidate,NFLX,65.15162887570393,65.48206080096656,13.445881433538975,2.067493486955232,4.870045978364067,0.8366533864541833
year2023,v5,reset_liquidate,YINN,-34.743086319102105,-34.853964695834314,45.152119680501045,-0.9537540003970147,-0.7719231110845503,0.2350597609561753
year2023,v5,reset_liquidate,SNOW,-0.1878367020968108,-0.18858434940981494,22.801376053637835,0.1275158781269511,-0.008270744229040833,0.44621513944223107
year2023,v5,reset_liquidate,TSLA,25.857655483408216,25.973026717928093,10.52032427620736,1.1174852387074796,2.4688427881133266,0.199203187250996
year2023,v5,reset_liquidate,MRNA,19.353229491906674,19.43738521155547,24.35672919985471,0.7665698084209668,0.798029368067672,0.26693227091633465
year2023,v5,reset_liquidate,NVDA,0.0,0.0,0.0,,,0.0
year2023,v5,reset_liquidate,GOOGL,16.370420922658834,16.440731837048194,17.203682733384127,0.895576899459803,0.9556518852294683,0.450199203187251
year2023,v5,reset_liquidate,AAOI,-20.79197072559088,-20.86549354799744,31.88860136828452,-0.3823087214272844,-0.6543245126062397,0.23904382470119523
year2023,v5,reset_mark,TQQQ,34.61947572197588,34.77901215377843,21.55565677467498,1.1952192201845118,1.6134517503841093,0.3187250996015936
year2023,v5,reset_mark,MSFT,-1.7887555278644718,-1.795817668538946,2.6624288803194784,-0.7045129866327187,-0.67450352639033,0.027888446215139442
year2023,v5,reset_mark,NFLX,65.31694582152548,65.6483687920176,13.445881433538975,2.0713680168551014,4.882414672218247,0.8366533864541833
year2023,v5,reset_mark,YINN,-34.677764083185295,-34.78849351301284,45.152119680501045,-0.951324161302673,-0.770473097590505,0.2350597609561753
year2023,v5,reset_mark,SNOW,-0.1878367020968108,-0.18858434940981494,22.801376053637835,0.1275158781269511,-0.008270744229040833,0.44621513944223107
year2023,v5,reset_mark,TSLA,25.857655483408216,25.973026717928093,10.52032427620736,1.1174852387074796,2.4688427881133266,0.199203187250996
year2023,v5,reset_mark,MRNA,19.353229491906674,19.43738521155547,24.35672919985471,0.7665698084209668,0.798029368067672,0.26693227091633465
year2023,v5,reset_mark,NVDA,0.0,0.0,0.0,,,0.0
year2023,v5,reset_mark,GOOGL,16.486907830489315,16.557753731110903,17.203682733384127,0.9008328212302427,0.9624540272984814,0.450199203187251
year2023,v5,reset_mark,AAOI,-20.712683408999876,-20.78596407678378,31.88860136828452,-0.37985904693755623,-0.6518305345764365,0.23904382470119523
year2023,v5,carry_mark,TQQQ,34.619475721975725,34.779012153778275,21.55565677467498,1.195219220184512,1.6134517503841022,0.3187250996015936
year2023,v5,carry_mark,MSFT,28.02339964372549,28.1494667259091,15.486783309137808,1.3494928415324214,1.8176445142936695,1.0
year2023,v5,carry_mark,NFLX,65.31694582152569,65.64836879201783,13.445881433538997,2.071368016855104,4.882414672218255,0.8366533864541833
year2023,v5,carry_mark,YINN,-34.67776408318526,-34.78849351301281,45.15211968050102,-0.9513241613026712,-0.7704730975905046,0.2350597609561753
year2023,v5,carry_mark,SNOW,-0.18783670209662207,-0.1885843494096262,22.801376053637824,0.12751587812695525,-0.008270744229032559,0.44621513944223107
year2023,v5,carry_mark,TSLA,25.85765548340817,25.97302671792805,10.520324276207383,1.117485238707478,2.4688427881133173,0.199203187250996
year2023,v5,carry_mark,MRNA,-3.7223498639344377,-3.7368993399571115,26.4437441609352,0.04292225990819711,-0.14131506178605208,0.4063745019920319
year2023,v5,carry_mark,NVDA,0.0,0.0,0.0,,,0.0
year2023,v5,carry_mark,GOOGL,16.486907830489205,16.557753731110793,17.203682733384117,0.9008328212302362,0.9624540272984756,0.450199203187251
year2023,v5,carry_mark,AAOI,-20.712683408999943,-20.78596407678385,31.888601368284554,-0.37985904693755723,-0.6518305345764378,0.23904382470119523
year2023,P-confirm5-v5profit50,reset_liquidate,TQQQ,48.3853603403744,48.61884730424719,21.55565677467498,1.441558636482673,2.2555029434949923,0.398406374501992
year2023,P-confirm5-v5profit50,reset_liquidate,MSFT,3.929887935115106,3.945849781823507,7.727259210123883,0.4987799103728176,0.5106402767819468,0.21115537848605578
year2023,P-confirm5-v5profit50,reset_liquidate,NFLX,65.15162887570393,65.48206080096656,13.445881433538975,2.067493486955232,4.870045978364067,0.8366533864541833
year2023,P-confirm5-v5profit50,reset_liquidate,YINN,-34.743086319102105,-34.853964695834314,45.152119680501045,-0.9537540003970147,-0.7719231110845503,0.2350597609561753
year2023,P-confirm5-v5profit50,reset_liquidate,SNOW,-7.103209759563445,-7.13047562553768,28.14999556525788,-0.13363199398410366,-0.25330290404514166,0.4581673306772908
year2023,P-confirm5-v5profit50,reset_liquidate,TSLA,25.857655483408216,25.973026717928093,10.52032427620736,1.1174852387074796,2.4688427881133266,0.199203187250996
year2023,P-confirm5-v5profit50,reset_liquidate,MRNA,27.477601091121386,27.600958742463533,19.20769348815593,1.0221243842238241,1.4369741353631635,0.26294820717131473
year2023,P-confirm5-v5profit50,reset_liquidate,NVDA,6.295986799569686,6.321847119090074,10.141110043336887,0.4777300015503767,0.6233880800104106,0.099601593625498
year2023,P-confirm5-v5profit50,reset_liquidate,GOOGL,1.4895686776705164,1.4955473719871382,18.744373913934652,0.1780838017113275,0.07978646706761122,0.5896414342629482
year2023,P-confirm5-v5profit50,reset_liquidate,AAOI,-7.353302471649103,-7.381489679136022,29.292415433676354,-0.009643904603188768,-0.2519932060860304,0.22310756972111553
year2023,P-confirm5-v5profit50,reset_mark,TQQQ,48.53389423460901,48.768207916556804,21.55565677467498,1.445196269956025,2.262432011529008,0.398406374501992
year2023,P-confirm5-v5profit50,reset_mark,MSFT,4.033921856972089,4.050314431173607,7.727259210123883,0.5111407280670349,0.5241592550521769,0.21115537848605578
year2023,P-confirm5-v5profit50,reset_mark,NFLX,65.31694582152548,65.6483687920176,13.445881433538975,2.0713680168551014,4.882414672218247,0.8366533864541833
year2023,P-confirm5-v5profit50,reset_mark,YINN,-34.677764083185295,-34.78849351301284,45.152119680501045,-0.951324161302673,-0.770473097590505,0.2350597609561753
year2023,P-confirm5-v5profit50,reset_mark,SNOW,-7.103209759563445,-7.13047562553768,28.14999556525788,-0.13363199398410366,-0.25330290404514166,0.4581673306772908
year2023,P-confirm5-v5profit50,reset_mark,TSLA,25.857655483408216,25.973026717928093,10.52032427620736,1.1174852387074796,2.4688427881133266,0.199203187250996
year2023,P-confirm5-v5profit50,reset_mark,MRNA,27.477601091121386,27.600958742463533,19.20769348815593,1.0221243842238241,1.4369741353631635,0.26294820717131473
year2023,P-confirm5-v5profit50,reset_mark,NVDA,6.295986799569686,6.321847119090074,10.141110043336887,0.4777300015503767,0.6233880800104106,0.099601593625498
year2023,P-confirm5-v5profit50,reset_mark,GOOGL,1.4895686776705164,1.4955473719871382,18.744373913934652,0.1780838017113275,0.07978646706761122,0.5896414342629482
year2023,P-confirm5-v5profit50,reset_mark,AAOI,-7.260563034683787,-7.288408904633659,29.292415433676354,-0.00706310775509864,-0.24881556528296594,0.22310756972111553
year2023,P-confirm5-v5profit50,carry_mark,TQQQ,48.5338942346091,48.7682079165569,21.55565677467498,1.4451962699560226,2.262432011529012,0.398406374501992
year2023,P-confirm5-v5profit50,carry_mark,MSFT,28.023399643725245,28.149466725908855,15.48678330913783,1.3494928415324183,1.8176445142936513,1.0
year2023,P-confirm5-v5profit50,carry_mark,NFLX,65.31694582152574,65.64836879201788,13.445881433538975,2.0713680168551063,4.882414672218267,0.8366533864541833
year2023,P-confirm5-v5profit50,carry_mark,YINN,-34.67776408318528,-34.78849351301283,45.15211968050104,-0.9513241613026735,-0.7704730975905049,0.2350597609561753
year2023,P-confirm5-v5profit50,carry_mark,SNOW,-7.103209759563322,-7.130475625537558,28.149995565257868,-0.13363199398410244,-0.25330290404513744,0.4581673306772908
year2023,P-confirm5-v5profit50,carry_mark,TSLA,25.85765548340817,25.97302671792805,10.52032427620736,1.1174852387074807,2.4688427881133226,0.199203187250996
year2023,P-confirm5-v5profit50,carry_mark,MRNA,2.8312675767869777,2.842706360213887,26.44374416093518,0.24463749244171634,0.10750014608042385,0.40239043824701193
year2023,P-confirm5-v5profit50,carry_mark,NVDA,6.295986799569797,6.321847119090185,10.141110043336843,0.4777300015503828,0.6233880800104242,0.099601593625498
year2023,P-confirm5-v5profit50,carry_mark,GOOGL,1.4895686776706052,1.495547371987227,18.744373913934574,0.1780838017113296,0.0797864670676163,0.5896414342629482
year2023,P-confirm5-v5profit50,carry_mark,AAOI,-7.638588417164116,-7.6678233214942715,37.465003530995055,0.01757961044772363,-0.20466629117359159,0.24701195219123506
year2024,v5,reset_liquidate,TQQQ,-4.4434443303680515,-4.4781838361582675,20.433373974874435,0.08116323096321319,-0.21916027385711204,0.036
year2024,v5,reset_liquidate,MSFT,27.19242828208244,27.437413624400374,10.27432071243517,1.4248802420046833,2.670484442946427,0.428
year2024,v5,reset_liquidate,NFLX,45.70200516511069,46.14139642477579,16.728955256094768,1.7393516884032925,2.7581756133853816,0.628
year2024,v5,reset_liquidate,YINN,142.48803544733502,144.21247078231764,16.37788511072811,2.2573401212580406,8.805317036193717,0.456
year2024,v5,reset_liquidate,SNOW,0.0,0.0,0.0,,,0.0
year2024,v5,reset_liquidate,TSLA,50.94744917792027,51.44550391794019,23.00271071997927,1.3034283776002482,2.2364974521570886,0.224
year2024,v5,reset_liquidate,MRNA,-20.430622087585213,-20.57596801391761,44.921578564080576,-0.18970366581811385,-0.458041962718786,0.528
year2024,v5,reset_liquidate,NVDA,33.30176801425382,33.60865647201485,29.312222852966695,0.9515197117388977,1.146574814219977,0.46
year2024,v5,reset_liquidate,GOOGL,3.9953758117460048,4.0279741095435195,20.515558966442182,0.2950322163742043,0.1963375268561865,0.476
year2024,v5,reset_liquidate,AAOI,-10.226796389393499,-10.304243454814388,37.83703671400149,0.1297430958659863,-0.2723322001323991,0.152
year2024,v5,reset_mark,TQQQ,-4.4434443303680515,-4.4781838361582675,20.433373974874435,0.08116323096321319,-0.21916027385711204,0.036
year2024,v5,reset_mark,MSFT,27.319748030112546,27.56599963751871,10.27432071243517,1.4306714546113328,2.6829997241720474,0.428
year2024,v5,reset_mark,NFLX,45.847853018128795,46.28885500058455,16.728955256094768,1.743544448797704,2.7669901850995977,0.628
year2024,v5,reset_mark,YINN,142.73076621354855,144.45888435175988,16.37788511072811,2.25964119829641,8.82036254223899,0.456
year2024,v5,reset_mark,SNOW,0.0,0.0,0.0,,,0.0
year2024,v5,reset_mark,TSLA,50.94744917792027,51.44550391794019,23.00271071997927,1.3034283776002482,2.2364974521570886,0.224
year2024,v5,reset_mark,MRNA,-20.430622087585213,-20.57596801391761,44.921578564080576,-0.18970366581811385,-0.458041962718786,0.528
year2024,v5,reset_mark,NVDA,33.43520321747129,33.74346934968726,29.312222852966695,0.9541363989483259,1.1511740177109113,0.46
year2024,v5,reset_mark,GOOGL,3.9953758117460048,4.0279741095435195,20.515558966442182,0.2950322163742043,0.1963375268561865,0.476
year2024,v5,reset_mark,AAOI,-10.226796389393499,-10.304243454814388,37.83703671400149,0.1297430958659863,-0.2723322001323991,0.152
year2024,v5,carry_mark,TQQQ,-18.329664481941176,-18.46184983915622,27.440389895363115,-0.2563325904668687,-0.6727983789427099,0.068
year2024,v5,carry_mark,MSFT,-12.025470151831353,-12.115596332833356,19.956457836203878,-0.6370702205949246,-0.6071015423816307,0.604
year2024,v5,carry_mark,NFLX,62.28677726689171,62.9166236806453,16.728955256094814,1.9149096529820617,3.7609415960224455,0.784
year2024,v5,carry_mark,YINN,302.8729962564291,307.3891927028077,37.06146198322314,2.249762518434259,8.294038503984424,0.576
year2024,v5,carry_mark,SNOW,0.0,0.0,0.0,,,0.0
year2024,v5,carry_mark,TSLA,50.947449177920134,51.44550391794005,23.00271071997926,1.303428377600246,2.2364974521570837,0.224
year2024,v5,carry_mark,MRNA,-20.430622087585338,-20.575968013917734,44.92157856408063,-0.18970366581811796,-0.4580419627187881,0.528
year2024,v5,carry_mark,NVDA,33.43520321747129,33.74346934968726,29.312222852966695,0.9541363989483259,1.1511740177109113,0.46
year2024,v5,carry_mark,GOOGL,-4.643274492145155,-4.679537724472571,20.515558966442228,-0.11713708001709844,-0.2280970132048071,0.508
year2024,v5,carry_mark,AAOI,249.1314529230712,252.64106753839832,37.83703671400151,1.6786122555630059,6.6770838701781585,0.436
year2024,P-confirm5-v5profit50,reset_liquidate,TQQQ,-4.291283586882,-4.324860591113322,22.55237425783725,0.10165042468878052,-0.1917696355012544,0.188
year2024,P-confirm5-v5profit50,reset_liquidate,MSFT,33.93918480428144,34.252664100707484,10.39559667902088,1.6585623165044883,3.294920451255291,0.508
year2024,P-confirm5-v5profit50,reset_liquidate,NFLX,42.696991752883484,43.10346060598744,16.728955256094793,1.6215882447501564,2.5765781512437087,0.68
year2024,P-confirm5-v5profit50,reset_liquidate,YINN,142.48803544733502,144.21247078231764,16.37788511072811,2.2573401212580406,8.805317036193717,0.456
year2024,P-confirm5-v5profit50,reset_liquidate,SNOW,0.0,0.0,0.0,,,0.0
year2024,P-confirm5-v5profit50,reset_liquidate,TSLA,50.94744917792027,51.44550391794019,23.00271071997927,1.3034283776002482,2.2364974521570886,0.224
year2024,P-confirm5-v5profit50,reset_liquidate,MRNA,3.3565213951264328,3.383822861811492,36.67606241621099,0.32293202128626997,0.09226243601101046,0.568
year2024,P-confirm5-v5profit50,reset_liquidate,NVDA,25.138046573631346,25.362743030796754,34.68584191250644,0.7732712153126139,0.7312131299788885,0.512
year2024,P-confirm5-v5profit50,reset_liquidate,GOOGL,13.615793055628412,13.731878889364602,12.94699127266491,0.7638563778686285,1.0606231672030886,0.428
year2024,P-confirm5-v5profit50,reset_liquidate,AAOI,61.45410266013036,62.07404747729137,32.10870604678934,0.9802542802500752,1.9332466212383659,0.276
year2024,P-confirm5-v5profit50,reset_mark,TQQQ,-4.291283586882,-4.324860591113322,22.55237425783725,0.10165042468878052,-0.1917696355012544,0.188
year2024,P-confirm5-v5profit50,reset_mark,MSFT,34.07325806234378,34.38812679048009,10.39559667902088,1.6641902981605112,3.3079512270688602,0.508
year2024,P-confirm5-v5profit50,reset_mark,NFLX,42.83983158446796,43.24785386491685,16.728955256094793,1.6257083789988462,2.5852094887491877,0.68
year2024,P-confirm5-v5profit50,reset_mark,YINN,142.73076621354855,144.45888435175988,16.37788511072811,2.25964119829641,8.82036254223899,0.456
year2024,P-confirm5-v5profit50,reset_mark,SNOW,0.0,0.0,0.0,,,0.0
year2024,P-confirm5-v5profit50,reset_mark,TSLA,50.94744917792027,51.44550391794019,23.00271071997927,1.3034283776002482,2.2364974521570886,0.224
year2024,P-confirm5-v5profit50,reset_mark,MRNA,3.3565213951264328,3.383822861811492,36.67606241621099,0.32293202128626997,0.09226243601101046,0.568
year2024,P-confirm5-v5profit50,reset_mark,NVDA,25.26330988351486,25.48923567421637,34.68584191250644,0.775828818255653,0.7348599390642407,0.512
year2024,P-confirm5-v5profit50,reset_mark,GOOGL,13.615793055628412,13.731878889364602,12.94699127266491,0.7638563778686285,1.0606231672030886,0.428
year2024,P-confirm5-v5profit50,reset_mark,AAOI,61.45410266013036,62.07404747729137,32.10870604678934,0.9802542802500752,1.9332466212383659,0.276
year2024,P-confirm5-v5profit50,carry_mark,TQQQ,-14.749952414032364,-14.85871762327723,31.22297016170115,-0.14271971737871722,-0.47589058780523363,0.208
year2024,P-confirm5-v5profit50,carry_mark,MSFT,16.58306478370848,16.72625494075779,25.08716719094053,0.7497973320431265,0.66672553395339,0.96
year2024,P-confirm5-v5profit50,carry_mark,NFLX,53.766412517279804,54.29660627129185,16.728955256094846,1.733894241443208,3.245666297751021,0.756
year2024,P-confirm5-v5profit50,carry_mark,YINN,117.92260986215575,119.28489123523138,16.37788511072813,1.9729366330509124,7.283290267868304,0.488
year2024,P-confirm5-v5profit50,carry_mark,SNOW,0.0,0.0,0.0,,,0.0
year2024,P-confirm5-v5profit50,carry_mark,TSLA,50.947449177920156,51.44550391794007,23.00271071997926,1.3034283776002462,2.2364974521570846,0.224
year2024,P-confirm5-v5profit50,carry_mark,MRNA,3.3565213951264106,3.3838228618114696,36.676062416210996,0.3229320212862684,0.09226243601100982,0.568
year2024,P-confirm5-v5profit50,carry_mark,NVDA,25.263309883514886,25.489235674216392,34.68584191250642,0.7758288182556534,0.7348599390642419,0.512
year2024,P-confirm5-v5profit50,carry_mark,GOOGL,13.615793055628234,13.731878889364424,12.94699127266491,0.7638563778686225,1.0606231672030748,0.428
year2024,P-confirm5-v5profit50,carry_mark,AAOI,325.38680520196965,330.342547861449,32.10870604678935,1.883431884002147,10.288254761187456,0.408
year2025,v5,reset_liquidate,TQQQ,44.9285082779098,44.9285082779098,17.899203238259197,1.6198163085083723,2.510084257933671,0.16666666666666666
year2025,v5,reset_liquidate,MSFT,33.44051128704284,33.44051128704284,15.672674559657718,1.354381458616015,2.1336824904870073,0.3253968253968254
year2025,v5,reset_liquidate,NFLX,35.896850432408776,35.896850432408776,11.00831546897173,1.5214024602438143,3.260884967694503,0.25793650793650796
year2025,v5,reset_liquidate,YINN,-10.97577608363295,-10.97577608363295,24.85205656527866,-0.3170522002531087,-0.4416445799889029,0.1626984126984127
year2025,v5,reset_liquidate,SNOW,30.282299038095495,30.282299038095495,46.31882651304411,0.73796986775847,0.653779495678016,0.5714285714285714
year2025,v5,reset_liquidate,TSLA,-8.078611631424494,-8.078611631424494,20.3098397100156,-0.2602214175575555,-0.39776835990687825,0.3134920634920635
year2025,v5,reset_liquidate,MRNA,57.40207017947054,57.40207017947054,21.206863748821547,1.3683758046964554,2.706768471724648,0.2261904761904762
year2025,v5,reset_liquidate,NVDA,14.06175833620349,14.06175833620349,12.895970002084079,0.8477197106480328,1.0903994297389814,0.17063492063492064
year2025,v5,reset_liquidate,GOOGL,10.093048324068054,10.093048324068054,16.018670543796144,0.610009953822104,0.6300802739199217,0.29365079365079366
year2025,v5,reset_liquidate,AAOI,125.97788411160992,125.97788411160992,20.741539407604805,1.6024613825725407,6.073699817353992,0.25
year2025,v5,reset_mark,TQQQ,44.9285082779098,44.9285082779098,17.899203238259197,1.6198163085083723,2.510084257933671,0.16666666666666666
year2025,v5,reset_mark,MSFT,33.57408537241526,33.57408537241526,15.672674559657718,1.3583600335168424,2.142205227615503,0.3253968253968254
year2025,v5,reset_mark,NFLX,36.0328833157245,36.0328833157245,11.00831546897173,1.5266177253150264,3.273242251940139,0.25793650793650796
year2025,v5,reset_mark,YINN,-10.97577608363295,-10.97577608363295,24.85205656527866,-0.3170522002531087,-0.4416445799889029,0.1626984126984127
year2025,v5,reset_mark,SNOW,30.412711749845368,30.412711749845368,46.31882651304411,0.7398059225283942,0.6565950400595894,0.5714285714285714
year2025,v5,reset_mark,TSLA,-8.078611631424494,-8.078611631424494,20.3098397100156,-0.2602214175575555,-0.39776835990687825,0.3134920634920635
year2025,v5,reset_mark,MRNA,57.40207017947054,57.40207017947054,21.206863748821547,1.3683758046964554,2.706768471724648,0.2261904761904762
year2025,v5,reset_mark,NVDA,14.06175833620349,14.06175833620349,12.895970002084079,0.8477197106480328,1.0903994297389814,0.17063492063492064
year2025,v5,reset_mark,GOOGL,10.203251575643701,10.203251575643701,15.93460514894508,0.6154789520438191,0.6403203267524447,0.29365079365079366
year2025,v5,reset_mark,AAOI,125.97788411160992,125.97788411160992,20.741539407604805,1.6024613825725407,6.073699817353992,0.25
year2025,v5,carry_mark,TQQQ,44.928508277909884,44.928508277909884,17.899203238259176,1.6198163085083728,2.510084257933679,0.16666666666666666
year2025,v5,carry_mark,MSFT,33.57408537241522,33.57408537241522,15.672674559657718,1.3583600335168444,2.1422052276155,0.3253968253968254
year2025,v5,carry_mark,NFLX,16.52354539698273,16.52354539698273,16.861373605102692,0.698857154445679,0.9799643720593603,0.5
year2025,v5,carry_mark,YINN,-11.194173478284664,-11.194173478284664,24.85205656527867,-0.12797325536235019,-0.45043248026098087,0.2896825396825397
year2025,v5,carry_mark,SNOW,30.412711749845368,30.412711749845368,46.31882651304405,0.7398059225283931,0.6565950400595901,0.5714285714285714
year2025,v5,carry_mark,TSLA,-8.078611631424549,-8.078611631424549,20.30983971001563,-0.2602214175575565,-0.39776835990688036,0.3134920634920635
year2025,v5,carry_mark,MRNA,57.40207017947052,57.40207017947052,21.206863748821558,1.3683758046964551,2.706768471724646,0.2261904761904762
year2025,v5,carry_mark,NVDA,4.687294478244142,4.687294478244142,20.56191940808492,0.3023356562870919,0.22795996741437982,0.7579365079365079
year2025,v5,carry_mark,GOOGL,10.203251575643657,10.203251575643657,15.93460514894508,0.6154789520438209,0.6403203267524419,0.29365079365079366
year2025,v5,carry_mark,AAOI,125.97788411161002,125.97788411161002,20.74153940760477,1.6024613825725402,6.073699817354006,0.25
year2025,P-confirm5-v5profit50,reset_liquidate,TQQQ,54.746487246884136,54.746487246884136,17.899203238259155,1.596954819664243,3.0585991185275065,0.3253968253968254
year2025,P-confirm5-v5profit50,reset_liquidate,MSFT,24.925275924852986,24.925275924852986,15.672674559657718,1.0394071013603072,1.5903651817675042,0.4007936507936508
year2025,P-confirm5-v5profit50,reset_liquidate,NFLX,35.896850432408776,35.896850432408776,11.00831546897173,1.5214024602438143,3.260884967694503,0.25793650793650796
year2025,P-confirm5-v5profit50,reset_liquidate,YINN,-10.97577608363295,-10.97577608363295,24.85205656527866,-0.3170522002531087,-0.4416445799889029,0.1626984126984127
year2025,P-confirm5-v5profit50,reset_liquidate,SNOW,45.840267429794054,45.840267429794054,47.5874309873353,0.9388012317926707,0.9632851885195016,0.6507936507936508
year2025,P-confirm5-v5profit50,reset_liquidate,TSLA,-0.9733656261585288,-0.9733656261585288,34.339253240167935,0.1241630682416643,-0.02834556766132427,0.46825396825396826
year2025,P-confirm5-v5profit50,reset_liquidate,MRNA,38.64669618610088,38.64669618610088,14.447950641237295,1.0697089958510688,2.6748912109234095,0.24206349206349206
year2025,P-confirm5-v5profit50,reset_liquidate,NVDA,8.735512617797747,8.735512617797747,12.895970002084079,0.5032956023072424,0.677383137242567,0.23015873015873015
year2025,P-confirm5-v5profit50,reset_liquidate,GOOGL,10.093048324068054,10.093048324068054,16.018670543796144,0.610009953822104,0.6300802739199217,0.29365079365079366
year2025,P-confirm5-v5profit50,reset_liquidate,AAOI,66.0705916386205,66.0705916386205,36.45287486624633,1.0954102795927854,1.8124933048778218,0.2698412698412698
year2025,P-confirm5-v5profit50,reset_mark,TQQQ,54.746487246884136,54.746487246884136,17.899203238259155,1.596954819664243,3.0585991185275065,0.3253968253968254
year2025,P-confirm5-v5profit50,reset_mark,MSFT,25.05032625110406,25.05032625110406,15.672674559657718,1.0433367362702517,1.598344057726108,0.4007936507936508
year2025,P-confirm5-v5profit50,reset_mark,NFLX,36.0328833157245,36.0328833157245,11.00831546897173,1.5266177253150264,3.273242251940139,0.25793650793650796
year2025,P-confirm5-v5profit50,reset_mark,YINN,-10.97577608363295,-10.97577608363295,24.85205656527866,-0.3170522002531087,-0.4416445799889029,0.1626984126984127
year2025,P-confirm5-v5profit50,reset_mark,SNOW,45.98625368347751,45.98625368347751,47.5874309873353,0.9405678567920621,0.9663529366759908,0.6507936507936508
year2025,P-confirm5-v5profit50,reset_mark,TSLA,-0.9733656261585288,-0.9733656261585288,34.339253240167935,0.1241630682416643,-0.02834556766132427,0.46825396825396826
year2025,P-confirm5-v5profit50,reset_mark,MRNA,38.64669618610088,38.64669618610088,14.447950641237295,1.0697089958510688,2.6748912109234095,0.24206349206349206
year2025,P-confirm5-v5profit50,reset_mark,NVDA,8.735512617797747,8.735512617797747,12.895970002084079,0.5032956023072424,0.677383137242567,0.23015873015873015
year2025,P-confirm5-v5profit50,reset_mark,GOOGL,10.203251575643701,10.203251575643701,15.93460514894508,0.6154789520438191,0.6403203267524447,0.29365079365079366
year2025,P-confirm5-v5profit50,reset_mark,AAOI,66.0705916386205,66.0705916386205,36.45287486624633,1.0954102795927854,1.8124933048778218,0.2698412698412698
year2025,P-confirm5-v5profit50,carry_mark,TQQQ,54.746487246884044,54.746487246884044,17.899203238259187,1.596954819664241,3.058599118527496,0.3253968253968254
year2025,P-confirm5-v5profit50,carry_mark,MSFT,23.36150185814474,23.36150185814474,16.624276260091985,0.9361345059460049,1.4052642949772225,0.7103174603174603
year2025,P-confirm5-v5profit50,carry_mark,NFLX,10.693494748092046,10.693494748092046,21.021068550103926,0.5012750493516975,0.5087036713953905,0.5396825396825397
year2025,P-confirm5-v5profit50,carry_mark,YINN,-11.194173478284775,-11.194173478284775,24.85205656527869,-0.12797325536235346,-0.4504324802609849,0.2896825396825397
year2025,P-confirm5-v5profit50,carry_mark,SNOW,45.9862536834776,45.9862536834776,47.587430987335324,0.9405678567920623,0.9663529366759921,0.6507936507936508
year2025,P-confirm5-v5profit50,carry_mark,TSLA,-0.97336562615844,-0.97336562615844,34.33925324016792,0.12416306824166568,-0.028345567661321694,0.46825396825396826
year2025,P-confirm5-v5profit50,carry_mark,MRNA,38.64669618610081,38.64669618610081,14.447950641237306,1.069708995851068,2.674891210923403,0.24206349206349206
year2025,P-confirm5-v5profit50,carry_mark,NVDA,4.468594135339821,4.468594135339821,20.56191940808492,0.2958311765768408,0.21732378415911774,0.753968253968254
year2025,P-confirm5-v5profit50,carry_mark,GOOGL,10.203251575643634,10.203251575643634,15.934605148945092,0.6154789520438185,0.6403203267524401,0.29365079365079366
year2025,P-confirm5-v5profit50,carry_mark,AAOI,66.07059163862057,66.07059163862057,36.45287486624633,1.0954102795927865,1.8124933048778236,0.2698412698412698
