symbol,date,signal,signal_key,signal_role,signal_version,split,outcome_cutoff_date,outcome_date_20d,outcome_complete_20d,close,b_score,s_score,regime,ma60_slope20_pct,ret_5d_pct,ret_10d_pct,ret_20d_pct,ret_60d_pct,mfe_20d_pct,mae_20d_pct,mfe_day,mae_day,subtype,interference
YINN,2021-09-22,绝反,juefan,entry,v5沿用v4,train,2024-08-26,2021-10-20,True,212.6000061035156,4.0,1.0,bear,-14.249328028542752,-3.491754148788584,-7.856448684773021,25.024244232980553,-16.973812084383923,26.867124139278854,-11.833168893115442,20.0,8.0,juefan,False
SNOW,2021-09-29,S卖,s_sell,exit,v5沿用v4,train,2024-08-26,2021-10-27,True,293.79998779296875,0.0,2.0,bull,8.704163034575242,2.8637857532184396,8.920267808476945,15.315616645686259,16.019933960366494,16.926914354495427,-3.6511595463039836,20.0,4.0,major-top,True
YINN,2021-10-07,B买Setup(v4),b_setup_v4,setup,v4,train,2024-08-26,2021-11-04,True,213.3999938964844,2.0,1.0,bear,-16.030775271183316,4.465119117914229,19.255811114643894,1.5813925099927406,-22.69767583802689,23.906973905341577,-0.7441888853560896,11.0,1.0,bear/crash-recovery,False
YINN,2021-10-08,B确认(v5),b_confirm_v5,entry,v5,train,2024-08-26,2021-11-05,True,219.3999938964844,1.0,0.0,bear,-16.253799337434216,0.8726003606586596,12.129146344637864,-9.424079900666094,-31.326354279128388,16.230365376768606,-10.383945623320534,10.0,20.0,confirmed,True
GOOGL,2021-10-27,B买Setup(v4),b_setup_v4,setup,v4,train,2024-08-26,2021-11-24,True,146.21749877929688,4.0,1.0,bull,2.2654812763791776,-0.36463168103813004,-0.8434544724263859,-0.6895127012850333,-11.099031620805455,2.6044201531805644,-2.6567607701941998,17.0,3.0,base-bull,False
AAOI,2021-11-05,S卖,s_sell,exit,v5沿用v4,train,2024-08-26,2021-12-06,True,5.860000133514404,1.0,7.0,bear,0.07835199108803259,1.6722392025688038,3.0100305646238334,-8.695651827223239,-33.11036810632416,5.351173422085642,-13.043481727767603,6.0,20.0,bear-rally,False
SNOW,2021-12-02,B买Setup(v4),b_setup_v4,setup,v4,train,2024-08-26,2021-12-31,True,360.2799987792969,5.0,1.0,bull,8.116072644327655,0.8738392644904946,-9.27161317421491,-5.427287838550521,-26.522236620923103,5.323992069638583,-12.895391308126236,7.0,10.0,base-bull,True
TQQQ,2021-12-02,S卖,s_sell,exit,v5沿用v4,train,2024-08-26,2021-12-31,True,37.645694732666016,2.0,2.0,bull,5.831673375372892,1.5249893397756953,-4.287526360259375,3.9562339727975404,-37.45000298709904,9.362489435924903,-10.937520328013195,17.0,12.0,major-top,False
SNOW,2021-12-08,B确认(v5),b_confirm_v5,entry,v5,train,2024-08-26,2022-01-06,True,370.2799987792969,1.0,0.0,bull,6.987612293999734,-2.610811800570101,-3.2162145666174036,-19.705406395164694,-47.83783783783784,1.962164801520272,-22.702702702702705,3.0,20.0,confirmed,True
NVDA,2021-12-13,S卖,s_sell,exit,v5沿用v4,train,2024-08-26,2022-01-11,True,28.07231712341309,0.0,2.0,bull,12.989699517584818,0.07221735041409438,9.469670884300951,0.42604554288405705,-18.185267645317047,13.10878977305161,-7.419023169673677,10.0,19.0,major-top,True
NFLX,2021-12-22,B买Setup(v4),b_setup_v4,setup,v4,train,2024-08-26,2022-01-21,True,61.42399978637695,1.0,0.0,bull,1.5504161185730725,-0.6992208957285584,-10.238482943649174,-35.51265348215521,-39.22939648815154,0.6830003869157553,-38.35334048413732,5.0,20.0,stage,True
YINN,2021-12-30,B买Setup(v4),b_setup_v4,setup,v4,train,2024-08-26,2022-01-28,True,172.0,4.0,1.0,bear,-6.034949194492157,-7.007118895872533,7.363426131057782,-6.175768570916496,-41.92398658168863,24.465566330339005,-11.995248028725669,14.0,4.0,bear/crash-recovery,True
YINN,2021-12-30,绝反,juefan,entry,v5沿用v4,train,2024-08-26,2022-01-28,True,172.0,4.0,1.0,bear,-6.034949194492157,-7.007118895872533,7.363426131057782,-6.175768570916496,-41.92398658168863,24.465566330339005,-11.995248028725669,14.0,4.0,juefan,True
MRNA,2022-01-10,绝反,juefan,entry,v5沿用v4,train,2024-08-26,2022-02-08,True,233.6999969482422,5.0,1.0,bear,-12.046547895870363,-17.429203269755945,-32.50442774949875,-32.16371789442755,-31.58407295699668,1.106194690265494,-38.86283266860827,2.0,9.0,juefan,True
YINN,2022-01-21,S卖,s_sell,exit,v5沿用v4,train,2024-08-26,2022-02-18,True,187.3999938964844,0.0,4.0,bear,-8.236799946246387,-12.026729047584816,0.8908634690159012,-9.46547852019657,-53.67483623564667,8.240527444324552,-16.369715008989605,14.0,5.0,bear-rally,False
AAOI,2022-01-24,绝反,juefan,entry,v5沿用v4,train,2024-08-26,2022-02-22,True,4.019999980926514,4.0,1.0,bear,-12.964679016687686,3.2745560474932267,-1.0075557069209928,-0.2518889267302482,-22.67002742774521,14.861458688096075,-8.488668241270236,19.0,15.0,juefan,True
MSFT,2022-01-24,B买Setup(v4),b_setup_v4,setup,v4,train,2024-08-26,2022-02-22,True,296.3699951171875,5.0,1.0,bull,1.9219267531205064,6.675364539665796,3.2347775620000796,-1.3035084852416556,-1.7700342537634306,8.095501849929354,-2.408064379195163,7.0,20.0,base-bull,False
SNOW,2022-01-24,绝反,juefan,entry,v5沿用v4,train,2024-08-26,2022-02-22,True,277.5,5.0,1.0,bear,-1.6324542868538794,0.22886798705150646,6.509977165307457,-2.7209614317974196,-32.43724228931403,19.697025968933414,-15.417585961580915,13.0,4.0,juefan,True
TQQQ,2022-01-24,绝反,juefan,entry,v5沿用v4,train,2024-08-26,2022-02-22,True,27.392108917236328,3.0,1.0,bear,3.3264379080582884,14.182813604336285,5.946445531411193,-9.732234632439473,-11.542014274353928,20.72020291059342,-12.816263763550573,7.0,20.0,juefan,True
GOOGL,2022-01-31,B买Setup(v4),b_setup_v4,setup,v4,train,2024-08-26,2022-03-01,True,135.30349731445312,1.0,0.0,bull,-1.324305431178896,1.1675658363786479,-1.5033280683230732,-2.5676933455157203,-16.933813353815232,10.13993734109182,-9.187139786410537,2.0,17.0,stage,True
MSFT,2022-01-31,B确认(v5),b_confirm_v5,entry,v5,train,2024-08-26,2022-03-01,True,310.9800109863281,1.0,0.0,bull,-0.2141835654830171,-3.047579441214021,-4.964403041238208,-4.980506836985443,-8.759383435014357,1.517345252894975,-12.528595789319485,2.0,17.0,confirmed,True
NFLX,2022-01-31,B买Setup(v4),b_setup_v4,setup,v4,train,2024-08-26,2022-03-01,True,42.7140007019043,2.0,1.0,bear,-8.557073871770914,-7.12768442262397,-8.404933061739396,-10.79083686768747,-56.453253263695615,5.894304448180399,-18.07095586903966,1.0,17.0,bear/crash-recovery,True
TQQQ,2022-01-31,B买Setup(v4),b_setup_v4,setup,v4,train,2024-08-26,2022-03-01,True,29.459983825683594,1.0,0.0,bear,-1.7126774086193786,-8.090349579482991,-14.402452231543329,-19.833384737711302,-39.05799053041663,4.726039581166974,-34.940723469542746,2.0,17.0,bear/crash-recovery,True
AAOI,2022-02-01,B买Setup(v4),b_setup_v4,setup,v4,train,2024-08-26,2022-03-02,True,4.119999885559082,1.0,1.0,bear,-17.116831641475027,-6.746992852383515,-6.265059867191091,-10.843374393799232,-37.83132856825567,9.879514168440263,-19.518076206848967,13.0,18.0,bear/crash-recovery,True
GOOGL,2022-02-01,B确认(v5),b_confirm_v5,entry,v5,train,2024-08-26,2022-03-02,True,137.6439971923828,2.0,1.0,bull,-1.5122600112703166,-7.835370528796492,-9.680327108083675,-11.027105662448344,-21.638017134232957,0.1960287803460803,-17.38611646920195,1.0,16.0,confirmed,True
SNOW,2022-02-01,B买Setup(v4),b_setup_v4,setup,v4,train,2024-08-26,2022-03-02,True,283.760009765625,1.0,0.0,bear,-5.272120745300435,3.875287479346956,6.17214134771138,-6.324318824883147,-34.27590305830287,16.60885938606702,-15.026894047970584,7.0,16.0,bear/crash-recovery,True
SNOW,2022-02-07,B确认(v5),b_confirm_v5,entry,v5,train,2024-08-26,2022-03-08,True,293.19000244140625,2.0,1.0,bull,-6.829470870444842,1.3683817927376163,-6.761842828103804,-33.28342880701989,-35.23677155489817,14.724922085608604,-36.371867087027155,3.0,20.0,confirmed,True
SNOW,2022-02-11,S卖,s_sell,exit,v5沿用v4,train,2024-08-26,2022-03-14,True,293.69000244140625,0.0,4.0,bear,-7.853674922256282,-6.899955353797804,-9.657890951599246,-43.29388513078057,-51.1120194176732,4.084203858170787,-44.10664423079118,3.0,20.0,bear-rally,False
MRNA,2022-02-15,绝反,juefan,entry,v5沿用v4,train,2024-08-26,2022-03-16,True,151.1199951171875,3.0,1.0,bear,-15.582868208186307,-8.054464017702756,0.16258332279006638,14.727005969554362,-11.820889801811452,15.025070226403137,-17.348593570015115,20.0,14.0,juefan,False
MRNA,2022-02-24,B买Setup(v4),b_setup_v4,setup,v4,train,2024-08-26,2022-03-24,True,156.22999572753906,6.0,1.0,bear,-15.54269932584994,-9.293680042899089,-10.575566945367921,15.164714623390463,-12.67145476931033,20.497368832070872,-21.798488145685535,18.0,8.0,bear/crash-recovery,False
TQQQ,2022-02-24,绝反,juefan,entry,v5沿用v4,train,2024-08-26,2022-03-24,True,23.61372947692871,6.0,1.0,bear,-11.710001299212303,0.4800020643988434,-9.719986384453039,14.040011668695996,-45.320004466900784,14.180011071545383,-20.880004399424145,20.0,12.0,juefan,False
TSLA,2022-02-24,绝反,juefan,entry,v5沿用v4,train,2024-08-26,2022-03-24,True,266.92333984375,2.0,1.0,bear,-7.488854868738493,3.71463805089971,3.5922932022468768,25.294407141119702,-17.959050565960887,28.60372555563726,-6.57291872903455,19.0,12.0,juefan,False
YINN,2022-02-24,绝反,juefan,entry,v5沿用v4,train,2024-08-26,2022-03-24,True,141.1999969482422,3.0,1.0,bear,-8.378052199904285,-9.523812407178456,-34.92063998837425,-28.715729653022205,-46.32034758330958,3.318896567212981,-59.595961375228576,1.0,13.0,juefan,True
AAOI,2022-03-08,B买Setup(v4),b_setup_v4,setup,v4,train,2024-08-26,2022-04-05,True,3.7300000190734863,3.0,1.0,bear,-13.425140487548415,-16.931213527239542,-12.698413299114586,-12.698413299114586,-38.8888899401172,2.910056464205768,-20.63492003421874,1.0,4.0,bear/crash-recovery,True
YINN,2022-03-15,绝反,juefan,entry,v5沿用v4,train,2024-08-26,2022-04-12,True,62.20000076293945,3.0,1.0,bear,-12.495608527529301,22.619047619047628,24.523807707287016,2.3809523809523725,8.80952562604631,35.47619410923548,-2.8571446736653683,14.0,1.0,juefan,False
SNOW,2022-03-16,绝反,juefan,entry,v5沿用v4,train,2024-08-26,2022-04-13,True,197.83999633789065,4.0,1.0,bear,-12.607444186095185,13.969233586238005,18.784617888621803,9.953848031850953,-37.220513759515214,26.420515011518454,-2.020514072516022,9.0,1.0,juefan,False
YINN,2022-03-16,B买Setup(v4),b_setup_v4,setup,v4,train,2024-08-26,2022-04-13,True,102.4000015258789,5.0,1.0,bear,-12.740603205776003,10.173161656546291,11.68830654114057,-1.5151531415146136,-1.341989007892208,23.160174429093793,-8.441561604924031,13.0,1.0,bear/crash-recovery,True
SNOW,2022-03-17,B买Setup(v4),b_setup_v4,setup,v4,train,2024-08-26,2022-04-14,True,208.8500061035156,2.0,1.0,bear,-12.848777937318312,7.303850131755274,8.039420456691637,-6.341944941586997,-46.57676250775693,16.23915604680237,-6.374954807493416,8.0,20.0,bear/crash-recovery,False
SNOW,2022-03-22,B确认(v5),b_confirm_v5,entry,v5,train,2024-08-26,2022-04-20,True,224.9600067138672,1.0,0.0,bear,-13.93404265998457,8.359709786349345,2.67203357347634,-15.914638807245307,-48.28646304320892,11.456737695902097,-16.181388222847037,5.0,20.0,confirmed,True
AAOI,2022-05-03,B买Setup(v4),b_setup_v4,setup,v4,train,2024-08-26,2022-06-01,True,2.7699999809265137,2.0,0.0,bear,-10.252672657747775,-17.39130509898733,-10.507245030981027,-17.028986602689866,-37.68115816835444,3.6231849629747126,-27.173913137373418,1.0,4.0,bear/crash-recovery,True
YINN,2022-05-03,B买Setup(v4),b_setup_v4,setup,v4,train,2024-08-26,2022-06-01,True,85.0,1.0,0.0,bear,-22.398063142332482,-23.61808994653769,-5.778892666206026,1.8969876446937262,-12.763814356124614,10.75377556793702,-27.889443936936342,19.0,7.0,bear/crash-recovery,False
MSFT,2022-05-04,B买Setup(v4),b_setup_v4,setup,v4,train,2024-08-26,2022-06-02,True,289.9800109863281,1.0,0.0,bear,-2.2245088678080505,-8.751845627272804,-11.01772283127106,-3.8383489685061,-2.637108129844523,0.28367217705196346,-13.693354673050774,1.0,12.0,bear/crash-recovery,True
NFLX,2022-05-13,B买Setup(v4),b_setup_v4,setup,v4,train,2024-08-26,2022-06-13,True,18.763999938964844,2.0,1.0,bear,-17.271433888126865,-3.5954459263700222,0.9777505264943365,-12.214175221695978,26.28556334425216,7.2840194081851495,-12.591826305564357,17.0,20.0,bear/crash-recovery,True
SNOW,2022-05-26,绝反,juefan,entry,v5沿用v4,train,2024-08-26,2022-06-27,True,126.8000030517578,2.0,2.0,bear,-18.86915935603244,1.5011773068285272,-4.2845999152117065,15.832675628630199,19.679441358917437,18.999214333431013,-13.788117221141905,20.0,12.0,juefan,False
SNOW,2022-06-02,B买Setup(v4),b_setup_v4,setup,v4,train,2024-08-26,2022-07-01,True,138.24000549316406,1.0,0.0,bear,-18.769242352717075,-1.296488409684371,-15.261519577836403,7.075124725173909,38.11675698382408,14.550303757078442,-18.310117884266752,17.0,8.0,bear/crash-recovery,False
YINN,2022-06-09,S卖,s_sell,exit,v5沿用v4,train,2024-08-26,2022-07-11,True,91.4000015258789,0.0,5.0,bear,-16.169900159277006,-13.87062715562749,4.103918337164236,-11.24072721153324,-39.55461489358086,13.319191041489198,-17.592792609115293,12.0,2.0,bear-rally,False
TQQQ,2022-06-15,绝反,juefan,entry,v5沿用v4,train,2024-08-26,2022-07-15,True,11.864039421081545,3.0,1.0,bear,-13.167331269712356,10.178333719679955,4.393213783158489,16.528911597637407,34.5367476572284,23.966914733614942,-7.264028242366183,7.0,1.0,juefan,False
AAOI,2022-08-05,S卖,s_sell,exit,v5沿用v4,train,2024-08-26,2022-09-02,True,1.8600000143051147,0.0,4.0,bear,-15.069990819876455,39.03742770068166,34.75935692517042,21.390373002041162,47.05882315442187,63.10160131224565,-4.010697726870093,7.0,2.0,bear-rally,True
TSLA,2022-08-05,S卖,s_sell,exit,v5沿用v4,train,2024-08-26,2022-09-02,True,288.1700134277344,0.0,4.0,bear,-5.511224434704376,1.7050843319650344,0.564968303098512,-8.403392727092163,-22.86779888605668,6.666663218352764,-9.779663085937496,7.0,19.0,bear-rally,False
SNOW,2022-08-09,S卖,s_sell,exit,v5沿用v4,train,2024-08-26,2022-09-07,True,160.5500030517578,0.0,4.0,bear,-4.703887616604929,-1.2800838333259956,-9.703867705078007,4.860777505132252,-12.842144716720927,21.31901750755174,-12.85394525468504,13.0,9.0,bear-rally,True
YINN,2022-08-11,绝反,juefan,entry,v5沿用v4,train,2024-08-26,2022-09-09,True,66.83000183105469,3.0,1.0,bear,0.5512402115520842,-3.769780235322917,11.929882951640703,-5.646911947482868,-55.38318238076171,20.38473406186201,-14.272418389089891,11.0,19.0,juefan,True
NFLX,2022-08-16,S卖,s_sell,exit,v5沿用v4,train,2024-08-26,2022-09-14,True,24.569000244140625,0.0,3.0,bear,7.17671638068873,-6.895265381487903,-8.512312355345408,-7.073552418239359,5.58918472115526,2.197531660895935,-10.983498484512722,2.0,14.0,bear-rally,False
MRNA,2022-08-17,S卖,s_sell,exit,v5沿用v4,train,2024-08-26,2022-09-15,True,158.0,0.0,2.0,bear,7.084933841387819,-9.917202117336787,-15.751589635375197,-13.464967764107282,7.363055769804938,0.9617799406598238,-17.46496698658937,1.0,14.0,bear-rally,False
TQQQ,2022-08-17,S卖,s_sell,exit,v5沿用v4,train,2024-08-26,2022-09-15,True,17.772235870361328,0.0,4.0,bear,-0.26014428136089673,-12.211487098757878,-25.362317870349205,-32.662369225645214,-42.43156010104963,1.8786924167275565,-33.84326174548185,1.0,20.0,bear-rally,False
YINN,2022-08-25,B买Setup(v4),b_setup_v4,setup,v4,train,2024-08-26,2022-09-23,True,72.1500015258789,3.0,1.0,bear,-2.277745379092755,-16.82989409200716,-21.62371019233055,-42.28092552029571,-53.05412239495744,0.0,-43.6984542708732,1.0,20.0,bear/crash-recovery,True
NVDA,2022-08-30,S卖,s_sell,exit,v5沿用v4,train,2024-08-26,2022-09-28,True,15.425176620483398,0.0,1.0,bear,0.4551040875875989,-10.828942297308108,-14.639230217496435,-17.18809188867376,7.40970442618647,1.0140414658639019,-20.58223122040801,1.0,18.0,bear-rally,False
YINN,2022-10-04,B买Setup(v4),b_setup_v4,setup,v4,train,2024-08-26,2022-11-01,True,46.2599983215332,2.0,1.0,bear,-18.249218718099492,-23.47528638597145,-25.422643236659237,-51.93665888189778,6.462658864428361,2.974533283254366,-57.92852548683921,1.0,14.0,bear/crash-recovery,True
TQQQ,2022-10-13,绝反,juefan,entry,v5沿用v4,train,2024-08-26,2022-11-10,True,9.200587272644045,5.0,1.0,bear,-5.37753856620199,-3.224197555360986,0.25189783393753107,8.060440166995075,-6.367934524056218,14.05539698231333,-15.113361479610987,8.0,16.0,juefan,False
YINN,2022-10-13,绝反,juefan,entry,v5沿用v4,train,2024-08-26,2022-11-10,True,34.189998626708984,3.0,1.0,bear,-20.6890329472628,-13.61594222222079,-33.0432310593903,-15.272315524522496,77.03538254978358,4.070749035428811,-44.806287375225814,3.0,7.0,juefan,True
TQQQ,2022-10-21,B买Setup(v4),b_setup_v4,setup,v4,train,2024-08-26,2022-11-18,True,9.800935745239258,1.0,0.0,bear,-8.227546086358162,5.186644690078723,-12.990777528803132,5.86526113103254,-8.153958128915416,16.093106791662315,-18.32282063975993,17.0,10.0,bear/crash-recovery,False
TQQQ,2022-10-24,B确认(v5),b_confirm_v5,entry,v5,train,2024-08-26,2022-11-21,True,10.134461402893066,1.0,0.0,bear,-8.752278066825514,-2.467415990085575,-13.780229138417466,-1.396641556245637,-4.58182090477729,11.499094589521807,-21.554932941575867,16.0,9.0,confirmed,True
YINN,2022-11-04,B买Setup(v4),b_setup_v4,setup,v4,train,2024-08-26,2022-12-05,True,28.760000228881836,1.0,1.0,bear,-23.79021022723248,14.095306288981547,21.39286913472027,53.315554717166755,112.12928811025225,62.61245872999055,-14.895032586679335,20.0,3.0,bear/crash-recovery,False
YINN,2022-11-07,B确认(v5),b_confirm_v5,entry,v5,train,2024-08-26,2022-12-06,True,29.18000030517578,1.0,0.0,bear,-24.105268295998293,21.580965848252443,21.441066930390917,67.05140981683448,105.73626925811679,71.35362510318963,-10.66806303176766,20.0,2.0,confirmed,False
NVDA,2022-11-09,S卖,s_sell,exit,v5沿用v4,train,2024-08-26,2022-12-08,True,13.74194049835205,0.0,4.0,bear,-11.046619359267817,7.500002625770508,11.614867282571929,16.036452154056825,49.85593127547992,16.685238685621997,-1.709461190127548,15.0,1.0,bear-rally,True
SNOW,2022-11-10,绝反,juefan,entry,v5沿用v4,train,2024-08-26,2022-12-09,True,145.3800048828125,5.0,1.0,bear,0.10134952950735521,0.7160413639717644,-1.3093277256797653,-1.4388984036646901,8.469720554173744,14.566285255903644,-10.004090445993885,3.0,13.0,juefan,True
SNOW,2022-11-11,B买Setup(v4),b_setup_v4,setup,v4,train,2024-08-26,2022-12-12,True,159.41000366210938,1.0,1.0,bear,0.13103601555464195,-7.074305442876816,-10.334961112055641,-4.099661141025324,3.400489914486582,6.781922103072913,-16.11898577207406,2.0,12.0,bear/crash-recovery,True
SNOW,2022-11-15,B确认(v5),b_confirm_v5,entry,v5,train,2024-08-26,2022-12-14,True,163.49000549316406,1.0,0.0,bear,-0.2777284089105714,-10.192322104108854,-10.480492685952091,-6.533864320950933,1.4596264861140629,1.9231923645453897,-17.32757176974036,19.0,10.0,confirmed,True
NFLX,2022-11-30,B买Setup(v4),b_setup_v4,setup,v4,train,2024-08-26,2022-12-29,True,30.55299949645996,5.0,1.0,bull,6.811534664647345,1.4572811068206404,4.552783876300337,-4.233694032770208,5.967305086871599,9.450966069347832,-10.05954323395699,9.0,19.0,base-bull,True
TSLA,2022-11-30,B买Setup(v4),b_setup_v4,setup,v4,train,2024-08-26,2022-12-29,True,194.6999969482422,1.0,1.0,bear,-12.658635986811174,-11.690688213344313,-20.438399840196166,-38.187538784755304,4.378934850127769,0.9336291459282275,-45.078142450720385,1.0,19.0,bear/crash-recovery,True
NFLX,2022-12-01,B确认(v5),b_confirm_v5,entry,v5,train,2024-08-26,2022-12-30,True,31.69499969482422,2.0,2.0,bull,7.099561833585244,-0.07407877007741259,-6.467195188191033,-5.027533664098516,0.9629932958682197,7.159649547645874,-11.942414276199608,8.0,18.0,confirmed,True
TSLA,2022-12-02,B确认(v5),b_confirm_v5,entry,v5,train,2024-08-26,2023-01-03,True,194.86000061035156,1.0,1.0,bear,-13.003848513337001,-5.484585755778825,-20.6978495611004,-42.937079243568746,0.7706880470135902,0.9660060216799993,-44.763514547560476,1.0,20.0,confirmed,True
YINN,2022-12-07,S卖,s_sell,exit,v5沿用v4,train,2024-08-26,2023-01-06,True,44.709999084472656,0.0,3.0,bear,-18.134410167202585,1.4474788132852412,-4.693962839358967,25.971872208589787,-6.90653455424679,26.488828364182737,-12.220843202692311,20.0,9.0,bear-rally,True
SNOW,2022-12-12,B买Setup(v4),b_setup_v4,setup,v4,train,2024-08-26,2023-01-11,True,150.8800048828125,1.0,0.0,bear,-6.572410502280213,-13.687496185302738,-13.900003433227537,-12.681245803833008,-17.837495803833004,1.6874980926513627,-25.4562520980835,1.0,17.0,bear/crash-recovery,True
YINN,2022-12-29,B买Setup(v4),b_setup_v4,setup,v4,train,2024-08-26,2023-01-30,True,49.75,3.0,1.0,bear,-3.22390372475706,28.49609442103942,38.95802038694596,36.2581706012119,-1.1179050432454374,55.13605418366725,-3.2693508585724063,19.0,1.0,bear/crash-recovery,False
YINN,2023-01-03,B确认(v5),b_confirm_v5,entry,v5,train,2024-08-26,2023-02-01,True,51.0099983215332,3.0,1.0,bear,-1.9309492494955616,11.610621899630114,5.7168133490908435,19.681420790410662,-12.601768021034987,30.17699655178374,-1.4159278532045128,17.0,1.0,confirmed,False
AAOI,2023-01-09,B买Setup(v4),b_setup_v4,setup,v4,train,2024-08-26,2023-02-07,True,2.1500000953674316,2.0,1.0,bear,-11.762813201342192,13.488369720442584,3.2558107040844053,21.860454388088215,-1.8604743487125486,34.69766418556106,-1.3953585338433494,18.0,1.0,bear/crash-recovery,False
TSLA,2023-01-09,B买Setup(v4),b_setup_v4,setup,v4,train,2024-08-26,2023-02-07,True,119.7699966430664,2.0,0.0,bear,-19.88965302161351,8.6065960391551,18.8485997789259,62.55884864515073,53.23367038910798,64.36772156736639,-5.079707228364527,18.0,1.0,bear/crash-recovery,False
TQQQ,2023-01-10,B买Setup(v4),b_setup_v4,setup,v4,train,2024-08-26,2023-02-08,True,8.855607986450195,1.0,0.0,bear,-4.6648211029464814,4.175583488474444,14.775148475127375,33.77944110495834,47.69758071179617,46.94862922896059,-0.8565302184057155,16.0,1.0,bear/crash-recovery,False
SNOW,2023-01-11,B买Setup(v4),b_setup_v4,setup,v4,train,2024-08-26,2023-02-09,True,139.7100067138672,1.0,0.0,bear,-6.862175798876857,-3.6683481151607578,8.590353736751277,15.877194517443915,5.256788172161397,27.28826677480456,-4.309425940637124,15.0,9.0,bear/crash-recovery,False
TQQQ,2023-01-11,B确认(v5),b_confirm_v5,entry,v5,train,2024-08-26,2023-02-09,True,9.296232223510742,1.0,0.0,bear,-4.286944116158842,-3.432367667313796,16.18852848599026,24.59018012996257,41.03258548523443,40.62502238679389,-4.815566840116503,15.0,5.0,confirmed,False
AAOI,2023-01-12,B确认(v5),b_confirm_v5,entry,v5,train,2024-08-26,2023-02-10,True,2.3499999046325684,2.0,1.0,bear,-10.810099054706546,-5.150209849286713,1.7167366164289044,13.733913396545972,-2.145920770536125,24.29184563409521,-8.58368308214451,15.0,8.0,confirmed,False
SNOW,2023-01-12,B确认(v5),b_confirm_v5,entry,v5,train,2024-08-26,2023-02-10,True,142.13999938964844,1.0,0.0,bear,-6.7652660270630545,3.9626734756135873,14.400572231962073,12.943286708039569,-0.07896669629697817,28.28427353432652,-3.5606651867941874,14.0,8.0,confirmed,False
TSLA,2023-01-17,B确认(v5),b_confirm_v5,entry,v5,train,2024-08-26,2023-02-14,True,131.49000549316406,1.0,0.0,bear,-19.136715157313144,5.367605420401089,26.845345868126348,53.2293524757989,36.130636511413506,56.70767708397118,-8.970416094760026,17.0,2.0,confirmed,False
AAOI,2023-01-19,S卖,s_sell,exit,v5沿用v4,train,2024-08-26,2023-02-16,True,2.2899999618530273,0.0,2.0,bear,-9.685589978210185,-3.9301273217701382,23.144103939674476,28.820964926856508,-4.366808135300149,33.62445387568667,-6.986893016480245,20.0,4.0,bear-rally,True
TQQQ,2023-01-30,S卖,s_sell,exit,v5沿用v4,train,2024-08-26,2023-02-28,True,10.50316333770752,0.0,5.0,bear,-0.6134423097405417,13.35462398404077,13.71925094933153,0.8660142867192855,17.453791257964333,25.113983300179775,-2.689146470557313,3.0,18.0,bear-rally,True
SNOW,2023-02-03,S卖,s_sell,exit,v5沿用v4,train,2024-08-26,2023-03-06,True,163.2899932861328,1.0,6.0,bull,-2.960874628229093,-1.5087038808274666,-3.5432599646126772,-11.061723776954224,-9.327662853943664,10.147734379395533,-17.91662037798123,8.0,18.0,major-top,False
TSLA,2023-02-10,S卖,s_sell,exit,v5沿用v4,train,2024-08-26,2023-03-13,True,196.88999938964844,0.0,5.0,bear,-8.709183396064791,7.144326468709483,6.794571977306618,-10.256147839317931,-12.997636308226912,11.948357137290433,-15.692827278150489,4.0,20.0,bear-rally,False
MRNA,2023-02-14,B买Setup(v4),b_setup_v4,setup,v4,train,2024-08-26,2023-03-15,True,175.6199951171875,1.0,0.0,bull,4.996437787786379,-8.662008522611375,-21.660792806754582,-13.61089814324229,-25.84743025935007,2.4253606240410397,-22.815727276436093,1.0,10.0,stage,True
NFLX,2023-02-21,S卖,s_sell,exit,v5沿用v4,train,2024-08-26,2023-03-21,True,33.75,0.0,2.0,bull,8.283698939519368,-4.554070366753471,-8.601481119791664,-9.395554154007524,0.7288840964988497,1.3066722728587887,-15.457774974681726,1.0,14.0,major-top,False
NVDA,2023-02-23,B买Setup(v4),b_setup_v4,setup,v4,train,2024-08-26,2023-03-23,True,23.61153793334961,5.0,1.0,bull,13.309333279685553,0.38319881925621413,0.9256449779360576,17.096318477968996,34.63642880870237,18.81027368919137,-3.979398148764457,19.0,12.0,base-bull,False
NFLX,2023-03-23,B买Setup(v4),b_setup_v4,setup,v4,train,2024-08-26,2023-04-21,True,32.0369987487793,5.0,1.0,bull,0.47598448476688926,5.551566586235568,5.832264441579271,2.2923638357225773,35.57683807839575,9.097713382659588,-1.4128407163107704,8.0,18.0,base-bull,False
NFLX,2023-03-24,B确认(v5),b_confirm_v5,entry,v5,train,2024-08-26,2023-04-24,True,32.8390007019043,2.0,1.0,bull,0.5171258832484815,5.473971024606339,3.4925878646861586,0.44878447362943774,29.583264572509925,6.792851172540426,-3.49565080270523,7.0,17.0,confirmed,False
AAOI,2023-03-28,绝反,juefan,entry,v5沿用v4,train,2024-08-26,2023-04-26,True,1.8200000524520872,1.0,2.0,bear,5.926616092397552,21.42857002500842,26.37362011157598,13.186806780807615,138.4615399730679,29.120870159669067,-4.120881622100391,10.0,1.0,juefan,False
AAOI,2023-03-31,B买Setup(v4),b_setup_v4,setup,v4,train,2024-08-26,2023-05-01,True,2.2100000381469727,2.0,0.0,bear,5.140220089496617,3.7383140086171496,2.3364462553857157,-14.953272746050484,141.58877676902955,9.813074272620037,-14.953272746050484,7.0,20.0,bear/crash-recovery,True
NVDA,2023-04-25,S卖,s_sell,exit,v5沿用v4,train,2024-08-26,2023-05-23,True,26.18726921081543,0.0,1.0,bull,16.362172086021065,4.473745009560326,5.810687141281656,13.650847175856097,64.11221783385986,17.872753108972827,-1.3961829330896736,17.0,2.0,major-top,True
MSFT,2023-04-26,B买Setup(v4),b_setup_v4,setup,v4,train,2024-08-26,2023-05-24,True,295.3699951171875,6.0,1.0,bull,6.494710017449967,2.8482591617435826,5.520828553737767,6.041154444392327,16.60302866107568,9.038078146322913,-0.24326831021168616,19.0,1.0,base-bull,False
MSFT,2023-04-27,B确认(v5),b_confirm_v5,entry,v5,train,2024-08-26,2023-05-25,True,304.8299865722656,2.0,3.0,bull,6.584506304393223,0.4605091449336518,2.006504848521362,7.207000742837644,15.450149571362616,7.529352125117961,-0.2302595916400696,20.0,1.0,confirmed,False
AAOI,2023-05-08,绝反,juefan,entry,v5沿用v4,train,2024-08-26,2023-06-06,True,1.7699999809265137,6.0,1.0,bear,-5.34922752416509,-7.34463257810768,-0.5649712187015044,53.67231965654793,272.31639681365016,59.322031843562925,-7.34463257810768,20.0,5.0,juefan,False
AAOI,2023-05-10,B买Setup(v4),b_setup_v4,setup,v4,train,2024-08-26,2023-06-08,True,1.850000023841858,1.0,0.0,bear,-6.324815037548149,-5.945946642567057,-4.8648666064176505,68.64864028919528,569.1891867510153,71.35135326705941,-11.351353267059416,20.0,3.0,bear/crash-recovery,False
YINN,2023-06-06,B买Setup(v4),b_setup_v4,setup,v4,train,2024-08-26,2023-07-06,True,37.72999954223633,1.0,0.0,bear,-7.646511504491283,4.060237138987199,-3.710667664362022,-14.170472559873259,-11.884910815164629,17.04759447889479,-15.272919084616221,8.0,20.0,bear/crash-recovery,True
YINN,2023-06-13,B确认(v5),b_confirm_v5,entry,v5,train,2024-08-26,2023-07-13,True,38.70000076293945,1.0,1.0,bear,-5.697444599743595,-7.371956765053822,-9.493011338413082,3.724776596980184,-20.667355930300168,12.59699676954542,-18.494567115237302,3.0,15.0,confirmed,False
YINN,2023-06-20,S卖,s_sell,exit,v5沿用v4,train,2024-08-26,2023-07-19,True,36.650001525878906,1.0,5.0,bear,-4.77059713571879,0.11169254201679468,-2.4574170186197897,-0.8936042517521114,-10.611569131611521,12.231212190583163,-12.007821780248095,16.0,11.0,bear-rally,False
AAOI,2023-06-21,S卖,s_sell,exit,v5沿用v4,train,2024-08-26,2023-07-20,True,4.164999961853027,1.0,7.0,bull,5.679598127174423,10.117143498729298,38.658146770167235,72.94993799085915,109.58466012379078,144.5154232693884,-23.51437808706346,15.0,1.0,major-top,True
NFLX,2023-07-27,S卖,s_sell,exit,v5沿用v4,train,2024-08-26,2023-08-24,True,41.31700134277344,0.0,1.0,bull,9.765905388249351,3.715465221226011,3.470019615086062,-2.076713272385322,-3.5133292257438664,7.1445802951736415,-4.189530126525021,3.0,16.0,major-top,False
TSLA,2023-08-01,S卖,s_sell,exit,v5沿用v4,train,2024-08-26,2023-08-29,True,261.07000732421875,0.0,1.0,bull,16.672449975721282,-2.2968306952113493,-8.846891247950028,0.6299586435899895,-16.88383140378945,3.5997892654836994,-16.907307381750215,3.0,13.0,major-top,False
TQQQ,2023-08-09,S卖,s_sell,exit,v5沿用v4,train,2024-08-26,2023-09-07,True,19.190095901489254,0.0,1.0,bull,15.801765002742174,-6.910975658899476,-2.1643175902241962,-0.6886585120778443,-10.40861382951368,6.640401242939542,-13.010343792195933,17.0,7.0,major-top,False
NVDA,2023-08-10,S卖,s_sell,exit,v5沿用v4,train,2024-08-26,2023-09-08,True,42.30559539794922,0.0,2.0,bull,16.319708769506967,3.8154890937928787,12.962581257116756,9.160867021286712,7.802711751109315,20.394741539900863,-3.449006455493142,10.0,2.0,major-top,True
MRNA,2023-08-17,B买Setup(v4),b_setup_v4,setup,v4,train,2024-08-26,2023-09-15,True,106.23999786376952,3.0,1.0,bear,-5.43405584454616,6.373937585213807,6.770536417030337,8.205849562606593,-33.85268928949014,11.491971665336864,-4.249291723475879,9.0,1.0,bear/crash-recovery,False
MRNA,2023-08-17,绝反,juefan,entry,v5沿用v4,train,2024-08-26,2023-09-15,True,106.23999786376952,3.0,1.0,bear,-5.43405584454616,6.373937585213807,6.770536417030337,8.205849562606593,-33.85268928949014,11.491971665336864,-4.249291723475879,9.0,1.0,juefan,False
MRNA,2023-08-21,B确认(v5),b_confirm_v5,entry,v5,train,2024-08-26,2023-09-19,True,111.08000183105467,2.0,1.0,bear,-5.979124803498237,1.1822238498263804,-2.7911105685763937,-5.12000189887154,-34.133334689670136,4.951110839843742,-9.466668023003477,7.0,20.0,confirmed,True
TSLA,2023-08-21,B买Setup(v4),b_setup_v4,setup,v4,train,2024-08-26,2023-09-19,True,231.27999877929688,5.0,1.0,bull,11.352776806760723,-0.5952102708766893,6.7596213254422555,10.926118626430803,-1.1821004528160928,16.120712169127206,-5.0239364512877245,18.0,3.0,base-bull,False
MSFT,2023-08-23,B买Setup(v4),b_setup_v4,setup,v4,train,2024-08-26,2023-09-21,True,327.0,1.0,0.0,bull,1.299507847560477,-1.2197679087111335,-0.883281474386366,-4.001804740864645,13.014873525568248,2.406483130889825,-5.362777760612181,15.0,20.0,stage,False
NFLX,2023-08-23,B买Setup(v4),b_setup_v4,setup,v4,train,2024-08-26,2023-09-21,True,42.755001068115234,2.0,1.0,bull,6.810032556059475,2.1767205278972135,4.167741225057542,-9.698877354000246,9.764695923588773,6.591290356019286,-9.870480891631782,8.0,20.0,stage,True
SNOW,2023-08-30,B买Setup(v4),b_setup_v4,setup,v4,train,2024-08-26,2023-09-28,True,155.33999633789062,1.0,0.0,bull,-2.9721270178489356,2.4615361140324588,4.474356235601973,-3.1282082582131387,9.717951065454722,10.480773143279244,-9.108978662735378,7.0,20.0,stage,True
SNOW,2023-08-31,B确认(v5),b_confirm_v5,entry,v5,train,2024-08-26,2023-09-29,True,156.85000610351562,1.0,0.0,bull,-3.2208225824036374,4.965205908712478,2.7261210576878803,-3.3712850254824622,7.7166328129388395,9.013282384486331,-10.31626324334477,6.0,19.0,confirmed,True
TQQQ,2023-10-06,B买Setup(v4),b_setup_v4,setup,v4,train,2024-08-26,2023-11-03,True,18.113191604614254,1.0,1.0,bull,-2.222527196314217,2.1852012242993712,-6.8833709948872945,2.649567830874333,27.819000660944514,9.396352186260849,-16.771365077416377,4.0,14.0,stage,False
TQQQ,2023-10-09,B确认(v5),b_confirm_v5,entry,v5,train,2024-08-26,2023-11-06,True,18.379919052124023,1.0,0.0,bull,-2.537612918309995,1.736363214084169,-9.523796461806633,1.062478034441483e-05,21.050006963324662,5.367022336056637,-19.836875182491276,3.0,13.0,confirmed,False
YINN,2023-10-10,B买Setup(v4),b_setup_v4,setup,v4,train,2024-08-26,2023-11-07,True,29.799999237060547,1.0,1.0,bear,-6.204805808471381,-7.777414335342058,-12.821342939799663,-10.901400687837226,-38.7243729118008,1.431827336843483,-24.015617542145705,1.0,9.0,bear/crash-recovery,True
YINN,2023-10-11,B确认(v5),b_confirm_v5,entry,v5,train,2024-08-26,2023-11-08,True,30.68000030517578,1.0,1.0,bear,-5.928277951582627,-13.322577937956781,-18.58064589961883,-13.677418616510206,-41.387096528084044,0.35484067855342527,-24.677418124291208,1.0,8.0,confirmed,True
NFLX,2023-10-19,B买Setup(v4),b_setup_v4,setup,v4,train,2024-08-26,2023-11-16,True,40.176998138427734,7.0,1.0,bull,-5.274644256137339,-0.5152469866731568,4.703796462205179,15.117225084444241,18.41580078219962,15.198582346649658,-2.4677648533429797,20.0,6.0,base-bull,False
NFLX,2023-10-24,B确认(v5),b_confirm_v5,entry,v5,train,2024-08-26,2023-11-21,True,41.37300109863281,1.0,1.0,bull,-4.922111133192519,-1.0408212574783082,4.468528656763904,14.165178532540047,16.751593086743966,14.662752510954125,-4.903612463740337,20.0,3.0,confirmed,False
MSFT,2023-10-25,B买Setup(v4),b_setup_v4,setup,v4,train,2024-08-26,2023-11-22,True,340.6700134277344,5.0,1.0,bull,-1.5072141687930807,1.623891067286265,6.65413845466567,10.956127509955138,17.137482788270987,11.525811656524464,-3.993658824884183,20.0,1.0,base-bull,False
MRNA,2023-11-02,绝反,juefan,entry,v5沿用v4,train,2024-08-26,2023-12-01,True,71.2300033569336,3.0,1.0,bear,-9.34207293676208,-4.898063183790646,4.733899147937826,9.221515707847928,38.25421824432684,10.986464374097338,-7.483915536157837,15.0,7.0,juefan,False
MRNA,2023-11-03,B买Setup(v4),b_setup_v4,setup,v4,train,2024-08-26,2023-12-04,True,77.52999877929688,2.0,1.0,bear,-9.374723690299735,-10.238336455708307,-2.050228671643628,2.3449536258149717,26.88364362046638,3.9466963030774016,-13.352124611356942,14.0,6.0,bear/crash-recovery,False
AAOI,2023-11-30,S卖,s_sell,exit,v5沿用v4,train,2024-08-26,2023-12-29,True,13.25,1.0,3.0,bull,-5.798759738477333,33.88931318600474,75.81502101445645,46.474604317332215,6.747538829693367,82.56255261386664,-1.5921155786789654,13.0,1.0,major-top,True
YINN,2023-12-28,B买Setup(v4),b_setup_v4,setup,v4,train,2024-08-26,2024-01-29,True,20.540000915527344,2.0,1.0,bear,-11.974257186576132,-8.19112767639092,-14.285715614229023,-21.01413660577689,-9.312529625048372,2.9254040700829043,-34.66601916629616,1.0,15.0,bear/crash-recovery,True
YINN,2023-12-29,B确认(v5),b_confirm_v5,entry,v5,train,2024-08-26,2024-01-30,True,20.940000534057617,1.0,0.0,bear,-11.717870840009681,-6.436663208492355,-18.022656983778607,-20.700311235687895,-4.6858900300569495,3.08960030439005,-30.99897236927567,2.0,14.0,confirmed,True
SNOW,2024-01-04,S卖,s_sell,exit,v5沿用v4,train,2024-08-26,2024-02-02,True,183.72000122070312,0.0,2.0,bull,8.164988718781952,5.986881592066129,4.632381997986101,18.524129504182362,-15.376282037503364,19.05509929745255,-1.1052762984065767,20.0,8.0,major-top,True
YINN,2024-02-26,S卖,s_sell,exit,v5沿用v4,train,2024-08-26,2024-03-25,True,19.299999237060547,0.0,4.0,bear,-15.378696212398212,-11.100097805963106,-4.658079880288824,-9.365705456226825,51.23885032814335,5.847375061105087,-15.659067391597759,12.0,6.0,bear-rally,False
GOOGL,2024-03-13,B买Setup(v4),b_setup_v4,setup,v4,train,2024-08-26,2024-04-11,True,139.7899932861328,1.0,0.0,bull,1.0287687164393988,5.347406276086053,6.8560043263675485,12.904597284261964,23.56399440269714,13.095821173349954,-0.8215905106955246,20.0,2.0,stage,False
GOOGL,2024-03-14,B确认(v5),b_confirm_v5,entry,v5,train,2024-08-26,2024-04-12,True,143.10000610351562,1.0,2.0,bull,1.045388575950068,3.5789516515899233,5.91578433388158,10.687716300027406,22.814031232867315,12.435088575932006,-1.7333341899671062,20.0,1.0,confirmed,False
TSLA,2024-03-27,B买Setup(v4),b_setup_v4,setup,v4,train,2024-08-26,2024-04-25,True,179.8300018310547,1.0,1.0,bear,-10.607986496868227,-3.5728354166947973,-1.6060810897381095,-4.096931190470188,2.8909580000211488,1.1947086009784114,-21.780780254258126,1.0,17.0,bear/crash-recovery,True
AAOI,2024-04-16,绝反,juefan,entry,v5沿用v4,train,2024-08-26,2024-05-14,True,11.989999771118164,5.0,1.0,bear,-11.86015566118348,-6.478403118293241,-18.18936534320591,-7.308971073331138,-22.093022058471167,9.634550258200992,-19.933551712079066,1.0,11.0,juefan,True
TSLA,2024-04-25,B买Setup(v4),b_setup_v4,setup,v4,train,2024-08-26,2024-05-23,True,170.17999267578125,1.0,1.0,bear,-9.130332414986341,6.609409535039368,1.8477909413131766,2.896061126968852,45.91649154680286,17.77908672106754,-1.4687657072441684,2.0,1.0,bear/crash-recovery,False
TQQQ,2024-04-26,B买Setup(v4),b_setup_v4,setup,v4,train,2024-08-26,2024-05-24,True,27.023338317871097,1.0,0.0,bull,2.955100074293582,1.1055537822076467,5.509983931918461,16.529968340075364,17.154595629157487,18.59843210735772,-8.701868740393582,19.0,4.0,stage,False
TSLA,2024-04-29,B确认(v5),b_confirm_v5,entry,v5,train,2024-08-26,2024-05-28,True,194.0500030517578,2.0,1.0,bear,-8.185618050647768,-1.1872934385655065,-8.070380084872408,-5.471171227560534,17.793349573577323,2.123222436312444,-10.28452035883044,1.0,9.0,confirmed,True
NFLX,2024-05-03,B买Setup(v4),b_setup_v4,setup,v4,train,2024-08-26,2024-06-03,True,57.93399810791016,1.0,0.0,bull,3.4075197718898442,4.992957673526366,6.751231407268077,8.93232010202949,7.997318657634622,14.167618778365831,-0.26983892407466126,17.0,1.0,stage,False
TQQQ,2024-05-03,B确认(v5),b_confirm_v5,entry,v5,train,2024-08-26,2024-06-03,True,27.717500686645508,1.0,1.0,bull,0.6739284221632946,3.0477157029436652,9.613351781336444,9.961668597272189,19.36803691918496,15.830721029204176,-0.522464727668337,14.0,1.0,confirmed,False
AAOI,2024-05-06,B买Setup(v4),b_setup_v4,setup,v4,train,2024-08-26,2024-06-04,True,11.949999809265137,2.0,1.0,bear,-12.630530470466606,-16.317990296144213,3.7656888405658284,-15.899578651517265,-29.707115040976472,9.121340334606408,-17.991628894113653,14.0,5.0,bear/crash-recovery,True
NFLX,2024-05-06,B确认(v5),b_confirm_v5,entry,v5,train,2024-08-26,2024-06-04,True,59.696998596191406,1.0,1.0,bull,3.072021738241304,3.406121454365185,7.469649331634676,5.9267466532472834,4.791377100121164,11.39901537458412,-0.8318212857656659,16.0,1.0,confirmed,False
MRNA,2024-05-28,S卖,s_sell,exit,v5沿用v4,train,2024-08-26,2024-06-26,True,153.1999969482422,0.0,6.0,bull,13.195080328265396,-3.1066691080729125,-1.0733337402343723,-18.36666870117186,-45.97333272298177,5.880004882812506,-18.586664835611966,7.0,20.0,major-top,False
SNOW,2024-06-26,B买Setup(v4),b_setup_v4,setup,v4,train,2024-08-26,2024-07-25,True,129.1300048828125,3.0,1.0,bear,-6.455975158718741,10.632692022275725,7.008431387563063,0.35622352488531295,,13.420584818208535,-2.8111242511814294,6.0,20.0,bear/crash-recovery,False
SNOW,2024-06-27,B确认(v5),b_confirm_v5,entry,v5,train,2024-08-26,2024-07-26,True,133.9199981689453,1.0,0.0,bear,-6.397291417794149,7.090977914117302,1.6473207772144782,-3.4069658912657896,,9.666793985100885,-6.027707126774084,5.0,19.0,confirmed,False
AAOI,2024-07-08,B买Setup(v4),b_setup_v4,setup,v4,train,2024-08-26,2024-08-05,True,8.539999961853027,2.0,1.0,bear,-12.154880892003717,19.999997756060427,13.52940727682672,-18.00000246833352,,42.470584196202886,-21.176472832174863,6.0,20.0,bear/crash-recovery,True
AAOI,2024-07-10,B确认(v5),b_confirm_v5,entry,v5,train,2024-08-26,2024-08-07,True,9.010000228881836,1.0,1.0,bear,-12.184575482963222,17.165769804856822,-4.171126496376154,-26.524068392827328,,29.518707621418017,-28.342250952807312,4.0,18.0,confirmed,True
TSLA,2024-07-11,S卖,s_sell,exit,v5沿用v4,train,2024-08-26,2024-08-08,True,241.02999877929688,0.0,6.0,bull,7.245346764981075,5.695501485143484,-6.594572879774141,-15.674302898865733,,12.63782979901691,-22.815946715636294,2.0,17.0,major-top,False
NVDA,2024-07-17,S卖,s_sell,exit,v5沿用v4,train,2024-08-26,2024-08-14,True,117.79583740234376,1.0,2.0,bull,13.304792279936972,-6.237164819549634,-3.963896773599185,-3.0939665522954685,,2.3307347572234294,-25.57242040966322,4.0,13.0,major-top,False
TQQQ,2024-07-19,S卖,s_sell,exit,v5沿用v4,train,2024-08-26,2024-08-16,True,34.87015914916992,0.0,2.0,bull,10.734286976960083,-11.636103037378954,-20.24439216831787,-6.802432234324085,,2.009505673964207,-33.74066625522186,2.0,11.0,major-top,False
TQQQ,2024-08-05,绝反,juefan,entry,v5沿用v4,train,2024-08-26,,False,26.312105178833008,1.0,2.0,bear,8.472794935058726,9.458694765865005,31.719946649081198,,,,,,,juefan,
YINN,2024-08-05,绝反,juefan,entry,v5沿用v4,train,2024-08-26,,False,19.600000381469727,4.0,1.0,bear,0.21546800091036822,12.077295230041308,24.476659037613068,,,,,,,juefan,
NFLX,2024-08-09,B买Setup(v4),b_setup_v4,setup,v4,train,2024-08-26,,False,63.39400100708008,1.0,0.0,bull,2.538414520867116,6.825672441671093,8.832009796578099,,,,,,,stage,
MSFT,2024-08-13,B买Setup(v4),b_setup_v4,setup,v4,train,2024-08-26,,False,414.010009765625,1.0,0.0,bull,0.968960169912858,2.410800456674833,,,,,,,,stage,
NFLX,2024-08-13,B确认(v5),b_confirm_v5,entry,v5,train,2024-08-26,,False,64.802001953125,1.0,0.0,bull,2.450004472945455,7.6830481258705285,,,,,,,,confirmed,
YINN,2024-08-13,B买Setup(v4),b_setup_v4,setup,v4,train,2024-08-26,,False,21.270000457763672,1.0,0.0,bear,-5.627435758500344,3.9423155396650644,,,,,,,,bear/crash-recovery,
AAOI,2024-08-15,B买Setup(v4),b_setup_v4,setup,v4,train,2024-08-26,,False,8.529999732971191,1.0,0.0,bear,-8.175050050982492,6.737585014823089,,,,,,,,bear/crash-recovery,
MSFT,2024-08-15,B确认(v5),b_confirm_v5,entry,v5,train,2024-08-26,,False,421.0299987792969,1.0,1.0,bull,0.61210603533155,-1.2006700516556945,,,,,,,,confirmed,
YINN,2024-08-16,B确认(v5),b_confirm_v5,entry,v5,train,2024-08-26,,False,22.540000915527344,2.0,1.0,bull,-8.200904384648322,-0.34903980558358416,,,,,,,,confirmed,
AAOI,2024-08-19,B确认(v5),b_confirm_v5,entry,v5,train,2024-08-26,,False,8.600000381469727,1.0,1.0,bear,-8.915230725369716,11.990683523572287,,,,,,,,confirmed,
MRNA,2024-08-19,B买Setup(v4),b_setup_v4,setup,v4,train,2024-08-26,,False,89.95999908447266,1.0,1.0,bear,-6.98058377064279,-8.493942607698735,,,,,,,,bear/crash-recovery,
GOOGL,2024-09-13,B买Setup(v4),b_setup_v4,setup,v4,validation,2025-08-26,2024-10-11,True,157.4600067138672,1.0,0.0,bull,-2.9735313812801145,3.9921167610200703,4.220964651134285,3.769631953850583,11.480514804449648,7.532900824756439,-0.45133269728370173,12.0,1.0,stage,False
GOOGL,2024-09-17,B确认(v5),b_confirm_v5,entry,v5,validation,2025-08-26,2024-10-15,True,159.32000732421875,1.0,0.0,bull,-3.113172724454494,1.520075482611949,4.4601556709557455,3.5030689866974773,22.231948674114733,5.817592278399886,-0.7881862267141493,10.0,1.0,confirmed,False
YINN,2024-10-08,S卖,s_sell,exit,v5沿用v4,validation,2025-08-26,2024-11-05,True,40.7599983215332,1.0,7.0,bull,14.33214450430167,-12.791330692474002,-6.016263221957274,-1.5447145562432096,-25.28455676217607,12.357716449945698,-16.639569222486163,3.0,7.0,major-top,False
NFLX,2024-10-18,B买Setup(v4),b_setup_v4,setup,v4,validation,2025-08-26,2024-11-15,True,76.38899993896484,6.0,1.0,bull,2.6719590252989978,-1.44692087820536,-1.2614864108875912,7.600302441902529,10.004444568873328,9.825535976050137,-2.8076603604135886,19.0,3.0,base-bull,False
NFLX,2024-10-21,B确认(v5),b_confirm_v5,entry,v5,validation,2025-08-26,2024-11-18,True,77.20700073242188,2.0,3.0,bull,2.970441748290842,-2.1103634726999387,-1.2753641451458186,10.686426173966378,12.130355403349391,10.869367343575576,-2.745433524213581,20.0,2.0,confirmed,False
TSLA,2024-10-24,B买Setup(v4),b_setup_v4,setup,v4,validation,2025-08-26,2024-11-21,True,260.4800109863281,4.0,1.0,bull,-1.0059490908797875,-2.4061573482024534,15.975935446402257,32.66669336850347,61.07964108916792,40.088278179735795,-6.69114652919035,12.0,7.0,base-bull,False
TSLA,2024-10-25,B确认(v5),b_confirm_v5,entry,v5,validation,2025-08-26,2024-11-22,True,269.19000244140625,2.0,1.0,bull,-0.7245359947311236,-7.785186767578134,18.97037082248263,30.57777687355323,50.585180211950245,33.89999954788774,-11.52592411747685,20.0,6.0,confirmed,False
TEM,2024-11-06,绝反,juefan,entry,v5沿用v4,validation,2025-08-26,2024-12-05,True,56.970001220703125,2.0,1.0,bear,4.449595138499851,23.714343705686993,5.66963986151463,-3.3981445999746063,25.713250662840913,44.44848196812041,-12.302381624457981,4.0,8.0,juefan,True
MRNA,2024-11-18,绝反,juefan,entry,v5沿用v4,validation,2025-08-26,2024-12-17,True,39.5099983215332,5.0,1.0,bear,-18.29609754295619,12.25093028298787,9.474228898114001,4.7949552431417075,-8.085873301836955,21.899981080984855,-7.54596050584484,14.0,3.0,juefan,False
MRNA,2024-11-22,B买Setup(v4),b_setup_v4,setup,v4,validation,2025-08-26,2024-12-23,True,41.11000061035156,2.0,1.0,bear,-17.480578442870232,2.930228654728384,6.162794246230008,-7.930232203283971,-21.162787149118824,10.262786510378819,-12.93023575183957,10.0,18.0,bear/crash-recovery,True
MRNA,2024-12-02,B确认(v5),b_confirm_v5,entry,v5,validation,2025-08-26,2024-12-31,True,44.2599983215332,1.0,1.0,bear,-18.295181962509034,3.7971850864590984,-4.865846775631011,-5.457020773446796,-31.17325881576287,7.805817855749808,-14.870397870847253,5.0,13.0,confirmed,True
AAOI,2024-12-05,S卖,s_sell,exit,v5沿用v4,validation,2025-08-26,2025-01-06,True,34.47999954223633,1.0,7.0,bull,53.93319131285024,-11.882511808499551,-13.51135185636203,-9.399199962759596,-58.477970964093664,10.253671760637072,-16.341790960094606,1.0,8.0,major-top,False
TSLA,2024-12-18,S卖,s_sell,exit,v5沿用v4,validation,2025-08-26,2025-01-21,True,440.1300048828125,0.0,7.0,bull,21.07133325241568,0.49791979633697636,-9.170576700368283,-6.154288142447428,-47.80472734758027,2.9764498415771223,-17.447108853231175,5.0,9.0,major-top,False
SNOW,2024-12-23,S卖,s_sell,exit,v5沿用v4,validation,2025-08-26,2025-01-24,True,161.44000244140625,0.0,2.0,bull,17.04821636753455,-4.567366656528716,-0.4758987997142472,7.6143336421870655,0.8467213172729471,9.888751358602764,-5.364652515979051,19.0,4.0,major-top,False
MRNA,2024-12-31,B买Setup(v4),b_setup_v4,setup,v4,validation,2025-08-26,2025-01-31,True,41.58000183105469,3.0,1.0,bear,-15.793447167409235,2.298572010590405,-20.000005423740085,-6.587683752924411,-32.81990552387137,15.924164181313106,-24.312796311350525,4.0,7.0,bear/crash-recovery,True
TQQQ,2024-12-31,S卖,s_sell,exit,v5沿用v4,validation,2025-08-26,2025-01-31,True,39.0847282409668,1.0,2.0,bull,7.979545826894352,0.1738223102016434,-1.6265310696494617,2.7067139615314817,-28.645338157553535,10.392343179811792,-8.939678490609237,13.0,7.0,major-top,True
MRNA,2025-01-02,B确认(v5),b_confirm_v5,entry,v5,validation,2025-08-26,2025-02-03,True,42.0,1.0,1.0,bear,-15.43216204168678,0.0,-19.384612134222444,-13.491126066128878,-35.71597669251572,15.786977914663458,-24.40236559986363,3.0,6.0,confirmed,True
NFLX,2025-01-02,S卖,s_sell,exit,v5沿用v4,validation,2025-08-26,2025-02-03,True,88.6729965209961,0.0,1.0,bull,9.179159777140367,-6.207389884912862,-3.9221679291917555,9.607776373232003,3.946786869511243,11.853814748368286,-7.793944765758731,12.0,7.0,major-top,True
NVDA,2025-01-03,B买Setup(v4),b_setup_v4,setup,v4,validation,2025-08-26,2025-02-04,True,144.2545623779297,1.0,2.0,bull,4.161942809345298,-10.337172609611633,-5.222435865453711,-20.149408308712115,-25.681305709144354,3.0553939885000547,-23.945082033470875,2.0,19.0,stage,True
NVDA,2025-01-06,B确认(v5),b_confirm_v5,entry,v5,validation,2025-08-26,2025-02-05,True,149.2071533203125,1.0,2.0,bull,4.006097182094082,-13.899248182275304,-3.8946628596140065,-18.427764994412964,-33.470977044404584,0.06535065301793708,-26.151735094462857,1.0,18.0,confirmed,True
MRNA,2025-01-13,绝反,juefan,entry,v5沿用v4,validation,2025-08-26,2025-02-11,True,35.150001525878906,1.0,2.0,bear,-13.617132921522712,2.1052569890351647,27.852053131839185,-12.005692852093286,-24.12518088609933,29.16073842117337,-12.660030070448725,8.0,20.0,juefan,True
TEM,2025-01-15,绝反,juefan,entry,v5沿用v4,validation,2025-08-26,2025-02-13,True,34.91999816894531,2.0,1.0,bear,-9.505111032622192,53.1843612326587,59.74860292037458,133.93855247153493,17.6536308086892,140.22346880659114,-8.100552438502662,20.0,1.0,juefan,False
YINN,2025-01-24,B买Setup(v4),b_setup_v4,setup,v4,validation,2025-08-26,2025-02-24,True,29.790000915527344,1.0,1.0,bull,-12.425141238235804,1.8252915918254065,9.745755651981236,31.71447016118463,1.7275057823498807,53.03129170770864,-4.595827357844707,19.0,6.0,stage,False
YINN,2025-01-27,B确认(v5),b_confirm_v5,entry,v5,validation,2025-08-26,2025-02-25,True,30.540000915527344,2.0,2.0,bull,-12.34810103114523,1.4856350016158038,19.742487162391754,37.636174865012116,6.70187757655778,55.00164854360177,-3.367449412128598,18.0,5.0,confirmed,False
NVDA,2025-01-28,绝反,juefan,entry,v5沿用v4,validation,2025-08-26,2025-02-26,True,128.79762268066406,2.0,2.0,bull,0.6584120661742299,-6.205539013891248,4.980250023487809,3.77865892957594,-15.857879065385683,13.391305018450828,-10.664030348173092,14.0,4.0,juefan,False
MRNA,2025-02-14,绝反,juefan,entry,v5沿用v4,validation,2025-08-26,2025-03-17,True,32.9900016784668,4.0,1.0,bear,-10.27239814071611,2.571867801634342,-8.41149423138119,5.022692543819107,-22.87443158989545,15.340392774166812,-11.195155646000243,18.0,11.0,juefan,False
YINN,2025-02-24,S卖,s_sell,exit,v5沿用v4,validation,2025-08-26,2025-03-24,True,40.40999984741211,0.0,4.0,bull,5.1626704377769395,-8.365105810576823,1.8350821605442214,6.839854168738713,-7.411822398019119,26.596759034587002,-9.72354171920664,16.0,5.0,major-top,True
SNOW,2025-02-27,B买Setup(v4),b_setup_v4,setup,v4,validation,2025-08-26,2025-03-27,True,173.69000244140625,5.0,1.0,bull,9.95007160110295,-9.190256159262622,-12.904724237499599,-8.748475939400535,16.287859368300506,5.185141098785384,-15.131081185841111,2.0,8.0,base-bull,True
AAOI,2025-03-12,绝反,juefan,entry,v5沿用v4,validation,2025-08-26,2025-04-09,True,17.299999237060547,4.0,1.0,bear,-13.161594924917331,24.95564371043042,15.257243920678665,-17.97752802652015,-0.47309239756319066,40.153760950899596,-41.18864704575267,3.0,18.0,juefan,True
TSLA,2025-03-12,绝反,juefan,entry,v5沿用v4,validation,2025-08-26,2025-04-09,True,248.08999633789065,4.0,1.0,bear,-4.520881972197122,-4.94499013863956,9.644135011839051,9.70056295109758,18.945717503139935,17.619796219869222,-13.654134613350543,11.0,18.0,juefan,False
AAOI,2025-03-14,B买Setup(v4),b_setup_v4,setup,v4,validation,2025-08-26,2025-04-11,True,22.11000061035156,4.0,1.0,bull,-14.602853278689897,-8.323982745962388,-26.497647417894143,-49.38299389631315,-26.228401854951123,6.349566637720505,-55.37357072955464,1.0,16.0,base-bull,True
NFLX,2025-03-17,B买Setup(v4),b_setup_v4,setup,v4,validation,2025-08-26,2025-04-14,True,95.0019989013672,1.0,1.0,bull,2.145479564099051,3.4031888271899957,-0.7946826042012911,-0.9276613276055556,29.77446698127908,6.244683772959614,-12.648935520902594,6.0,15.0,stage,True
MSFT,2025-03-21,B买Setup(v4),b_setup_v4,setup,v4,validation,2025-08-26,2025-04-21,True,391.260009765625,2.0,1.0,bear,-3.6599044188771135,-4.198281830996075,-8.993423901747288,-9.175518295226626,20.900358099163906,0.24278995192130726,-12.799693002729828,2.0,11.0,bear/crash-recovery,True
MSFT,2025-03-24,B确认(v5),b_confirm_v5,entry,v5,validation,2025-08-26,2025-04-22,True,393.0799865722656,1.0,1.0,bear,-3.7754581283488076,-4.70400034211419,-9.154149788529898,-6.8795707706501785,21.913072162929392,0.619407961173768,-12.472076362737416,1.0,10.0,confirmed,True
NFLX,2025-03-24,B确认(v5),b_confirm_v5,entry,v5,validation,2025-08-26,2025-04-22,True,97.1989974975586,1.0,1.0,bull,1.3047087071076158,-4.6668326937546745,-11.281158449976736,6.354654294866724,24.955524837337784,8.872600936526908,-16.058394217515204,20.0,10.0,confirmed,False
TSLA,2025-03-24,B买Setup(v4),b_setup_v4,setup,v4,validation,2025-08-26,2025-04-22,True,278.3900146484375,1.0,1.0,bear,-11.621313091106622,-8.617772184562478,-17.73977846778303,-16.08956413990953,13.557821178402474,2.9090267357006594,-24.453457197106854,3.0,10.0,bear/crash-recovery,True
TSLA,2025-03-25,B确认(v5),b_confirm_v5,entry,v5,validation,2025-08-26,2025-04-23,True,288.1400146484375,1.0,1.0,bull,-12.22748855437481,-5.02370764277138,-21.509942073176326,-11.292718373803712,13.974386007303007,3.2512567474498155,-24.20222273253998,2.0,9.0,confirmed,True
AAOI,2025-04-07,绝反,juefan,entry,v5沿用v4,validation,2025-08-26,2025-05-06,True,11.229999542236328,3.0,1.0,bear,-20.23061699191595,-6.755073425020441,-9.241606381247303,15.540821095829926,137.54662945874375,27.89059960071356,-19.51097571280338,18.0,9.0,juefan,False
NVDA,2025-04-07,绝反,juefan,entry,v5沿用v4,validation,2025-08-26,2025-05-06,True,97.50335693359376,3.0,1.0,bear,-6.2455758905193175,6.646762547809737,-4.739425400673003,9.372906957797401,53.50261982370166,11.164643310592371,-9.006838160114249,18.0,1.0,juefan,False
TQQQ,2025-04-07,绝反,juefan,entry,v5沿用v4,validation,2025-08-26,2025-05-06,True,20.434749603271484,3.0,1.0,bear,-10.55031213984251,9.275163436490486,-0.727033772955632,25.005508134069785,87.37030685654372,32.60629122425247,-18.263937050014476,18.0,1.0,juefan,False
NVDA,2025-04-09,B买Setup(v4),b_setup_v4,setup,v4,validation,2025-08-26,2025-05-08,True,114.16999816894533,3.0,1.0,bear,-6.395074545512025,-4.461915466675848,-2.68812585158108,7.314624483070387,46.302551378367404,8.512391312621892,-13.10231052561408,20.0,7.0,bear/crash-recovery,False
SNOW,2025-04-09,B买Setup(v4),b_setup_v4,setup,v4,validation,2025-08-26,2025-05-08,True,151.14999389648438,2.0,1.0,bull,-2.3365370882966863,-1.4637424411098277,7.0219248985560645,17.349073336056065,50.75885328836425,19.001685105528043,-8.68195763727867,20.0,7.0,stage,False
TQQQ,2025-04-09,B买Setup(v4),b_setup_v4,setup,v4,validation,2025-08-26,2025-05-08,True,26.062355041503903,6.0,1.0,bear,-10.82710997234162,-6.963839311646536,7.1076444259606575,21.425650929638685,71.04029338525011,24.71241889107496,-17.337708603803193,20.0,7.0,bear/crash-recovery,False
YINN,2025-04-09,绝反,juefan,entry,v5沿用v4,validation,2025-08-26,2025-05-08,True,26.799999237060547,4.0,1.0,bear,13.626062016388119,4.200151793747198,20.416370457551224,28.780129299850476,48.13733607198325,34.66033623812741,-7.706350502838555,18.0,1.0,juefan,False
YINN,2025-04-14,B买Setup(v4),b_setup_v4,setup,v4,validation,2025-08-26,2025-05-13,True,31.1200008392334,1.0,0.0,bull,10.912883090414315,1.134149278025931,4.2449693217256,21.289693988600924,29.001946163077207,25.30783345472132,-10.1425826513604,19.0,4.0,bear/crash-recovery,False
TEM,2025-04-23,B买Setup(v4),b_setup_v4,setup,v4,validation,2025-08-26,2025-05-21,True,49.54999923706055,2.0,1.0,bear,3.2763477059146506,2.5198345329698,16.58729472728624,15.357138153647231,15.099199534243635,42.79761714639763,-3.351196308705273,15.0,10.0,bear/crash-recovery,False
AAOI,2025-04-24,B买Setup(v4),b_setup_v4,setup,v4,validation,2025-08-26,2025-05-22,True,12.789999961853027,2.0,1.0,bear,-24.884164724556022,16.561015622349196,16.957213650782442,39.54041814614024,108.79556751519246,67.6703648121681,-5.982568314480385,13.0,4.0,bear/crash-recovery,False
MRNA,2025-04-24,B买Setup(v4),b_setup_v4,setup,v4,validation,2025-08-26,2025-05-22,True,27.38999938964844,1.0,0.0,bear,-12.279003348973895,0.7830014698390064,-9.097690387105018,-0.37285750412974217,22.035793865249875,12.97538993972438,-13.665171699781897,18.0,15.0,bear/crash-recovery,True
TEM,2025-04-24,B确认(v5),b_confirm_v5,entry,v5,validation,2025-08-26,2025-05-22,True,53.5,2.0,1.0,bull,2.773202927161189,-2.5559117341695803,22.570949714102028,11.351251680983188,14.790458338644473,35.25653534864441,-8.455178776030593,14.0,9.0,confirmed,False
MRNA,2025-04-28,B确认(v5),b_confirm_v5,entry,v5,validation,2025-08-26,2025-05-27,True,27.459999084472656,1.0,2.0,bear,-12.8768238259367,1.365374104921191,-6.426358564873813,-2.566903039465762,23.83032271102541,10.322224899771303,-15.69269776805835,16.0,13.0,confirmed,True
AAOI,2025-05-01,B确认(v5),b_confirm_v5,entry,v5,validation,2025-08-26,2025-05-30,True,14.710000038146973,2.0,1.0,bear,-24.308565277757253,-3.213113253233868,23.737710421202607,1.1147545986488039,58.09836465804301,38.7540973600794,-17.65901534283748,8.0,6.0,confirmed,False
TSLA,2025-06-12,S卖,s_sell,exit,v5沿用v4,validation,2025-08-26,2025-07-14,True,319.1099853515625,1.0,0.0,bull,6.923056602422273,2.6085302447889314,3.076728230261372,0.9332078429115986,,13.877124296850107,-8.026248402412516,6.0,15.0,major-top,True
TEM,2025-07-16,B买Setup(v4),b_setup_v4,setup,v4,validation,2025-08-26,2025-08-13,True,59.970001220703125,4.0,1.0,bull,9.652237533497132,6.660087396148939,-4.9333990005756885,14.504186286699984,,18.1549035545312,-12.201943456790632,20.0,12.0,base-bull,False
TEM,2025-07-22,B确认(v5),b_confirm_v5,entry,v5,validation,2025-08-26,2025-08-19,True,61.08000183105469,2.0,0.0,bull,9.579179558004757,-4.638035312020705,-5.537829564880492,19.558285204179437,,29.22699037017511,-12.654397726546529,19.0,8.0,confirmed,False
SNOW,2025-07-23,S卖,s_sell,exit,v5沿用v4,validation,2025-08-26,2025-08-20,True,212.55999755859375,1.0,1.0,bull,13.659839402073072,2.689853349596305,-1.850730186176286,-9.188379077810282,,6.880802826720833,-12.358395965550727,6.0,14.0,major-top,False
AAOI,2025-07-25,S卖,s_sell,exit,v5沿用v4,validation,2025-08-26,2025-08-22,True,27.1299991607666,2.0,1.0,bull,32.48106301006288,-21.73754813697939,-21.51944757193689,-9.887311125860531,,0.2908030644873216,-27.717193517122418,1.0,11.0,major-top,False
MRNA,2025-08-01,S卖,s_sell,exit,v5沿用v4,validation,2025-08-26,,False,27.604999542236328,1.0,2.0,bear,7.406941660122124,-6.764228419420371,0.01785139469636654,,,,,,,bear-rally,
NFLX,2025-08-08,B买Setup(v4),b_setup_v4,setup,v4,validation,2025-08-26,,False,121.16400146484376,1.0,1.0,bull,3.014110415308968,2.0543452248679595,-0.7710024061931553,,,,,,,stage,
NFLX,2025-08-11,B确认(v5),b_confirm_v5,entry,v5,validation,2025-08-26,,False,121.83100128173828,1.0,0.0,bull,2.696771870372494,1.6400021922831742,-0.5657149334343248,,,,,,,confirmed,
TQQQ,2025-08-22,S卖,s_sell,exit,v5沿用v4,validation,2025-08-26,,False,44.898475646972656,2.0,1.0,bull,11.350767878814171,,,,,,,,,major-top,
AAOI,2025-09-10,B买Setup(v4),b_setup_v4,setup,v4,test,2026-08-27,2025-10-08,True,27.719999313354492,5.0,1.0,bull,10.093429812693767,7.751367101702544,-2.4131621141010084,17.806218542259835,-4.05850308910275,26.581347162761414,-9.360144169053985,19.0,11.0,base-bull,False
AAOI,2025-09-15,B确认(v5),b_confirm_v5,entry,v5,test,2026-08-27,2025-10-13,True,29.559999465942383,1.0,3.0,bull,11.512056382585811,2.8282832693932614,-12.659933105367715,-2.0202032527164904,2.289556836226314,18.518518042811174,-16.531985593545684,19.0,8.0,confirmed,True
MRNA,2025-09-22,B买Setup(v4),b_setup_v4,setup,v4,test,2026-08-27,2025-10-20,True,26.559999465942383,1.0,1.0,bear,-2.4066853690884127,-5.202093657815798,3.068868350468179,1.9461095476292822,11.863773045494064,10.217071555913272,-10.516465337399772,12.0,4.0,bear/crash-recovery,False
GOOGL,2025-10-10,S卖,s_sell,exit,v5沿用v4,test,2026-08-27,2025-11-07,True,236.57000732421875,0.0,2.0,bull,12.082388217815065,5.449396766173509,8.205322910358737,16.077589933379286,34.04104824403238,21.389612500709077,-0.2081511952146009,14.0,1.0,major-top,True
YINN,2025-10-10,S卖,s_sell,exit,v5沿用v4,test,2026-08-27,2025-11-07,True,43.41999816894531,1.0,2.0,bull,9.399726900899541,1.7065550631512938,5.619148399188667,0.1664970495836915,-5.0364166646620685,10.780437851038482,-5.494275612000898,13.0,2.0,major-top,True
TEM,2025-10-30,S卖,s_sell,exit,v5沿用v4,test,2026-08-27,2025-11-28,True,86.2699966430664,0.0,3.0,bull,14.962178961830318,-18.005007007206796,-22.725200345370688,-11.362600172685344,-26.558233576452317,2.9686085813334984,-26.979073833831578,2.0,13.0,major-top,False
MRNA,2025-11-11,B买Setup(v4),b_setup_v4,setup,v4,test,2026-08-27,2025-12-10,True,26.40999984741211,1.0,0.0,bear,-4.1515736010058095,-4.392865660092992,-5.045081554245057,11.375407987096331,60.943793989667604,11.720699185039308,-14.521387952655019,20.0,8.0,bear/crash-recovery,False
MRNA,2025-11-12,B确认(v5),b_confirm_v5,entry,v5,test,2026-08-27,2025-12-11,True,26.709999084472656,1.0,0.0,bear,-3.928036064316809,-7.391804902565225,-4.2129465942395194,13.481418874496342,60.838751245511055,13.672920763582287,-14.668708671678898,20.0,7.0,confirmed,False
TQQQ,2025-11-17,S卖,s_sell,exit,v5沿用v4,test,2026-08-27,2025-12-16,True,50.74430084228515,1.0,2.0,bull,7.339064930016148,2.190659707322906,10.633192569366233,4.691414799770155,-2.8790714460685707,14.214267582395546,-9.492849909200519,16.0,4.0,major-top,True
AAOI,2025-11-21,绝反,juefan,entry,v5沿用v4,test,2026-08-27,2025-12-22,True,20.579999923706055,3.0,1.0,bear,5.640011324200178,27.48679177077573,33.78183982248917,87.86642106688159,148.3421510402016,90.29312585485837,-0.8649702537012027,20.0,1.0,juefan,False
MRNA,2025-11-21,绝反,juefan,entry,v5沿用v4,test,2026-08-27,2025-12-22,True,23.719999313354492,4.0,1.0,bear,-1.9206299800512916,1.6835000617720919,17.718851194938658,46.88552689261203,109.89056587324657,51.094281060822986,-0.9048827883702759,20.0,1.0,juefan,False
SNOW,2025-11-21,S卖,s_sell,exit,v5沿用v4,test,2026-08-27,2025-12-22,True,234.02999877929688,1.0,2.0,bull,9.250094051102487,6.015987898759434,-5.212452481581764,-4.568784497172807,-27.4295320931111,12.835504795348962,-10.849808000522799,6.0,15.0,major-top,False
AAOI,2025-12-12,S卖,s_sell,exit,v5沿用v4,test,2026-08-27,2026-01-13,True,32.060001373291016,1.0,7.0,bull,0.22034529200207764,-7.007127639452215,9.115200911540477,1.4845605566196074,215.2909782637011,24.58431919320512,-20.42755643044917,7.0,3.0,major-top,True
YINN,2025-12-19,B买Setup(v4),b_setup_v4,setup,v4,test,2026-08-27,2026-01-21,True,43.939998626708984,2.0,0.0,bull,-3.954755067225868,-1.0502262385507888,9.703196516049118,3.744290909166925,-22.077621774849764,15.205479368540441,-3.378994447525141,14.0,7.0,stage,False
YINN,2025-12-26,B确认(v5),b_confirm_v5,entry,v5,test,2026-08-27,2026-01-27,True,44.90999984741211,1.0,1.0,bull,-5.029342301377193,12.914612785778123,18.4192005180307,11.644321238262801,-21.665489174595855,18.701484537373947,-0.4469504450973827,10.0,3.0,confirmed,False
TEM,2026-01-02,绝反,juefan,entry,v5沿用v4,test,2026-08-27,2026-02-02,True,62.36000061035156,5.0,1.0,bear,-7.092752135628533,3.127909181476163,9.445999833544816,-8.885780749064997,-29.629630069359102,18.783067683745113,-10.504207267823206,6.0,20.0,juefan,True
SNOW,2026-01-05,B买Setup(v4),b_setup_v4,setup,v4,test,2026-08-27,2026-02-03,True,224.36000061035156,4.0,1.0,bull,-0.9051226242072552,-2.314856417163247,-8.554320747730737,-23.17516386112458,-32.0975631409368,4.793790491615857,-25.068295768517878,3.0,20.0,stage,True
TSLA,2026-01-05,S卖,s_sell,exit,v5沿用v4,test,2026-08-27,2026-02-03,True,451.6700134277344,2.0,1.0,bull,2.7508683749134955,0.5779798700757066,-6.07778228998741,-5.470678157760522,-14.58846597178638,1.774269192957112,-7.3233572480443705,5.0,20.0,major-top,False
MRNA,2026-01-06,B买Setup(v4),b_setup_v4,setup,v4,test,2026-08-27,2026-02-04,True,35.65999984741211,4.0,1.0,bull,6.418802667755985,14.782604272814769,44.37681557475657,23.971015819604837,42.608697863592624,60.0000022114187,-6.173916139464453,11.0,4.0,base-bull,False
SNOW,2026-01-06,B确认(v5),b_confirm_v5,entry,v5,test,2026-08-27,2026-02-04,True,234.52999877929688,2.0,1.0,bull,-1.0430082714769418,-10.517094277928019,-11.752136752136755,-29.363250732421875,-35.1068349984976,0.9871784438434839,-31.82905800322182,2.0,20.0,confirmed,True
MRNA,2026-01-13,B确认(v5),b_confirm_v5,entry,v5,test,2026-08-27,2026-02-11,True,39.599998474121094,3.0,2.0,bull,7.681888913385326,25.371260878920477,14.019631912914665,1.9632489007901155,28.265793283732354,38.93783387602916,-7.739745276539633,6.0,20.0,confirmed,False
AAOI,2026-01-28,B买Setup(v4),b_setup_v4,setup,v4,test,2026-08-27,2026-02-26,True,45.22999954223633,4.0,1.0,bull,4.97123767963743,-7.0579985039775694,12.741675242997008,25.064053680511943,277.75447709324516,38.01537288332286,-13.771252519806144,19.0,6.0,base-bull,False
SNOW,2026-02-10,B买Setup(v4),b_setup_v4,setup,v4,test,2026-08-27,2026-03-11,True,182.5800018310547,2.0,0.0,bear,-8.994931650366954,-6.140727024339377,-9.802771210732807,-4.355017676932393,-18.059703507748214,0.47974086737918586,-17.577294792474774,1.0,9.0,bear/crash-recovery,True
TSLA,2026-02-10,B买Setup(v4),b_setup_v4,setup,v4,test,2026-08-27,2026-03-11,True,425.2099914550781,1.0,0.0,bull,-1.3496409613157123,-3.888210221306654,-2.4675198077954485,-4.706043680013828,-3.778386585899718,1.9604670567244353,-10.87952109735497,1.0,18.0,stage,True
TSLA,2026-02-11,B确认(v5),b_confirm_v5,entry,v5,test,2026-08-27,2026-03-12,True,428.2699890136719,1.0,0.0,bull,-1.3193518651979153,-4.320240963342725,-5.047641607453002,-8.201250064715982,-0.4531679629959151,1.3781137256765552,-11.364163440323338,1.0,17.0,confirmed,True
TEM,2026-02-19,B买Setup(v4),b_setup_v4,setup,v4,test,2026-08-27,2026-03-19,True,59.959999084472656,2.0,1.0,bear,-8.81175190604181,-10.455722542055524,-14.269556688169649,-21.23464635235608,-29.007757681162204,0.193921993880819,-24.434393157069422,1.0,20.0,bear/crash-recovery,True
YINN,2026-02-20,绝反,juefan,entry,v5沿用v4,test,2026-08-27,2026-03-20,True,42.7400016784668,3.0,1.0,bear,-2.917412798521113,-12.664355379497716,-23.0680515616852,-27.981544608376208,-24.821219608477406,0.8535242436119361,-28.4659715792284,1.0,20.0,juefan,True
NFLX,2026-02-25,绝反,juefan,entry,v5沿用v4,test,2026-08-27,2026-03-25,True,82.69999694824219,2.0,1.0,bear,-10.090616504542105,18.58173952035682,14.050484218981962,10.913464139551898,7.3317383741136055,20.4206804283098,-0.4807619124471918,6.0,1.0,juefan,False
SNOW,2026-02-25,绝反,juefan,entry,v5沿用v4,test,2026-08-27,2026-03-25,True,169.2100067138672,3.0,1.0,bear,-11.60775109237031,-5.705003247751628,0.5548028585687037,-9.992155114943724,-7.229325811912258,3.530600182448751,-12.088100778468448,11.0,4.0,juefan,True
GOOGL,2026-03-09,B买Setup(v4),b_setup_v4,setup,v4,test,2026-08-27,2026-04-07,True,306.3599853515625,3.0,0.0,bull,0.41491257295378503,-0.19924089309438786,-1.342396606096996,-0.23190447839982475,17.251845213479,2.057676296393973,-11.12454733723004,7.0,15.0,stage,True
GOOGL,2026-03-11,B确认(v5),b_confirm_v5,entry,v5,test,2026-08-27,2026-04-09,True,308.70001220703125,1.0,0.0,bull,-0.015692014349311112,0.28355227704175423,-5.178936923642796,3.8035273553150395,20.112766436990782,4.973593274157495,-11.312828741307579,19.0,13.0,confirmed,False
YINN,2026-03-16,B买Setup(v4),b_setup_v4,setup,v4,test,2026-08-27,2026-04-14,True,36.15999984741211,1.0,1.0,bear,-5.418872068883518,-13.30787427622695,-16.93482245584542,-3.463312534719265,-22.25251799159872,0.35451615654926716,-18.380142351568008,1.0,9.0,bear/crash-recovery,True
MRNA,2026-03-27,S卖,s_sell,exit,v5沿用v4,test,2026-08-27,2026-04-27,True,49.560001373291016,1.0,4.0,bull,20.253727047721327,-1.8218395434250745,2.0231526593873506,-1.962754884943585,21.630597074812542,13.135383243269105,-5.10317038016348,16.0,1.0,major-top,False
NVDA,2026-04-06,B买Setup(v4),b_setup_v4,setup,v4,test,2026-08-27,2026-05-04,True,177.43319702148438,1.0,0.0,bear,-1.0817039578549181,7.727767651943274,14.98321436544292,12.9459959301218,12.564894400818805,23.388157102079266,-1.1779389493863701,15.0,1.0,bear/crash-recovery,False
NVDA,2026-04-07,B确认(v5),b_confirm_v5,entry,v5,test,2026-08-27,2026-05-05,True,177.89266967773438,1.0,0.0,bear,-1.1235157938669915,6.509481069169731,8.336045788662872,6.504057678910113,5.72198824350536,17.523030551298604,-2.2764211101583554,14.0,1.0,confirmed,False
TQQQ,2026-04-08,B买Setup(v4),b_setup_v4,setup,v4,test,2026-08-27,2026-05-06,True,47.88973617553711,1.0,1.0,bear,-5.932602195525128,15.889211893137345,25.385249749242323,49.0420670445302,59.50843446585834,49.22949721616059,-1.4785486832661343,20.0,1.0,bear/crash-recovery,False
TQQQ,2026-04-09,B确认(v5),b_confirm_v5,entry,v5,test,2026-08-27,2026-05-07,True,48.847530364990234,1.0,1.0,bear,-5.9509041586725875,14.323345281879263,19.975690398948885,44.529979969289776,46.66999812123534,48.500820250149744,-1.8233397760285763,20.0,2.0,confirmed,False
MSFT,2026-04-13,B买Setup(v4),b_setup_v4,setup,v4,test,2026-08-27,2026-05-11,True,384.3699951171875,1.0,1.0,bear,-7.863841209582823,7.772219234082112,9.512268668592005,6.3776008914228965,-0.9177221986344075,11.801401627819153,-0.36090543555400423,7.0,1.0,bear/crash-recovery,False
SNOW,2026-04-13,绝反,juefan,entry,v5沿用v4,test,2026-08-27,2026-05-11,True,134.24000549316406,6.0,1.0,bear,-11.130087598673732,10.374173934742315,5.832719567308664,11.151868384383112,96.2509055357833,15.187084728370603,-2.4064553968141444,18.0,13.0,juefan,False
MSFT,2026-04-14,B确认(v5),b_confirm_v5,entry,v5,test,2026-08-27,2026-05-12,True,393.1099853515625,1.0,1.0,bear,-7.837622050910332,6.5728652417360145,7.851758793969843,2.454771108962772,-3.241204496604111,8.969852313324456,-0.3190927170029889,6.0,1.0,confirmed,False
TEM,2026-04-14,B买Setup(v4),b_setup_v4,setup,v4,test,2026-08-27,2026-05-12,True,49.529998779296875,2.0,1.0,bear,-10.362271873618823,9.533273480087434,1.4895730342186386,-6.752726542641652,15.650449467571281,15.273093693058915,-9.18570037768156,2.0,20.0,bear/crash-recovery,True
SNOW,2026-04-15,B买Setup(v4),b_setup_v4,setup,v4,test,2026-08-27,2026-05-13,True,144.47999572753906,1.0,0.0,bear,-11.645054588543768,4.122885691134992,-5.481562305511978,1.9811199936599522,79.80723332557848,5.07997868406147,-10.969813926726356,16.0,11.0,bear/crash-recovery,False
TEM,2026-04-15,B确认(v5),b_confirm_v5,entry,v5,test,2026-08-27,2026-05-13,True,56.40999984741211,3.0,1.0,bear,-10.406352695339438,-4.235317561618402,-13.706546491692729,-20.81428205805039,-3.510738966712923,0.12938973991549751,-21.935651029270666,1.0,20.0,confirmed,True
NFLX,2026-04-17,S卖,s_sell,exit,v5沿用v4,test,2026-08-27,2026-05-15,True,97.30999755859376,1.0,7.0,bear,2.7544138067199686,-4.838374488133923,-5.229567493281262,-10.417956362124968,-24.15070952427104,0.47354240000301306,-12.394483211012219,1.0,16.0,bear-rally,False
TSLA,2026-04-17,B买Setup(v4),b_setup_v4,setup,v4,test,2026-08-27,2026-05-15,True,400.6199951171875,2.0,1.0,bull,-6.443140705296413,-6.527894991267658,-2.9211534701901853,4.883502488413005,-2.0169892662386224,12.623580162770033,-9.578220190951292,18.0,6.0,stage,False
SNOW,2026-04-20,B确认(v5),b_confirm_v5,entry,v5,test,2026-08-27,2026-05-18,True,150.44000244140625,1.0,0.0,bear,-12.078235222351385,-4.848288791292587,-4.874669585832603,8.337730132423339,78.11344204649744,9.023741507266347,-12.255937389849358,20.0,8.0,confirmed,False
GOOGL,2026-06-01,S卖,s_sell,exit,v5沿用v4,test,2026-08-27,2026-06-30,True,376.3699951171875,0.0,2.0,bull,8.458740431058853,-0.8947322109340017,0.7528873655027635,-2.515071691210291,-6.707765237332253,2.566901376500197,-9.926616791069842,11.0,18.0,major-top,False
TSLA,2026-06-05,S卖,s_sell,exit,v5沿用v4,test,2026-08-27,2026-07-07,True,391.0,1.0,2.0,bear,1.5543574766066603,2.5483830256871176,2.2001870956370517,1.6577113886942385,,9.217066590200119,-6.996689982652571,17.0,14.0,bear-rally,False
NVDA,2026-06-08,S卖,s_sell,exit,v5沿用v4,test,2026-08-27,2026-07-08,True,208.63999938964844,1.0,1.0,bull,5.925861889316164,0.8688642453136941,-5.023265633050677,-3.0861267451760432,,1.6000429465880206,-9.885097591919322,9.0,14.0,major-top,False
MSFT,2026-06-09,S卖,s_sell,exit,v5沿用v4,test,2026-08-27,2026-07-09,True,403.4100036621094,0.0,2.0,bear,1.8091804938280331,-1.1842934049103304,-8.302596249251303,-3.560407195088755,,1.6284082174716996,-12.382380403326687,1.0,11.0,bear-rally,False
TQQQ,2026-06-09,S卖,s_sell,exit,v5沿用v4,test,2026-08-27,2026-07-09,True,73.55065155029297,1.0,2.0,bull,19.30922341016259,11.509493993250919,2.4955000111159586,6.746327008661979,,18.73605610405573,-3.7388396955437386,8.0,1.0,major-top,True
MSFT,2026-06-26,绝反,juefan,entry,v5沿用v4,test,2026-08-27,2026-07-27,True,372.9700012207031,5.0,1.0,bear,0.9084955659734995,2.4476795322847744,3.57350734685431,3.0728492989445355,,7.5470172806291425,-4.662253272454475,13.0,1.0,juefan,False
SNOW,2026-06-26,B买Setup(v4),b_setup_v4,setup,v4,test,2026-08-27,2026-07-27,True,248.9600067138672,5.0,1.0,bull,14.944145393976726,4.434965463127893,7.0489268048141485,8.750400911052324,,11.3683386823608,-1.9724306959694404,16.0,2.0,base-bull,False
SNOW,2026-06-29,B确认(v5),b_confirm_v5,entry,v5,test,2026-08-27,2026-07-28,True,251.6499938964844,2.0,1.0,bull,14.925292066084705,5.180138920949506,10.464371125020477,8.230577281275986,,11.885503130464548,-1.5172171731865913,15.0,1.0,confirmed,False
MSFT,2026-07-02,B买Setup(v4),b_setup_v4,setup,v4,test,2026-08-27,2026-07-31,True,390.489990234375,1.0,0.0,bear,0.4218022684154832,-0.5012408016162762,1.7517565702797055,20.070274638484896,,20.61802036770748,-3.5371026610075407,20.0,4.0,bear/crash-recovery,False
NFLX,2026-07-02,B买Setup(v4),b_setup_v4,setup,v4,test,2026-08-27,2026-07-31,True,77.6500015258789,1.0,1.0,bear,-6.254635708217182,-4.813179808433709,-10.547489218580964,-6.966791150773577,,1.4400630305957618,-15.56824041896342,2.0,10.0,bear/crash-recovery,True
NFLX,2026-07-17,绝反,juefan,entry,v5沿用v4,test,2026-08-27,2026-08-14,True,68.94999694824219,1.0,3.0,bear,-8.970917537539991,2.5907445125479045,4.961942922703577,14.402816175701204,,15.237124866231543,-2.3858273722174084,20.0,1.0,juefan,False
MRNA,2026-07-20,S卖,s_sell,exit,v5沿用v4,test,2026-08-27,2026-08-17,True,59.4900016784668,0.0,1.0,bull,10.88919989352588,-6.519908188291823,-7.343302058712242,8.317931276345437,,10.10755062005979,-11.510668236134835,20.0,10.0,major-top,True
TEM,2026-07-21,S卖,s_sell,exit,v5沿用v4,test,2026-08-27,2026-08-18,True,48.97999954223633,1.0,2.0,bear,4.830087430609176,-11.235257809749777,-2.6484637812938527,2.1311788542806243,,18.001234468507633,-15.64246034940826,16.0,5.0,bear-rally,True
AAOI,2026-07-30,B买Setup(v4),b_setup_v4,setup,v4,test,2026-08-27,2026-08-27,True,90.11000061035156,5.0,1.0,bull,-8.582051727033068,24.09590720704935,29.950053760174967,13.166833672413315,,60.82917876845413,-11.95804335980858,12.0,2.0,base-bull,False
AAOI,2026-07-30,绝反,juefan,entry,v5沿用v4,test,2026-08-27,2026-08-27,True,90.11000061035156,5.0,1.0,bull,-8.582051727033068,24.09590720704935,29.950053760174967,13.166833672413315,,60.82917876845413,-11.95804335980858,12.0,2.0,juefan,False
GOOGL,2026-07-31,B买Setup(v4),b_setup_v4,setup,v4,test,2026-08-27,,False,356.1300048828125,2.0,1.0,bull,0.24926353001160084,-3.0510395516818223,-5.34957385621091,,,,,,,stage,
AAOI,2026-08-03,B确认(v5),b_confirm_v5,entry,v5,test,2026-08-27,,False,110.20999908447266,1.0,1.0,bull,-10.085785149596283,3.2937979474005896,20.46665608866345,,,,,,,confirmed,
GOOGL,2026-08-03,B确认(v5),b_confirm_v5,entry,v5,test,2026-08-27,,False,373.510009765625,1.0,1.0,bull,-0.08785033032263634,-2.905874795382968,-6.577589794256222,,,,,,,confirmed,
TQQQ,2026-08-04,B买Setup(v4),b_setup_v4,setup,v4,test,2026-08-27,,False,74.81999969482422,1.0,0.0,bull,3.9690495824528993,-3.372573774862131,-4.0735376354870905,,,,,,,stage,
YINN,2026-08-04,S卖,s_sell,exit,v5沿用v4,test,2026-08-27,,False,31.90999984741211,0.0,5.0,bear,-7.193996914295841,-6.353163739491463,-11.149174262400797,,,,,,,bear-rally,
AAOI,2026-08-18,S卖,s_sell,exit,v5沿用v4,test,2026-08-27,,False,131.41000366210938,0.0,5.0,bull,-11.455885449138659,-16.709608802181187,,,,,,,,major-top,
TEM,2026-08-19,B买Setup(v4),b_setup_v4,setup,v4,test,2026-08-27,,False,61.25,5.0,1.0,bull,-0.2979964079335984,10.755298930848301,,,,,,,,base-bull,
TEM,2026-08-20,B确认(v5),b_confirm_v5,entry,v5,test,2026-08-27,,False,66.6500015258789,2.0,3.0,bull,0.5648892358369739,7.759152569634797,,,,,,,,confirmed,
NVDA,2026-08-27,B买Setup(v4),b_setup_v4,setup,v4,test,2026-08-27,,False,227.97999572753903,5.0,1.0,bull,-0.08145638170923286,,,,,,,,,base-bull,
